-- College B demo data for Oracle
-- Assumes the schema created by college_b/app/oracle_repository.py already exists.
DELETE FROM OutboundRequestLog;
DELETE FROM EnrollmentLog;
DELETE FROM Enrollment;
DELETE FROM Course;
DELETE FROM Account;
DELETE FROM Student;

INSERT INTO Account ("账户名", "密码", "级别", "客体") VALUES ('b_student1', '123456', 1, 'B2024001');
INSERT INTO Account ("账户名", "密码", "级别", "客体") VALUES ('b_student2', '123456', 1, 'B2024002');
INSERT INTO Account ("账户名", "密码", "级别", "客体") VALUES ('bstu003', '123456', 1, 'B2024003');
INSERT INTO Account ("账户名", "密码", "级别", "客体") VALUES ('bstu004', '123456', 1, 'B2024004');
INSERT INTO Account ("账户名", "密码", "级别", "客体") VALUES ('bstu005', '123456', 1, 'B2024005');
INSERT INTO Account ("账户名", "密码", "级别", "客体") VALUES ('bstu006', '123456', 1, 'B2024006');
INSERT INTO Account ("账户名", "密码", "级别", "客体") VALUES ('bstu007', '123456', 1, 'B2024007');
INSERT INTO Account ("账户名", "密码", "级别", "客体") VALUES ('bstu008', '123456', 1, 'B2024008');
INSERT INTO Account ("账户名", "密码", "级别", "客体") VALUES ('bstu009', '123456', 1, 'B2024009');
INSERT INTO Account ("账户名", "密码", "级别", "客体") VALUES ('bstu010', '123456', 1, 'B2024010');
INSERT INTO Account ("账户名", "密码", "级别", "客体") VALUES ('bstu011', '123456', 1, 'B2024011');
INSERT INTO Account ("账户名", "密码", "级别", "客体") VALUES ('bstu012', '123456', 1, 'B2024012');
INSERT INTO Account ("账户名", "密码", "级别", "客体") VALUES ('bstu013', '123456', 1, 'B2024013');
INSERT INTO Account ("账户名", "密码", "级别", "客体") VALUES ('bstu014', '123456', 1, 'B2024014');
INSERT INTO Account ("账户名", "密码", "级别", "客体") VALUES ('bstu015', '123456', 1, 'B2024015');
INSERT INTO Account ("账户名", "密码", "级别", "客体") VALUES ('bstu016', '123456', 1, 'B2024016');
INSERT INTO Account ("账户名", "密码", "级别", "客体") VALUES ('bstu017', '123456', 1, 'B2024017');
INSERT INTO Account ("账户名", "密码", "级别", "客体") VALUES ('bstu018', '123456', 1, 'B2024018');
INSERT INTO Account ("账户名", "密码", "级别", "客体") VALUES ('bstu019', '123456', 1, 'B2024019');
INSERT INTO Account ("账户名", "密码", "级别", "客体") VALUES ('bstu020', '123456', 1, 'B2024020');
INSERT INTO Account ("账户名", "密码", "级别", "客体") VALUES ('bstu021', '123456', 1, 'B2024021');
INSERT INTO Account ("账户名", "密码", "级别", "客体") VALUES ('bstu022', '123456', 1, 'B2024022');
INSERT INTO Account ("账户名", "密码", "级别", "客体") VALUES ('bstu023', '123456', 1, 'B2024023');
INSERT INTO Account ("账户名", "密码", "级别", "客体") VALUES ('bstu024', '123456', 1, 'B2024024');
INSERT INTO Account ("账户名", "密码", "级别", "客体") VALUES ('bstu025', '123456', 1, 'B2024025');
INSERT INTO Account ("账户名", "密码", "级别", "客体") VALUES ('bstu026', '123456', 1, 'B2024026');
INSERT INTO Account ("账户名", "密码", "级别", "客体") VALUES ('bstu027', '123456', 1, 'B2024027');
INSERT INTO Account ("账户名", "密码", "级别", "客体") VALUES ('bstu028', '123456', 1, 'B2024028');
INSERT INTO Account ("账户名", "密码", "级别", "客体") VALUES ('bstu029', '123456', 1, 'B2024029');
INSERT INTO Account ("账户名", "密码", "级别", "客体") VALUES ('bstu030', '123456', 1, 'B2024030');
INSERT INTO Account ("账户名", "密码", "级别", "客体") VALUES ('bstu031', '123456', 1, 'B2024031');
INSERT INTO Account ("账户名", "密码", "级别", "客体") VALUES ('bstu032', '123456', 1, 'B2024032');
INSERT INTO Account ("账户名", "密码", "级别", "客体") VALUES ('bstu033', '123456', 1, 'B2024033');
INSERT INTO Account ("账户名", "密码", "级别", "客体") VALUES ('bstu034', '123456', 1, 'B2024034');
INSERT INTO Account ("账户名", "密码", "级别", "客体") VALUES ('bstu035', '123456', 1, 'B2024035');
INSERT INTO Account ("账户名", "密码", "级别", "客体") VALUES ('bstu036', '123456', 1, 'B2024036');
INSERT INTO Account ("账户名", "密码", "级别", "客体") VALUES ('bstu037', '123456', 1, 'B2024037');
INSERT INTO Account ("账户名", "密码", "级别", "客体") VALUES ('bstu038', '123456', 1, 'B2024038');
INSERT INTO Account ("账户名", "密码", "级别", "客体") VALUES ('bstu039', '123456', 1, 'B2024039');
INSERT INTO Account ("账户名", "密码", "级别", "客体") VALUES ('bstu040', '123456', 1, 'B2024040');
INSERT INTO Account ("账户名", "密码", "级别", "客体") VALUES ('bstu041', '123456', 1, 'B2024041');
INSERT INTO Account ("账户名", "密码", "级别", "客体") VALUES ('bstu042', '123456', 1, 'B2024042');
INSERT INTO Account ("账户名", "密码", "级别", "客体") VALUES ('bstu043', '123456', 1, 'B2024043');
INSERT INTO Account ("账户名", "密码", "级别", "客体") VALUES ('bstu044', '123456', 1, 'B2024044');
INSERT INTO Account ("账户名", "密码", "级别", "客体") VALUES ('bstu045', '123456', 1, 'B2024045');
INSERT INTO Account ("账户名", "密码", "级别", "客体") VALUES ('bstu046', '123456', 1, 'B2024046');
INSERT INTO Account ("账户名", "密码", "级别", "客体") VALUES ('bstu047', '123456', 1, 'B2024047');
INSERT INTO Account ("账户名", "密码", "级别", "客体") VALUES ('bstu048', '123456', 1, 'B2024048');
INSERT INTO Account ("账户名", "密码", "级别", "客体") VALUES ('bstu049', '123456', 1, 'B2024049');
INSERT INTO Account ("账户名", "密码", "级别", "客体") VALUES ('bstu050', '123456', 1, 'B2024050');
INSERT INTO Account ("账户名", "密码", "级别", "客体") VALUES ('b_admin', 'admin1', 9, NULL);

INSERT INTO Student ("学号", "姓名", "性别", "专业", "密码") VALUES ('B2024001', 'B学生01', '男', '计科', '123456');
INSERT INTO Student ("学号", "姓名", "性别", "专业", "密码") VALUES ('B2024002', 'B学生02', '女', '软工', '123456');
INSERT INTO Student ("学号", "姓名", "性别", "专业", "密码") VALUES ('B2024003', 'B学生03', '男', '数据', '123456');
INSERT INTO Student ("学号", "姓名", "性别", "专业", "密码") VALUES ('B2024004', 'B学生04', '女', '信管', '123456');
INSERT INTO Student ("学号", "姓名", "性别", "专业", "密码") VALUES ('B2024005', 'B学生05', '男', 'AI', '123456');
INSERT INTO Student ("学号", "姓名", "性别", "专业", "密码") VALUES ('B2024006', 'B学生06', '女', '计科', '123456');
INSERT INTO Student ("学号", "姓名", "性别", "专业", "密码") VALUES ('B2024007', 'B学生07', '男', '软工', '123456');
INSERT INTO Student ("学号", "姓名", "性别", "专业", "密码") VALUES ('B2024008', 'B学生08', '女', '数据', '123456');
INSERT INTO Student ("学号", "姓名", "性别", "专业", "密码") VALUES ('B2024009', 'B学生09', '男', '信管', '123456');
INSERT INTO Student ("学号", "姓名", "性别", "专业", "密码") VALUES ('B2024010', 'B学生10', '女', 'AI', '123456');
INSERT INTO Student ("学号", "姓名", "性别", "专业", "密码") VALUES ('B2024011', 'B学生11', '男', '计科', '123456');
INSERT INTO Student ("学号", "姓名", "性别", "专业", "密码") VALUES ('B2024012', 'B学生12', '女', '软工', '123456');
INSERT INTO Student ("学号", "姓名", "性别", "专业", "密码") VALUES ('B2024013', 'B学生13', '男', '数据', '123456');
INSERT INTO Student ("学号", "姓名", "性别", "专业", "密码") VALUES ('B2024014', 'B学生14', '女', '信管', '123456');
INSERT INTO Student ("学号", "姓名", "性别", "专业", "密码") VALUES ('B2024015', 'B学生15', '男', 'AI', '123456');
INSERT INTO Student ("学号", "姓名", "性别", "专业", "密码") VALUES ('B2024016', 'B学生16', '女', '计科', '123456');
INSERT INTO Student ("学号", "姓名", "性别", "专业", "密码") VALUES ('B2024017', 'B学生17', '男', '软工', '123456');
INSERT INTO Student ("学号", "姓名", "性别", "专业", "密码") VALUES ('B2024018', 'B学生18', '女', '数据', '123456');
INSERT INTO Student ("学号", "姓名", "性别", "专业", "密码") VALUES ('B2024019', 'B学生19', '男', '信管', '123456');
INSERT INTO Student ("学号", "姓名", "性别", "专业", "密码") VALUES ('B2024020', 'B学生20', '女', 'AI', '123456');
INSERT INTO Student ("学号", "姓名", "性别", "专业", "密码") VALUES ('B2024021', 'B学生21', '男', '计科', '123456');
INSERT INTO Student ("学号", "姓名", "性别", "专业", "密码") VALUES ('B2024022', 'B学生22', '女', '软工', '123456');
INSERT INTO Student ("学号", "姓名", "性别", "专业", "密码") VALUES ('B2024023', 'B学生23', '男', '数据', '123456');
INSERT INTO Student ("学号", "姓名", "性别", "专业", "密码") VALUES ('B2024024', 'B学生24', '女', '信管', '123456');
INSERT INTO Student ("学号", "姓名", "性别", "专业", "密码") VALUES ('B2024025', 'B学生25', '男', 'AI', '123456');
INSERT INTO Student ("学号", "姓名", "性别", "专业", "密码") VALUES ('B2024026', 'B学生26', '女', '计科', '123456');
INSERT INTO Student ("学号", "姓名", "性别", "专业", "密码") VALUES ('B2024027', 'B学生27', '男', '软工', '123456');
INSERT INTO Student ("学号", "姓名", "性别", "专业", "密码") VALUES ('B2024028', 'B学生28', '女', '数据', '123456');
INSERT INTO Student ("学号", "姓名", "性别", "专业", "密码") VALUES ('B2024029', 'B学生29', '男', '信管', '123456');
INSERT INTO Student ("学号", "姓名", "性别", "专业", "密码") VALUES ('B2024030', 'B学生30', '女', 'AI', '123456');
INSERT INTO Student ("学号", "姓名", "性别", "专业", "密码") VALUES ('B2024031', 'B学生31', '男', '计科', '123456');
INSERT INTO Student ("学号", "姓名", "性别", "专业", "密码") VALUES ('B2024032', 'B学生32', '女', '软工', '123456');
INSERT INTO Student ("学号", "姓名", "性别", "专业", "密码") VALUES ('B2024033', 'B学生33', '男', '数据', '123456');
INSERT INTO Student ("学号", "姓名", "性别", "专业", "密码") VALUES ('B2024034', 'B学生34', '女', '信管', '123456');
INSERT INTO Student ("学号", "姓名", "性别", "专业", "密码") VALUES ('B2024035', 'B学生35', '男', 'AI', '123456');
INSERT INTO Student ("学号", "姓名", "性别", "专业", "密码") VALUES ('B2024036', 'B学生36', '女', '计科', '123456');
INSERT INTO Student ("学号", "姓名", "性别", "专业", "密码") VALUES ('B2024037', 'B学生37', '男', '软工', '123456');
INSERT INTO Student ("学号", "姓名", "性别", "专业", "密码") VALUES ('B2024038', 'B学生38', '女', '数据', '123456');
INSERT INTO Student ("学号", "姓名", "性别", "专业", "密码") VALUES ('B2024039', 'B学生39', '男', '信管', '123456');
INSERT INTO Student ("学号", "姓名", "性别", "专业", "密码") VALUES ('B2024040', 'B学生40', '女', 'AI', '123456');
INSERT INTO Student ("学号", "姓名", "性别", "专业", "密码") VALUES ('B2024041', 'B学生41', '男', '计科', '123456');
INSERT INTO Student ("学号", "姓名", "性别", "专业", "密码") VALUES ('B2024042', 'B学生42', '女', '软工', '123456');
INSERT INTO Student ("学号", "姓名", "性别", "专业", "密码") VALUES ('B2024043', 'B学生43', '男', '数据', '123456');
INSERT INTO Student ("学号", "姓名", "性别", "专业", "密码") VALUES ('B2024044', 'B学生44', '女', '信管', '123456');
INSERT INTO Student ("学号", "姓名", "性别", "专业", "密码") VALUES ('B2024045', 'B学生45', '男', 'AI', '123456');
INSERT INTO Student ("学号", "姓名", "性别", "专业", "密码") VALUES ('B2024046', 'B学生46', '女', '计科', '123456');
INSERT INTO Student ("学号", "姓名", "性别", "专业", "密码") VALUES ('B2024047', 'B学生47', '男', '软工', '123456');
INSERT INTO Student ("学号", "姓名", "性别", "专业", "密码") VALUES ('B2024048', 'B学生48', '女', '数据', '123456');
INSERT INTO Student ("学号", "姓名", "性别", "专业", "密码") VALUES ('B2024049', 'B学生49', '男', '信管', '123456');
INSERT INTO Student ("学号", "姓名", "性别", "专业", "密码") VALUES ('B2024050', 'B学生50', '女', 'AI', '123456');

INSERT INTO Course ("编号", "名称", "课时", "学分", "老师", "地点", "共享") VALUES ('B001', '数据库系统', '32', '3', 'B师01', 'B-101', 'Y');
INSERT INTO Course ("编号", "名称", "课时", "学分", "老师", "地点", "共享") VALUES ('B002', '操作系统', '40', '4', 'B师02', 'B-102', 'N');
INSERT INTO Course ("编号", "名称", "课时", "学分", "老师", "地点", "共享") VALUES ('B003', 'XML集成', '32', '3', 'B师03', 'B-103', 'Y');
INSERT INTO Course ("编号", "名称", "课时", "学分", "老师", "地点", "共享") VALUES ('B004', '软件工程', '32', '3', 'B师04', 'B-104', 'N');
INSERT INTO Course ("编号", "名称", "课时", "学分", "老师", "地点", "共享") VALUES ('B005', '数据挖掘', '32', '3', 'B师05', 'B-105', 'Y');
INSERT INTO Course ("编号", "名称", "课时", "学分", "老师", "地点", "共享") VALUES ('B006', '分布式', '32', '3', 'B师06', 'B-106', 'Y');
INSERT INTO Course ("编号", "名称", "课时", "学分", "老师", "地点", "共享") VALUES ('B007', '机器学习', '32', '3', 'B师07', 'B-107', 'Y');
INSERT INTO Course ("编号", "名称", "课时", "学分", "老师", "地点", "共享") VALUES ('B008', 'Web开发', '24', '2', 'B师08', 'B-108', 'N');
INSERT INTO Course ("编号", "名称", "课时", "学分", "老师", "地点", "共享") VALUES ('B009', '网络技术', '32', '3', 'B师09', 'B-109', 'N');
INSERT INTO Course ("编号", "名称", "课时", "学分", "老师", "地点", "共享") VALUES ('B010', '人工智能', '32', '3', 'B师10', 'B-110', 'N');

INSERT INTO Enrollment ("课程编号", "学号", "得分") VALUES ('B001', 'B2024001', '0');
INSERT INTO Enrollment ("课程编号", "学号", "得分") VALUES ('B002', 'B2024001', '0');
INSERT INTO Enrollment ("课程编号", "学号", "得分") VALUES ('B003', 'B2024001', '0');
INSERT INTO Enrollment ("课程编号", "学号", "得分") VALUES ('B004', 'B2024001', '0');
INSERT INTO Enrollment ("课程编号", "学号", "得分") VALUES ('B005', 'B2024001', '0');
INSERT INTO Enrollment ("课程编号", "学号", "得分") VALUES ('B002', 'B2024002', '0');
INSERT INTO Enrollment ("课程编号", "学号", "得分") VALUES ('B003', 'B2024002', '0');
INSERT INTO Enrollment ("课程编号", "学号", "得分") VALUES ('B004', 'B2024002', '0');
INSERT INTO Enrollment ("课程编号", "学号", "得分") VALUES ('B005', 'B2024002', '0');
INSERT INTO Enrollment ("课程编号", "学号", "得分") VALUES ('B006', 'B2024002', '0');
INSERT INTO Enrollment ("课程编号", "学号", "得分") VALUES ('B003', 'B2024003', '0');
INSERT INTO Enrollment ("课程编号", "学号", "得分") VALUES ('B004', 'B2024003', '0');
INSERT INTO Enrollment ("课程编号", "学号", "得分") VALUES ('B005', 'B2024003', '0');
INSERT INTO Enrollment ("课程编号", "学号", "得分") VALUES ('B006', 'B2024003', '0');
INSERT INTO Enrollment ("课程编号", "学号", "得分") VALUES ('B007', 'B2024003', '0');
INSERT INTO Enrollment ("课程编号", "学号", "得分") VALUES ('B004', 'B2024004', '0');
INSERT INTO Enrollment ("课程编号", "学号", "得分") VALUES ('B005', 'B2024004', '0');
INSERT INTO Enrollment ("课程编号", "学号", "得分") VALUES ('B006', 'B2024004', '0');
INSERT INTO Enrollment ("课程编号", "学号", "得分") VALUES ('B007', 'B2024004', '0');
INSERT INTO Enrollment ("课程编号", "学号", "得分") VALUES ('B008', 'B2024004', '0');
INSERT INTO Enrollment ("课程编号", "学号", "得分") VALUES ('B005', 'B2024005', '0');
INSERT INTO Enrollment ("课程编号", "学号", "得分") VALUES ('B006', 'B2024005', '0');
INSERT INTO Enrollment ("课程编号", "学号", "得分") VALUES ('B007', 'B2024005', '0');
INSERT INTO Enrollment ("课程编号", "学号", "得分") VALUES ('B008', 'B2024005', '0');
INSERT INTO Enrollment ("课程编号", "学号", "得分") VALUES ('B009', 'B2024005', '0');
INSERT INTO Enrollment ("课程编号", "学号", "得分") VALUES ('B006', 'B2024006', '0');
INSERT INTO Enrollment ("课程编号", "学号", "得分") VALUES ('B007', 'B2024006', '0');
INSERT INTO Enrollment ("课程编号", "学号", "得分") VALUES ('B008', 'B2024006', '0');
INSERT INTO Enrollment ("课程编号", "学号", "得分") VALUES ('B009', 'B2024006', '0');
INSERT INTO Enrollment ("课程编号", "学号", "得分") VALUES ('B010', 'B2024006', '0');
INSERT INTO Enrollment ("课程编号", "学号", "得分") VALUES ('B007', 'B2024007', '0');
INSERT INTO Enrollment ("课程编号", "学号", "得分") VALUES ('B008', 'B2024007', '0');
INSERT INTO Enrollment ("课程编号", "学号", "得分") VALUES ('B009', 'B2024007', '0');
INSERT INTO Enrollment ("课程编号", "学号", "得分") VALUES ('B010', 'B2024007', '0');
INSERT INTO Enrollment ("课程编号", "学号", "得分") VALUES ('B001', 'B2024007', '0');
INSERT INTO Enrollment ("课程编号", "学号", "得分") VALUES ('B008', 'B2024008', '0');
INSERT INTO Enrollment ("课程编号", "学号", "得分") VALUES ('B009', 'B2024008', '0');
INSERT INTO Enrollment ("课程编号", "学号", "得分") VALUES ('B010', 'B2024008', '0');
INSERT INTO Enrollment ("课程编号", "学号", "得分") VALUES ('B001', 'B2024008', '0');
INSERT INTO Enrollment ("课程编号", "学号", "得分") VALUES ('B002', 'B2024008', '0');
INSERT INTO Enrollment ("课程编号", "学号", "得分") VALUES ('B009', 'B2024009', '0');
INSERT INTO Enrollment ("课程编号", "学号", "得分") VALUES ('B010', 'B2024009', '0');
INSERT INTO Enrollment ("课程编号", "学号", "得分") VALUES ('B001', 'B2024009', '0');
INSERT INTO Enrollment ("课程编号", "学号", "得分") VALUES ('B002', 'B2024009', '0');
INSERT INTO Enrollment ("课程编号", "学号", "得分") VALUES ('B003', 'B2024009', '0');
INSERT INTO Enrollment ("课程编号", "学号", "得分") VALUES ('B010', 'B2024010', '0');
INSERT INTO Enrollment ("课程编号", "学号", "得分") VALUES ('B001', 'B2024010', '0');
INSERT INTO Enrollment ("课程编号", "学号", "得分") VALUES ('B002', 'B2024010', '0');
INSERT INTO Enrollment ("课程编号", "学号", "得分") VALUES ('B003', 'B2024010', '0');
INSERT INTO Enrollment ("课程编号", "学号", "得分") VALUES ('B004', 'B2024010', '0');
INSERT INTO Enrollment ("课程编号", "学号", "得分") VALUES ('B001', 'B2024011', '0');
INSERT INTO Enrollment ("课程编号", "学号", "得分") VALUES ('B002', 'B2024011', '0');
INSERT INTO Enrollment ("课程编号", "学号", "得分") VALUES ('B003', 'B2024011', '0');
INSERT INTO Enrollment ("课程编号", "学号", "得分") VALUES ('B004', 'B2024011', '0');
INSERT INTO Enrollment ("课程编号", "学号", "得分") VALUES ('B005', 'B2024011', '0');
INSERT INTO Enrollment ("课程编号", "学号", "得分") VALUES ('B002', 'B2024012', '0');
INSERT INTO Enrollment ("课程编号", "学号", "得分") VALUES ('B003', 'B2024012', '0');
INSERT INTO Enrollment ("课程编号", "学号", "得分") VALUES ('B004', 'B2024012', '0');
INSERT INTO Enrollment ("课程编号", "学号", "得分") VALUES ('B005', 'B2024012', '0');
INSERT INTO Enrollment ("课程编号", "学号", "得分") VALUES ('B006', 'B2024012', '0');
INSERT INTO Enrollment ("课程编号", "学号", "得分") VALUES ('B003', 'B2024013', '0');
INSERT INTO Enrollment ("课程编号", "学号", "得分") VALUES ('B004', 'B2024013', '0');
INSERT INTO Enrollment ("课程编号", "学号", "得分") VALUES ('B005', 'B2024013', '0');
INSERT INTO Enrollment ("课程编号", "学号", "得分") VALUES ('B006', 'B2024013', '0');
INSERT INTO Enrollment ("课程编号", "学号", "得分") VALUES ('B007', 'B2024013', '0');
INSERT INTO Enrollment ("课程编号", "学号", "得分") VALUES ('B004', 'B2024014', '0');
INSERT INTO Enrollment ("课程编号", "学号", "得分") VALUES ('B005', 'B2024014', '0');
INSERT INTO Enrollment ("课程编号", "学号", "得分") VALUES ('B006', 'B2024014', '0');
INSERT INTO Enrollment ("课程编号", "学号", "得分") VALUES ('B007', 'B2024014', '0');
INSERT INTO Enrollment ("课程编号", "学号", "得分") VALUES ('B008', 'B2024014', '0');
INSERT INTO Enrollment ("课程编号", "学号", "得分") VALUES ('B005', 'B2024015', '0');
INSERT INTO Enrollment ("课程编号", "学号", "得分") VALUES ('B006', 'B2024015', '0');
INSERT INTO Enrollment ("课程编号", "学号", "得分") VALUES ('B007', 'B2024015', '0');
INSERT INTO Enrollment ("课程编号", "学号", "得分") VALUES ('B008', 'B2024015', '0');
INSERT INTO Enrollment ("课程编号", "学号", "得分") VALUES ('B009', 'B2024015', '0');
INSERT INTO Enrollment ("课程编号", "学号", "得分") VALUES ('B006', 'B2024016', '0');
INSERT INTO Enrollment ("课程编号", "学号", "得分") VALUES ('B007', 'B2024016', '0');
INSERT INTO Enrollment ("课程编号", "学号", "得分") VALUES ('B008', 'B2024016', '0');
INSERT INTO Enrollment ("课程编号", "学号", "得分") VALUES ('B009', 'B2024016', '0');
INSERT INTO Enrollment ("课程编号", "学号", "得分") VALUES ('B010', 'B2024016', '0');
INSERT INTO Enrollment ("课程编号", "学号", "得分") VALUES ('B007', 'B2024017', '0');
INSERT INTO Enrollment ("课程编号", "学号", "得分") VALUES ('B008', 'B2024017', '0');
INSERT INTO Enrollment ("课程编号", "学号", "得分") VALUES ('B009', 'B2024017', '0');
INSERT INTO Enrollment ("课程编号", "学号", "得分") VALUES ('B010', 'B2024017', '0');
INSERT INTO Enrollment ("课程编号", "学号", "得分") VALUES ('B001', 'B2024017', '0');
INSERT INTO Enrollment ("课程编号", "学号", "得分") VALUES ('B008', 'B2024018', '0');
INSERT INTO Enrollment ("课程编号", "学号", "得分") VALUES ('B009', 'B2024018', '0');
INSERT INTO Enrollment ("课程编号", "学号", "得分") VALUES ('B010', 'B2024018', '0');
INSERT INTO Enrollment ("课程编号", "学号", "得分") VALUES ('B001', 'B2024018', '0');
INSERT INTO Enrollment ("课程编号", "学号", "得分") VALUES ('B002', 'B2024018', '0');
INSERT INTO Enrollment ("课程编号", "学号", "得分") VALUES ('B009', 'B2024019', '0');
INSERT INTO Enrollment ("课程编号", "学号", "得分") VALUES ('B010', 'B2024019', '0');
INSERT INTO Enrollment ("课程编号", "学号", "得分") VALUES ('B001', 'B2024019', '0');
INSERT INTO Enrollment ("课程编号", "学号", "得分") VALUES ('B002', 'B2024019', '0');
INSERT INTO Enrollment ("课程编号", "学号", "得分") VALUES ('B003', 'B2024019', '0');
INSERT INTO Enrollment ("课程编号", "学号", "得分") VALUES ('B010', 'B2024020', '0');
INSERT INTO Enrollment ("课程编号", "学号", "得分") VALUES ('B001', 'B2024020', '0');
INSERT INTO Enrollment ("课程编号", "学号", "得分") VALUES ('B002', 'B2024020', '0');
INSERT INTO Enrollment ("课程编号", "学号", "得分") VALUES ('B003', 'B2024020', '0');
INSERT INTO Enrollment ("课程编号", "学号", "得分") VALUES ('B004', 'B2024020', '0');
INSERT INTO Enrollment ("课程编号", "学号", "得分") VALUES ('B001', 'B2024021', '0');
INSERT INTO Enrollment ("课程编号", "学号", "得分") VALUES ('B002', 'B2024021', '0');
INSERT INTO Enrollment ("课程编号", "学号", "得分") VALUES ('B003', 'B2024021', '0');
INSERT INTO Enrollment ("课程编号", "学号", "得分") VALUES ('B004', 'B2024021', '0');
INSERT INTO Enrollment ("课程编号", "学号", "得分") VALUES ('B005', 'B2024021', '0');
INSERT INTO Enrollment ("课程编号", "学号", "得分") VALUES ('B002', 'B2024022', '0');
INSERT INTO Enrollment ("课程编号", "学号", "得分") VALUES ('B003', 'B2024022', '0');
INSERT INTO Enrollment ("课程编号", "学号", "得分") VALUES ('B004', 'B2024022', '0');
INSERT INTO Enrollment ("课程编号", "学号", "得分") VALUES ('B005', 'B2024022', '0');
INSERT INTO Enrollment ("课程编号", "学号", "得分") VALUES ('B006', 'B2024022', '0');
INSERT INTO Enrollment ("课程编号", "学号", "得分") VALUES ('B003', 'B2024023', '0');
INSERT INTO Enrollment ("课程编号", "学号", "得分") VALUES ('B004', 'B2024023', '0');
INSERT INTO Enrollment ("课程编号", "学号", "得分") VALUES ('B005', 'B2024023', '0');
INSERT INTO Enrollment ("课程编号", "学号", "得分") VALUES ('B006', 'B2024023', '0');
INSERT INTO Enrollment ("课程编号", "学号", "得分") VALUES ('B007', 'B2024023', '0');
INSERT INTO Enrollment ("课程编号", "学号", "得分") VALUES ('B004', 'B2024024', '0');
INSERT INTO Enrollment ("课程编号", "学号", "得分") VALUES ('B005', 'B2024024', '0');
INSERT INTO Enrollment ("课程编号", "学号", "得分") VALUES ('B006', 'B2024024', '0');
INSERT INTO Enrollment ("课程编号", "学号", "得分") VALUES ('B007', 'B2024024', '0');
INSERT INTO Enrollment ("课程编号", "学号", "得分") VALUES ('B008', 'B2024024', '0');
INSERT INTO Enrollment ("课程编号", "学号", "得分") VALUES ('B005', 'B2024025', '0');
INSERT INTO Enrollment ("课程编号", "学号", "得分") VALUES ('B006', 'B2024025', '0');
INSERT INTO Enrollment ("课程编号", "学号", "得分") VALUES ('B007', 'B2024025', '0');
INSERT INTO Enrollment ("课程编号", "学号", "得分") VALUES ('B008', 'B2024025', '0');
INSERT INTO Enrollment ("课程编号", "学号", "得分") VALUES ('B009', 'B2024025', '0');
INSERT INTO Enrollment ("课程编号", "学号", "得分") VALUES ('B006', 'B2024026', '0');
INSERT INTO Enrollment ("课程编号", "学号", "得分") VALUES ('B007', 'B2024026', '0');
INSERT INTO Enrollment ("课程编号", "学号", "得分") VALUES ('B008', 'B2024026', '0');
INSERT INTO Enrollment ("课程编号", "学号", "得分") VALUES ('B009', 'B2024026', '0');
INSERT INTO Enrollment ("课程编号", "学号", "得分") VALUES ('B010', 'B2024026', '0');
INSERT INTO Enrollment ("课程编号", "学号", "得分") VALUES ('B007', 'B2024027', '0');
INSERT INTO Enrollment ("课程编号", "学号", "得分") VALUES ('B008', 'B2024027', '0');
INSERT INTO Enrollment ("课程编号", "学号", "得分") VALUES ('B009', 'B2024027', '0');
INSERT INTO Enrollment ("课程编号", "学号", "得分") VALUES ('B010', 'B2024027', '0');
INSERT INTO Enrollment ("课程编号", "学号", "得分") VALUES ('B001', 'B2024027', '0');
INSERT INTO Enrollment ("课程编号", "学号", "得分") VALUES ('B008', 'B2024028', '0');
INSERT INTO Enrollment ("课程编号", "学号", "得分") VALUES ('B009', 'B2024028', '0');
INSERT INTO Enrollment ("课程编号", "学号", "得分") VALUES ('B010', 'B2024028', '0');
INSERT INTO Enrollment ("课程编号", "学号", "得分") VALUES ('B001', 'B2024028', '0');
INSERT INTO Enrollment ("课程编号", "学号", "得分") VALUES ('B002', 'B2024028', '0');
INSERT INTO Enrollment ("课程编号", "学号", "得分") VALUES ('B009', 'B2024029', '0');
INSERT INTO Enrollment ("课程编号", "学号", "得分") VALUES ('B010', 'B2024029', '0');
INSERT INTO Enrollment ("课程编号", "学号", "得分") VALUES ('B001', 'B2024029', '0');
INSERT INTO Enrollment ("课程编号", "学号", "得分") VALUES ('B002', 'B2024029', '0');
INSERT INTO Enrollment ("课程编号", "学号", "得分") VALUES ('B003', 'B2024029', '0');
INSERT INTO Enrollment ("课程编号", "学号", "得分") VALUES ('B010', 'B2024030', '0');
INSERT INTO Enrollment ("课程编号", "学号", "得分") VALUES ('B001', 'B2024030', '0');
INSERT INTO Enrollment ("课程编号", "学号", "得分") VALUES ('B002', 'B2024030', '0');
INSERT INTO Enrollment ("课程编号", "学号", "得分") VALUES ('B003', 'B2024030', '0');
INSERT INTO Enrollment ("课程编号", "学号", "得分") VALUES ('B004', 'B2024030', '0');
INSERT INTO Enrollment ("课程编号", "学号", "得分") VALUES ('B001', 'B2024031', '0');
INSERT INTO Enrollment ("课程编号", "学号", "得分") VALUES ('B002', 'B2024031', '0');
INSERT INTO Enrollment ("课程编号", "学号", "得分") VALUES ('B003', 'B2024031', '0');
INSERT INTO Enrollment ("课程编号", "学号", "得分") VALUES ('B004', 'B2024031', '0');
INSERT INTO Enrollment ("课程编号", "学号", "得分") VALUES ('B005', 'B2024031', '0');
INSERT INTO Enrollment ("课程编号", "学号", "得分") VALUES ('B002', 'B2024032', '0');
INSERT INTO Enrollment ("课程编号", "学号", "得分") VALUES ('B003', 'B2024032', '0');
INSERT INTO Enrollment ("课程编号", "学号", "得分") VALUES ('B004', 'B2024032', '0');
INSERT INTO Enrollment ("课程编号", "学号", "得分") VALUES ('B005', 'B2024032', '0');
INSERT INTO Enrollment ("课程编号", "学号", "得分") VALUES ('B006', 'B2024032', '0');
INSERT INTO Enrollment ("课程编号", "学号", "得分") VALUES ('B003', 'B2024033', '0');
INSERT INTO Enrollment ("课程编号", "学号", "得分") VALUES ('B004', 'B2024033', '0');
INSERT INTO Enrollment ("课程编号", "学号", "得分") VALUES ('B005', 'B2024033', '0');
INSERT INTO Enrollment ("课程编号", "学号", "得分") VALUES ('B006', 'B2024033', '0');
INSERT INTO Enrollment ("课程编号", "学号", "得分") VALUES ('B007', 'B2024033', '0');
INSERT INTO Enrollment ("课程编号", "学号", "得分") VALUES ('B004', 'B2024034', '0');
INSERT INTO Enrollment ("课程编号", "学号", "得分") VALUES ('B005', 'B2024034', '0');
INSERT INTO Enrollment ("课程编号", "学号", "得分") VALUES ('B006', 'B2024034', '0');
INSERT INTO Enrollment ("课程编号", "学号", "得分") VALUES ('B007', 'B2024034', '0');
INSERT INTO Enrollment ("课程编号", "学号", "得分") VALUES ('B008', 'B2024034', '0');
INSERT INTO Enrollment ("课程编号", "学号", "得分") VALUES ('B005', 'B2024035', '0');
INSERT INTO Enrollment ("课程编号", "学号", "得分") VALUES ('B006', 'B2024035', '0');
INSERT INTO Enrollment ("课程编号", "学号", "得分") VALUES ('B007', 'B2024035', '0');
INSERT INTO Enrollment ("课程编号", "学号", "得分") VALUES ('B008', 'B2024035', '0');
INSERT INTO Enrollment ("课程编号", "学号", "得分") VALUES ('B009', 'B2024035', '0');
INSERT INTO Enrollment ("课程编号", "学号", "得分") VALUES ('B006', 'B2024036', '0');
INSERT INTO Enrollment ("课程编号", "学号", "得分") VALUES ('B007', 'B2024036', '0');
INSERT INTO Enrollment ("课程编号", "学号", "得分") VALUES ('B008', 'B2024036', '0');
INSERT INTO Enrollment ("课程编号", "学号", "得分") VALUES ('B009', 'B2024036', '0');
INSERT INTO Enrollment ("课程编号", "学号", "得分") VALUES ('B010', 'B2024036', '0');
INSERT INTO Enrollment ("课程编号", "学号", "得分") VALUES ('B007', 'B2024037', '0');
INSERT INTO Enrollment ("课程编号", "学号", "得分") VALUES ('B008', 'B2024037', '0');
INSERT INTO Enrollment ("课程编号", "学号", "得分") VALUES ('B009', 'B2024037', '0');
INSERT INTO Enrollment ("课程编号", "学号", "得分") VALUES ('B010', 'B2024037', '0');
INSERT INTO Enrollment ("课程编号", "学号", "得分") VALUES ('B001', 'B2024037', '0');
INSERT INTO Enrollment ("课程编号", "学号", "得分") VALUES ('B008', 'B2024038', '0');
INSERT INTO Enrollment ("课程编号", "学号", "得分") VALUES ('B009', 'B2024038', '0');
INSERT INTO Enrollment ("课程编号", "学号", "得分") VALUES ('B010', 'B2024038', '0');
INSERT INTO Enrollment ("课程编号", "学号", "得分") VALUES ('B001', 'B2024038', '0');
INSERT INTO Enrollment ("课程编号", "学号", "得分") VALUES ('B002', 'B2024038', '0');
INSERT INTO Enrollment ("课程编号", "学号", "得分") VALUES ('B009', 'B2024039', '0');
INSERT INTO Enrollment ("课程编号", "学号", "得分") VALUES ('B010', 'B2024039', '0');
INSERT INTO Enrollment ("课程编号", "学号", "得分") VALUES ('B001', 'B2024039', '0');
INSERT INTO Enrollment ("课程编号", "学号", "得分") VALUES ('B002', 'B2024039', '0');
INSERT INTO Enrollment ("课程编号", "学号", "得分") VALUES ('B003', 'B2024039', '0');
INSERT INTO Enrollment ("课程编号", "学号", "得分") VALUES ('B010', 'B2024040', '0');
INSERT INTO Enrollment ("课程编号", "学号", "得分") VALUES ('B001', 'B2024040', '0');
INSERT INTO Enrollment ("课程编号", "学号", "得分") VALUES ('B002', 'B2024040', '0');
INSERT INTO Enrollment ("课程编号", "学号", "得分") VALUES ('B003', 'B2024040', '0');
INSERT INTO Enrollment ("课程编号", "学号", "得分") VALUES ('B004', 'B2024040', '0');
INSERT INTO Enrollment ("课程编号", "学号", "得分") VALUES ('B001', 'B2024041', '0');
INSERT INTO Enrollment ("课程编号", "学号", "得分") VALUES ('B002', 'B2024041', '0');
INSERT INTO Enrollment ("课程编号", "学号", "得分") VALUES ('B003', 'B2024041', '0');
INSERT INTO Enrollment ("课程编号", "学号", "得分") VALUES ('B004', 'B2024041', '0');
INSERT INTO Enrollment ("课程编号", "学号", "得分") VALUES ('B005', 'B2024041', '0');
INSERT INTO Enrollment ("课程编号", "学号", "得分") VALUES ('B002', 'B2024042', '0');
INSERT INTO Enrollment ("课程编号", "学号", "得分") VALUES ('B003', 'B2024042', '0');
INSERT INTO Enrollment ("课程编号", "学号", "得分") VALUES ('B004', 'B2024042', '0');
INSERT INTO Enrollment ("课程编号", "学号", "得分") VALUES ('B005', 'B2024042', '0');
INSERT INTO Enrollment ("课程编号", "学号", "得分") VALUES ('B006', 'B2024042', '0');
INSERT INTO Enrollment ("课程编号", "学号", "得分") VALUES ('B003', 'B2024043', '0');
INSERT INTO Enrollment ("课程编号", "学号", "得分") VALUES ('B004', 'B2024043', '0');
INSERT INTO Enrollment ("课程编号", "学号", "得分") VALUES ('B005', 'B2024043', '0');
INSERT INTO Enrollment ("课程编号", "学号", "得分") VALUES ('B006', 'B2024043', '0');
INSERT INTO Enrollment ("课程编号", "学号", "得分") VALUES ('B007', 'B2024043', '0');
INSERT INTO Enrollment ("课程编号", "学号", "得分") VALUES ('B004', 'B2024044', '0');
INSERT INTO Enrollment ("课程编号", "学号", "得分") VALUES ('B005', 'B2024044', '0');
INSERT INTO Enrollment ("课程编号", "学号", "得分") VALUES ('B006', 'B2024044', '0');
INSERT INTO Enrollment ("课程编号", "学号", "得分") VALUES ('B007', 'B2024044', '0');
INSERT INTO Enrollment ("课程编号", "学号", "得分") VALUES ('B008', 'B2024044', '0');
INSERT INTO Enrollment ("课程编号", "学号", "得分") VALUES ('B005', 'B2024045', '0');
INSERT INTO Enrollment ("课程编号", "学号", "得分") VALUES ('B006', 'B2024045', '0');
INSERT INTO Enrollment ("课程编号", "学号", "得分") VALUES ('B007', 'B2024045', '0');
INSERT INTO Enrollment ("课程编号", "学号", "得分") VALUES ('B008', 'B2024045', '0');
INSERT INTO Enrollment ("课程编号", "学号", "得分") VALUES ('B009', 'B2024045', '0');
INSERT INTO Enrollment ("课程编号", "学号", "得分") VALUES ('B006', 'B2024046', '0');
INSERT INTO Enrollment ("课程编号", "学号", "得分") VALUES ('B007', 'B2024046', '0');
INSERT INTO Enrollment ("课程编号", "学号", "得分") VALUES ('B008', 'B2024046', '0');
INSERT INTO Enrollment ("课程编号", "学号", "得分") VALUES ('B009', 'B2024046', '0');
INSERT INTO Enrollment ("课程编号", "学号", "得分") VALUES ('B010', 'B2024046', '0');
INSERT INTO Enrollment ("课程编号", "学号", "得分") VALUES ('B007', 'B2024047', '0');
INSERT INTO Enrollment ("课程编号", "学号", "得分") VALUES ('B008', 'B2024047', '0');
INSERT INTO Enrollment ("课程编号", "学号", "得分") VALUES ('B009', 'B2024047', '0');
INSERT INTO Enrollment ("课程编号", "学号", "得分") VALUES ('B010', 'B2024047', '0');
INSERT INTO Enrollment ("课程编号", "学号", "得分") VALUES ('B001', 'B2024047', '0');
INSERT INTO Enrollment ("课程编号", "学号", "得分") VALUES ('B008', 'B2024048', '0');
INSERT INTO Enrollment ("课程编号", "学号", "得分") VALUES ('B009', 'B2024048', '0');
INSERT INTO Enrollment ("课程编号", "学号", "得分") VALUES ('B010', 'B2024048', '0');
INSERT INTO Enrollment ("课程编号", "学号", "得分") VALUES ('B001', 'B2024048', '0');
INSERT INTO Enrollment ("课程编号", "学号", "得分") VALUES ('B002', 'B2024048', '0');
INSERT INTO Enrollment ("课程编号", "学号", "得分") VALUES ('B009', 'B2024049', '0');
INSERT INTO Enrollment ("课程编号", "学号", "得分") VALUES ('B010', 'B2024049', '0');
INSERT INTO Enrollment ("课程编号", "学号", "得分") VALUES ('B001', 'B2024049', '0');
INSERT INTO Enrollment ("课程编号", "学号", "得分") VALUES ('B002', 'B2024049', '0');
INSERT INTO Enrollment ("课程编号", "学号", "得分") VALUES ('B003', 'B2024049', '0');
INSERT INTO Enrollment ("课程编号", "学号", "得分") VALUES ('B010', 'B2024050', '0');
INSERT INTO Enrollment ("课程编号", "学号", "得分") VALUES ('B001', 'B2024050', '0');
INSERT INTO Enrollment ("课程编号", "学号", "得分") VALUES ('B002', 'B2024050', '0');
INSERT INTO Enrollment ("课程编号", "学号", "得分") VALUES ('B003', 'B2024050', '0');
INSERT INTO Enrollment ("课程编号", "学号", "得分") VALUES ('B004', 'B2024050', '0');

INSERT INTO EnrollmentLog (enrollment_id, student_id, course_id, source_college_id, target_college_id, score, origin, status, created_at, updated_at) VALUES ('EB000001', 'B2024001', 'B001', 'B', 'B', 0, 'LOCAL', 'ENROLLED', TO_TIMESTAMP('2026-05-28 00:00:00', 'YYYY-MM-DD HH24:MI:SS'), TO_TIMESTAMP('2026-05-28 00:00:00', 'YYYY-MM-DD HH24:MI:SS'));
INSERT INTO EnrollmentLog (enrollment_id, student_id, course_id, source_college_id, target_college_id, score, origin, status, created_at, updated_at) VALUES ('EB000002', 'B2024001', 'B002', 'B', 'B', 0, 'LOCAL', 'ENROLLED', TO_TIMESTAMP('2026-05-28 00:00:00', 'YYYY-MM-DD HH24:MI:SS'), TO_TIMESTAMP('2026-05-28 00:00:00', 'YYYY-MM-DD HH24:MI:SS'));
INSERT INTO EnrollmentLog (enrollment_id, student_id, course_id, source_college_id, target_college_id, score, origin, status, created_at, updated_at) VALUES ('EB000003', 'B2024001', 'B003', 'B', 'B', 0, 'LOCAL', 'ENROLLED', TO_TIMESTAMP('2026-05-28 00:00:00', 'YYYY-MM-DD HH24:MI:SS'), TO_TIMESTAMP('2026-05-28 00:00:00', 'YYYY-MM-DD HH24:MI:SS'));
INSERT INTO EnrollmentLog (enrollment_id, student_id, course_id, source_college_id, target_college_id, score, origin, status, created_at, updated_at) VALUES ('EB000004', 'B2024001', 'B004', 'B', 'B', 0, 'LOCAL', 'ENROLLED', TO_TIMESTAMP('2026-05-28 00:00:00', 'YYYY-MM-DD HH24:MI:SS'), TO_TIMESTAMP('2026-05-28 00:00:00', 'YYYY-MM-DD HH24:MI:SS'));
INSERT INTO EnrollmentLog (enrollment_id, student_id, course_id, source_college_id, target_college_id, score, origin, status, created_at, updated_at) VALUES ('EB000005', 'B2024001', 'B005', 'B', 'B', 0, 'LOCAL', 'ENROLLED', TO_TIMESTAMP('2026-05-28 00:00:00', 'YYYY-MM-DD HH24:MI:SS'), TO_TIMESTAMP('2026-05-28 00:00:00', 'YYYY-MM-DD HH24:MI:SS'));
INSERT INTO EnrollmentLog (enrollment_id, student_id, course_id, source_college_id, target_college_id, score, origin, status, created_at, updated_at) VALUES ('EB000006', 'B2024002', 'B002', 'B', 'B', 0, 'LOCAL', 'ENROLLED', TO_TIMESTAMP('2026-05-28 00:00:00', 'YYYY-MM-DD HH24:MI:SS'), TO_TIMESTAMP('2026-05-28 00:00:00', 'YYYY-MM-DD HH24:MI:SS'));
INSERT INTO EnrollmentLog (enrollment_id, student_id, course_id, source_college_id, target_college_id, score, origin, status, created_at, updated_at) VALUES ('EB000007', 'B2024002', 'B003', 'B', 'B', 0, 'LOCAL', 'ENROLLED', TO_TIMESTAMP('2026-05-28 00:00:00', 'YYYY-MM-DD HH24:MI:SS'), TO_TIMESTAMP('2026-05-28 00:00:00', 'YYYY-MM-DD HH24:MI:SS'));
INSERT INTO EnrollmentLog (enrollment_id, student_id, course_id, source_college_id, target_college_id, score, origin, status, created_at, updated_at) VALUES ('EB000008', 'B2024002', 'B004', 'B', 'B', 0, 'LOCAL', 'ENROLLED', TO_TIMESTAMP('2026-05-28 00:00:00', 'YYYY-MM-DD HH24:MI:SS'), TO_TIMESTAMP('2026-05-28 00:00:00', 'YYYY-MM-DD HH24:MI:SS'));
INSERT INTO EnrollmentLog (enrollment_id, student_id, course_id, source_college_id, target_college_id, score, origin, status, created_at, updated_at) VALUES ('EB000009', 'B2024002', 'B005', 'B', 'B', 0, 'LOCAL', 'ENROLLED', TO_TIMESTAMP('2026-05-28 00:00:00', 'YYYY-MM-DD HH24:MI:SS'), TO_TIMESTAMP('2026-05-28 00:00:00', 'YYYY-MM-DD HH24:MI:SS'));
INSERT INTO EnrollmentLog (enrollment_id, student_id, course_id, source_college_id, target_college_id, score, origin, status, created_at, updated_at) VALUES ('EB000010', 'B2024002', 'B006', 'B', 'B', 0, 'LOCAL', 'ENROLLED', TO_TIMESTAMP('2026-05-28 00:00:00', 'YYYY-MM-DD HH24:MI:SS'), TO_TIMESTAMP('2026-05-28 00:00:00', 'YYYY-MM-DD HH24:MI:SS'));
INSERT INTO EnrollmentLog (enrollment_id, student_id, course_id, source_college_id, target_college_id, score, origin, status, created_at, updated_at) VALUES ('EB000011', 'B2024003', 'B003', 'B', 'B', 0, 'LOCAL', 'ENROLLED', TO_TIMESTAMP('2026-05-28 00:00:00', 'YYYY-MM-DD HH24:MI:SS'), TO_TIMESTAMP('2026-05-28 00:00:00', 'YYYY-MM-DD HH24:MI:SS'));
INSERT INTO EnrollmentLog (enrollment_id, student_id, course_id, source_college_id, target_college_id, score, origin, status, created_at, updated_at) VALUES ('EB000012', 'B2024003', 'B004', 'B', 'B', 0, 'LOCAL', 'ENROLLED', TO_TIMESTAMP('2026-05-28 00:00:00', 'YYYY-MM-DD HH24:MI:SS'), TO_TIMESTAMP('2026-05-28 00:00:00', 'YYYY-MM-DD HH24:MI:SS'));
INSERT INTO EnrollmentLog (enrollment_id, student_id, course_id, source_college_id, target_college_id, score, origin, status, created_at, updated_at) VALUES ('EB000013', 'B2024003', 'B005', 'B', 'B', 0, 'LOCAL', 'ENROLLED', TO_TIMESTAMP('2026-05-28 00:00:00', 'YYYY-MM-DD HH24:MI:SS'), TO_TIMESTAMP('2026-05-28 00:00:00', 'YYYY-MM-DD HH24:MI:SS'));
INSERT INTO EnrollmentLog (enrollment_id, student_id, course_id, source_college_id, target_college_id, score, origin, status, created_at, updated_at) VALUES ('EB000014', 'B2024003', 'B006', 'B', 'B', 0, 'LOCAL', 'ENROLLED', TO_TIMESTAMP('2026-05-28 00:00:00', 'YYYY-MM-DD HH24:MI:SS'), TO_TIMESTAMP('2026-05-28 00:00:00', 'YYYY-MM-DD HH24:MI:SS'));
INSERT INTO EnrollmentLog (enrollment_id, student_id, course_id, source_college_id, target_college_id, score, origin, status, created_at, updated_at) VALUES ('EB000015', 'B2024003', 'B007', 'B', 'B', 0, 'LOCAL', 'ENROLLED', TO_TIMESTAMP('2026-05-28 00:00:00', 'YYYY-MM-DD HH24:MI:SS'), TO_TIMESTAMP('2026-05-28 00:00:00', 'YYYY-MM-DD HH24:MI:SS'));
INSERT INTO EnrollmentLog (enrollment_id, student_id, course_id, source_college_id, target_college_id, score, origin, status, created_at, updated_at) VALUES ('EB000016', 'B2024004', 'B004', 'B', 'B', 0, 'LOCAL', 'ENROLLED', TO_TIMESTAMP('2026-05-28 00:00:00', 'YYYY-MM-DD HH24:MI:SS'), TO_TIMESTAMP('2026-05-28 00:00:00', 'YYYY-MM-DD HH24:MI:SS'));
INSERT INTO EnrollmentLog (enrollment_id, student_id, course_id, source_college_id, target_college_id, score, origin, status, created_at, updated_at) VALUES ('EB000017', 'B2024004', 'B005', 'B', 'B', 0, 'LOCAL', 'ENROLLED', TO_TIMESTAMP('2026-05-28 00:00:00', 'YYYY-MM-DD HH24:MI:SS'), TO_TIMESTAMP('2026-05-28 00:00:00', 'YYYY-MM-DD HH24:MI:SS'));
INSERT INTO EnrollmentLog (enrollment_id, student_id, course_id, source_college_id, target_college_id, score, origin, status, created_at, updated_at) VALUES ('EB000018', 'B2024004', 'B006', 'B', 'B', 0, 'LOCAL', 'ENROLLED', TO_TIMESTAMP('2026-05-28 00:00:00', 'YYYY-MM-DD HH24:MI:SS'), TO_TIMESTAMP('2026-05-28 00:00:00', 'YYYY-MM-DD HH24:MI:SS'));
INSERT INTO EnrollmentLog (enrollment_id, student_id, course_id, source_college_id, target_college_id, score, origin, status, created_at, updated_at) VALUES ('EB000019', 'B2024004', 'B007', 'B', 'B', 0, 'LOCAL', 'ENROLLED', TO_TIMESTAMP('2026-05-28 00:00:00', 'YYYY-MM-DD HH24:MI:SS'), TO_TIMESTAMP('2026-05-28 00:00:00', 'YYYY-MM-DD HH24:MI:SS'));
INSERT INTO EnrollmentLog (enrollment_id, student_id, course_id, source_college_id, target_college_id, score, origin, status, created_at, updated_at) VALUES ('EB000020', 'B2024004', 'B008', 'B', 'B', 0, 'LOCAL', 'ENROLLED', TO_TIMESTAMP('2026-05-28 00:00:00', 'YYYY-MM-DD HH24:MI:SS'), TO_TIMESTAMP('2026-05-28 00:00:00', 'YYYY-MM-DD HH24:MI:SS'));
INSERT INTO EnrollmentLog (enrollment_id, student_id, course_id, source_college_id, target_college_id, score, origin, status, created_at, updated_at) VALUES ('EB000021', 'B2024005', 'B005', 'B', 'B', 0, 'LOCAL', 'ENROLLED', TO_TIMESTAMP('2026-05-28 00:00:00', 'YYYY-MM-DD HH24:MI:SS'), TO_TIMESTAMP('2026-05-28 00:00:00', 'YYYY-MM-DD HH24:MI:SS'));
INSERT INTO EnrollmentLog (enrollment_id, student_id, course_id, source_college_id, target_college_id, score, origin, status, created_at, updated_at) VALUES ('EB000022', 'B2024005', 'B006', 'B', 'B', 0, 'LOCAL', 'ENROLLED', TO_TIMESTAMP('2026-05-28 00:00:00', 'YYYY-MM-DD HH24:MI:SS'), TO_TIMESTAMP('2026-05-28 00:00:00', 'YYYY-MM-DD HH24:MI:SS'));
INSERT INTO EnrollmentLog (enrollment_id, student_id, course_id, source_college_id, target_college_id, score, origin, status, created_at, updated_at) VALUES ('EB000023', 'B2024005', 'B007', 'B', 'B', 0, 'LOCAL', 'ENROLLED', TO_TIMESTAMP('2026-05-28 00:00:00', 'YYYY-MM-DD HH24:MI:SS'), TO_TIMESTAMP('2026-05-28 00:00:00', 'YYYY-MM-DD HH24:MI:SS'));
INSERT INTO EnrollmentLog (enrollment_id, student_id, course_id, source_college_id, target_college_id, score, origin, status, created_at, updated_at) VALUES ('EB000024', 'B2024005', 'B008', 'B', 'B', 0, 'LOCAL', 'ENROLLED', TO_TIMESTAMP('2026-05-28 00:00:00', 'YYYY-MM-DD HH24:MI:SS'), TO_TIMESTAMP('2026-05-28 00:00:00', 'YYYY-MM-DD HH24:MI:SS'));
INSERT INTO EnrollmentLog (enrollment_id, student_id, course_id, source_college_id, target_college_id, score, origin, status, created_at, updated_at) VALUES ('EB000025', 'B2024005', 'B009', 'B', 'B', 0, 'LOCAL', 'ENROLLED', TO_TIMESTAMP('2026-05-28 00:00:00', 'YYYY-MM-DD HH24:MI:SS'), TO_TIMESTAMP('2026-05-28 00:00:00', 'YYYY-MM-DD HH24:MI:SS'));
INSERT INTO EnrollmentLog (enrollment_id, student_id, course_id, source_college_id, target_college_id, score, origin, status, created_at, updated_at) VALUES ('EB000026', 'B2024006', 'B006', 'B', 'B', 0, 'LOCAL', 'ENROLLED', TO_TIMESTAMP('2026-05-28 00:00:00', 'YYYY-MM-DD HH24:MI:SS'), TO_TIMESTAMP('2026-05-28 00:00:00', 'YYYY-MM-DD HH24:MI:SS'));
INSERT INTO EnrollmentLog (enrollment_id, student_id, course_id, source_college_id, target_college_id, score, origin, status, created_at, updated_at) VALUES ('EB000027', 'B2024006', 'B007', 'B', 'B', 0, 'LOCAL', 'ENROLLED', TO_TIMESTAMP('2026-05-28 00:00:00', 'YYYY-MM-DD HH24:MI:SS'), TO_TIMESTAMP('2026-05-28 00:00:00', 'YYYY-MM-DD HH24:MI:SS'));
INSERT INTO EnrollmentLog (enrollment_id, student_id, course_id, source_college_id, target_college_id, score, origin, status, created_at, updated_at) VALUES ('EB000028', 'B2024006', 'B008', 'B', 'B', 0, 'LOCAL', 'ENROLLED', TO_TIMESTAMP('2026-05-28 00:00:00', 'YYYY-MM-DD HH24:MI:SS'), TO_TIMESTAMP('2026-05-28 00:00:00', 'YYYY-MM-DD HH24:MI:SS'));
INSERT INTO EnrollmentLog (enrollment_id, student_id, course_id, source_college_id, target_college_id, score, origin, status, created_at, updated_at) VALUES ('EB000029', 'B2024006', 'B009', 'B', 'B', 0, 'LOCAL', 'ENROLLED', TO_TIMESTAMP('2026-05-28 00:00:00', 'YYYY-MM-DD HH24:MI:SS'), TO_TIMESTAMP('2026-05-28 00:00:00', 'YYYY-MM-DD HH24:MI:SS'));
INSERT INTO EnrollmentLog (enrollment_id, student_id, course_id, source_college_id, target_college_id, score, origin, status, created_at, updated_at) VALUES ('EB000030', 'B2024006', 'B010', 'B', 'B', 0, 'LOCAL', 'ENROLLED', TO_TIMESTAMP('2026-05-28 00:00:00', 'YYYY-MM-DD HH24:MI:SS'), TO_TIMESTAMP('2026-05-28 00:00:00', 'YYYY-MM-DD HH24:MI:SS'));
INSERT INTO EnrollmentLog (enrollment_id, student_id, course_id, source_college_id, target_college_id, score, origin, status, created_at, updated_at) VALUES ('EB000031', 'B2024007', 'B007', 'B', 'B', 0, 'LOCAL', 'ENROLLED', TO_TIMESTAMP('2026-05-28 00:00:00', 'YYYY-MM-DD HH24:MI:SS'), TO_TIMESTAMP('2026-05-28 00:00:00', 'YYYY-MM-DD HH24:MI:SS'));
INSERT INTO EnrollmentLog (enrollment_id, student_id, course_id, source_college_id, target_college_id, score, origin, status, created_at, updated_at) VALUES ('EB000032', 'B2024007', 'B008', 'B', 'B', 0, 'LOCAL', 'ENROLLED', TO_TIMESTAMP('2026-05-28 00:00:00', 'YYYY-MM-DD HH24:MI:SS'), TO_TIMESTAMP('2026-05-28 00:00:00', 'YYYY-MM-DD HH24:MI:SS'));
INSERT INTO EnrollmentLog (enrollment_id, student_id, course_id, source_college_id, target_college_id, score, origin, status, created_at, updated_at) VALUES ('EB000033', 'B2024007', 'B009', 'B', 'B', 0, 'LOCAL', 'ENROLLED', TO_TIMESTAMP('2026-05-28 00:00:00', 'YYYY-MM-DD HH24:MI:SS'), TO_TIMESTAMP('2026-05-28 00:00:00', 'YYYY-MM-DD HH24:MI:SS'));
INSERT INTO EnrollmentLog (enrollment_id, student_id, course_id, source_college_id, target_college_id, score, origin, status, created_at, updated_at) VALUES ('EB000034', 'B2024007', 'B010', 'B', 'B', 0, 'LOCAL', 'ENROLLED', TO_TIMESTAMP('2026-05-28 00:00:00', 'YYYY-MM-DD HH24:MI:SS'), TO_TIMESTAMP('2026-05-28 00:00:00', 'YYYY-MM-DD HH24:MI:SS'));
INSERT INTO EnrollmentLog (enrollment_id, student_id, course_id, source_college_id, target_college_id, score, origin, status, created_at, updated_at) VALUES ('EB000035', 'B2024007', 'B001', 'B', 'B', 0, 'LOCAL', 'ENROLLED', TO_TIMESTAMP('2026-05-28 00:00:00', 'YYYY-MM-DD HH24:MI:SS'), TO_TIMESTAMP('2026-05-28 00:00:00', 'YYYY-MM-DD HH24:MI:SS'));
INSERT INTO EnrollmentLog (enrollment_id, student_id, course_id, source_college_id, target_college_id, score, origin, status, created_at, updated_at) VALUES ('EB000036', 'B2024008', 'B008', 'B', 'B', 0, 'LOCAL', 'ENROLLED', TO_TIMESTAMP('2026-05-28 00:00:00', 'YYYY-MM-DD HH24:MI:SS'), TO_TIMESTAMP('2026-05-28 00:00:00', 'YYYY-MM-DD HH24:MI:SS'));
INSERT INTO EnrollmentLog (enrollment_id, student_id, course_id, source_college_id, target_college_id, score, origin, status, created_at, updated_at) VALUES ('EB000037', 'B2024008', 'B009', 'B', 'B', 0, 'LOCAL', 'ENROLLED', TO_TIMESTAMP('2026-05-28 00:00:00', 'YYYY-MM-DD HH24:MI:SS'), TO_TIMESTAMP('2026-05-28 00:00:00', 'YYYY-MM-DD HH24:MI:SS'));
INSERT INTO EnrollmentLog (enrollment_id, student_id, course_id, source_college_id, target_college_id, score, origin, status, created_at, updated_at) VALUES ('EB000038', 'B2024008', 'B010', 'B', 'B', 0, 'LOCAL', 'ENROLLED', TO_TIMESTAMP('2026-05-28 00:00:00', 'YYYY-MM-DD HH24:MI:SS'), TO_TIMESTAMP('2026-05-28 00:00:00', 'YYYY-MM-DD HH24:MI:SS'));
INSERT INTO EnrollmentLog (enrollment_id, student_id, course_id, source_college_id, target_college_id, score, origin, status, created_at, updated_at) VALUES ('EB000039', 'B2024008', 'B001', 'B', 'B', 0, 'LOCAL', 'ENROLLED', TO_TIMESTAMP('2026-05-28 00:00:00', 'YYYY-MM-DD HH24:MI:SS'), TO_TIMESTAMP('2026-05-28 00:00:00', 'YYYY-MM-DD HH24:MI:SS'));
INSERT INTO EnrollmentLog (enrollment_id, student_id, course_id, source_college_id, target_college_id, score, origin, status, created_at, updated_at) VALUES ('EB000040', 'B2024008', 'B002', 'B', 'B', 0, 'LOCAL', 'ENROLLED', TO_TIMESTAMP('2026-05-28 00:00:00', 'YYYY-MM-DD HH24:MI:SS'), TO_TIMESTAMP('2026-05-28 00:00:00', 'YYYY-MM-DD HH24:MI:SS'));
INSERT INTO EnrollmentLog (enrollment_id, student_id, course_id, source_college_id, target_college_id, score, origin, status, created_at, updated_at) VALUES ('EB000041', 'B2024009', 'B009', 'B', 'B', 0, 'LOCAL', 'ENROLLED', TO_TIMESTAMP('2026-05-28 00:00:00', 'YYYY-MM-DD HH24:MI:SS'), TO_TIMESTAMP('2026-05-28 00:00:00', 'YYYY-MM-DD HH24:MI:SS'));
INSERT INTO EnrollmentLog (enrollment_id, student_id, course_id, source_college_id, target_college_id, score, origin, status, created_at, updated_at) VALUES ('EB000042', 'B2024009', 'B010', 'B', 'B', 0, 'LOCAL', 'ENROLLED', TO_TIMESTAMP('2026-05-28 00:00:00', 'YYYY-MM-DD HH24:MI:SS'), TO_TIMESTAMP('2026-05-28 00:00:00', 'YYYY-MM-DD HH24:MI:SS'));
INSERT INTO EnrollmentLog (enrollment_id, student_id, course_id, source_college_id, target_college_id, score, origin, status, created_at, updated_at) VALUES ('EB000043', 'B2024009', 'B001', 'B', 'B', 0, 'LOCAL', 'ENROLLED', TO_TIMESTAMP('2026-05-28 00:00:00', 'YYYY-MM-DD HH24:MI:SS'), TO_TIMESTAMP('2026-05-28 00:00:00', 'YYYY-MM-DD HH24:MI:SS'));
INSERT INTO EnrollmentLog (enrollment_id, student_id, course_id, source_college_id, target_college_id, score, origin, status, created_at, updated_at) VALUES ('EB000044', 'B2024009', 'B002', 'B', 'B', 0, 'LOCAL', 'ENROLLED', TO_TIMESTAMP('2026-05-28 00:00:00', 'YYYY-MM-DD HH24:MI:SS'), TO_TIMESTAMP('2026-05-28 00:00:00', 'YYYY-MM-DD HH24:MI:SS'));
INSERT INTO EnrollmentLog (enrollment_id, student_id, course_id, source_college_id, target_college_id, score, origin, status, created_at, updated_at) VALUES ('EB000045', 'B2024009', 'B003', 'B', 'B', 0, 'LOCAL', 'ENROLLED', TO_TIMESTAMP('2026-05-28 00:00:00', 'YYYY-MM-DD HH24:MI:SS'), TO_TIMESTAMP('2026-05-28 00:00:00', 'YYYY-MM-DD HH24:MI:SS'));
INSERT INTO EnrollmentLog (enrollment_id, student_id, course_id, source_college_id, target_college_id, score, origin, status, created_at, updated_at) VALUES ('EB000046', 'B2024010', 'B010', 'B', 'B', 0, 'LOCAL', 'ENROLLED', TO_TIMESTAMP('2026-05-28 00:00:00', 'YYYY-MM-DD HH24:MI:SS'), TO_TIMESTAMP('2026-05-28 00:00:00', 'YYYY-MM-DD HH24:MI:SS'));
INSERT INTO EnrollmentLog (enrollment_id, student_id, course_id, source_college_id, target_college_id, score, origin, status, created_at, updated_at) VALUES ('EB000047', 'B2024010', 'B001', 'B', 'B', 0, 'LOCAL', 'ENROLLED', TO_TIMESTAMP('2026-05-28 00:00:00', 'YYYY-MM-DD HH24:MI:SS'), TO_TIMESTAMP('2026-05-28 00:00:00', 'YYYY-MM-DD HH24:MI:SS'));
INSERT INTO EnrollmentLog (enrollment_id, student_id, course_id, source_college_id, target_college_id, score, origin, status, created_at, updated_at) VALUES ('EB000048', 'B2024010', 'B002', 'B', 'B', 0, 'LOCAL', 'ENROLLED', TO_TIMESTAMP('2026-05-28 00:00:00', 'YYYY-MM-DD HH24:MI:SS'), TO_TIMESTAMP('2026-05-28 00:00:00', 'YYYY-MM-DD HH24:MI:SS'));
INSERT INTO EnrollmentLog (enrollment_id, student_id, course_id, source_college_id, target_college_id, score, origin, status, created_at, updated_at) VALUES ('EB000049', 'B2024010', 'B003', 'B', 'B', 0, 'LOCAL', 'ENROLLED', TO_TIMESTAMP('2026-05-28 00:00:00', 'YYYY-MM-DD HH24:MI:SS'), TO_TIMESTAMP('2026-05-28 00:00:00', 'YYYY-MM-DD HH24:MI:SS'));
INSERT INTO EnrollmentLog (enrollment_id, student_id, course_id, source_college_id, target_college_id, score, origin, status, created_at, updated_at) VALUES ('EB000050', 'B2024010', 'B004', 'B', 'B', 0, 'LOCAL', 'ENROLLED', TO_TIMESTAMP('2026-05-28 00:00:00', 'YYYY-MM-DD HH24:MI:SS'), TO_TIMESTAMP('2026-05-28 00:00:00', 'YYYY-MM-DD HH24:MI:SS'));
INSERT INTO EnrollmentLog (enrollment_id, student_id, course_id, source_college_id, target_college_id, score, origin, status, created_at, updated_at) VALUES ('EB000051', 'B2024011', 'B001', 'B', 'B', 0, 'LOCAL', 'ENROLLED', TO_TIMESTAMP('2026-05-28 00:00:00', 'YYYY-MM-DD HH24:MI:SS'), TO_TIMESTAMP('2026-05-28 00:00:00', 'YYYY-MM-DD HH24:MI:SS'));
INSERT INTO EnrollmentLog (enrollment_id, student_id, course_id, source_college_id, target_college_id, score, origin, status, created_at, updated_at) VALUES ('EB000052', 'B2024011', 'B002', 'B', 'B', 0, 'LOCAL', 'ENROLLED', TO_TIMESTAMP('2026-05-28 00:00:00', 'YYYY-MM-DD HH24:MI:SS'), TO_TIMESTAMP('2026-05-28 00:00:00', 'YYYY-MM-DD HH24:MI:SS'));
INSERT INTO EnrollmentLog (enrollment_id, student_id, course_id, source_college_id, target_college_id, score, origin, status, created_at, updated_at) VALUES ('EB000053', 'B2024011', 'B003', 'B', 'B', 0, 'LOCAL', 'ENROLLED', TO_TIMESTAMP('2026-05-28 00:00:00', 'YYYY-MM-DD HH24:MI:SS'), TO_TIMESTAMP('2026-05-28 00:00:00', 'YYYY-MM-DD HH24:MI:SS'));
INSERT INTO EnrollmentLog (enrollment_id, student_id, course_id, source_college_id, target_college_id, score, origin, status, created_at, updated_at) VALUES ('EB000054', 'B2024011', 'B004', 'B', 'B', 0, 'LOCAL', 'ENROLLED', TO_TIMESTAMP('2026-05-28 00:00:00', 'YYYY-MM-DD HH24:MI:SS'), TO_TIMESTAMP('2026-05-28 00:00:00', 'YYYY-MM-DD HH24:MI:SS'));
INSERT INTO EnrollmentLog (enrollment_id, student_id, course_id, source_college_id, target_college_id, score, origin, status, created_at, updated_at) VALUES ('EB000055', 'B2024011', 'B005', 'B', 'B', 0, 'LOCAL', 'ENROLLED', TO_TIMESTAMP('2026-05-28 00:00:00', 'YYYY-MM-DD HH24:MI:SS'), TO_TIMESTAMP('2026-05-28 00:00:00', 'YYYY-MM-DD HH24:MI:SS'));
INSERT INTO EnrollmentLog (enrollment_id, student_id, course_id, source_college_id, target_college_id, score, origin, status, created_at, updated_at) VALUES ('EB000056', 'B2024012', 'B002', 'B', 'B', 0, 'LOCAL', 'ENROLLED', TO_TIMESTAMP('2026-05-28 00:00:00', 'YYYY-MM-DD HH24:MI:SS'), TO_TIMESTAMP('2026-05-28 00:00:00', 'YYYY-MM-DD HH24:MI:SS'));
INSERT INTO EnrollmentLog (enrollment_id, student_id, course_id, source_college_id, target_college_id, score, origin, status, created_at, updated_at) VALUES ('EB000057', 'B2024012', 'B003', 'B', 'B', 0, 'LOCAL', 'ENROLLED', TO_TIMESTAMP('2026-05-28 00:00:00', 'YYYY-MM-DD HH24:MI:SS'), TO_TIMESTAMP('2026-05-28 00:00:00', 'YYYY-MM-DD HH24:MI:SS'));
INSERT INTO EnrollmentLog (enrollment_id, student_id, course_id, source_college_id, target_college_id, score, origin, status, created_at, updated_at) VALUES ('EB000058', 'B2024012', 'B004', 'B', 'B', 0, 'LOCAL', 'ENROLLED', TO_TIMESTAMP('2026-05-28 00:00:00', 'YYYY-MM-DD HH24:MI:SS'), TO_TIMESTAMP('2026-05-28 00:00:00', 'YYYY-MM-DD HH24:MI:SS'));
INSERT INTO EnrollmentLog (enrollment_id, student_id, course_id, source_college_id, target_college_id, score, origin, status, created_at, updated_at) VALUES ('EB000059', 'B2024012', 'B005', 'B', 'B', 0, 'LOCAL', 'ENROLLED', TO_TIMESTAMP('2026-05-28 00:00:00', 'YYYY-MM-DD HH24:MI:SS'), TO_TIMESTAMP('2026-05-28 00:00:00', 'YYYY-MM-DD HH24:MI:SS'));
INSERT INTO EnrollmentLog (enrollment_id, student_id, course_id, source_college_id, target_college_id, score, origin, status, created_at, updated_at) VALUES ('EB000060', 'B2024012', 'B006', 'B', 'B', 0, 'LOCAL', 'ENROLLED', TO_TIMESTAMP('2026-05-28 00:00:00', 'YYYY-MM-DD HH24:MI:SS'), TO_TIMESTAMP('2026-05-28 00:00:00', 'YYYY-MM-DD HH24:MI:SS'));
INSERT INTO EnrollmentLog (enrollment_id, student_id, course_id, source_college_id, target_college_id, score, origin, status, created_at, updated_at) VALUES ('EB000061', 'B2024013', 'B003', 'B', 'B', 0, 'LOCAL', 'ENROLLED', TO_TIMESTAMP('2026-05-28 00:00:00', 'YYYY-MM-DD HH24:MI:SS'), TO_TIMESTAMP('2026-05-28 00:00:00', 'YYYY-MM-DD HH24:MI:SS'));
INSERT INTO EnrollmentLog (enrollment_id, student_id, course_id, source_college_id, target_college_id, score, origin, status, created_at, updated_at) VALUES ('EB000062', 'B2024013', 'B004', 'B', 'B', 0, 'LOCAL', 'ENROLLED', TO_TIMESTAMP('2026-05-28 00:00:00', 'YYYY-MM-DD HH24:MI:SS'), TO_TIMESTAMP('2026-05-28 00:00:00', 'YYYY-MM-DD HH24:MI:SS'));
INSERT INTO EnrollmentLog (enrollment_id, student_id, course_id, source_college_id, target_college_id, score, origin, status, created_at, updated_at) VALUES ('EB000063', 'B2024013', 'B005', 'B', 'B', 0, 'LOCAL', 'ENROLLED', TO_TIMESTAMP('2026-05-28 00:00:00', 'YYYY-MM-DD HH24:MI:SS'), TO_TIMESTAMP('2026-05-28 00:00:00', 'YYYY-MM-DD HH24:MI:SS'));
INSERT INTO EnrollmentLog (enrollment_id, student_id, course_id, source_college_id, target_college_id, score, origin, status, created_at, updated_at) VALUES ('EB000064', 'B2024013', 'B006', 'B', 'B', 0, 'LOCAL', 'ENROLLED', TO_TIMESTAMP('2026-05-28 00:00:00', 'YYYY-MM-DD HH24:MI:SS'), TO_TIMESTAMP('2026-05-28 00:00:00', 'YYYY-MM-DD HH24:MI:SS'));
INSERT INTO EnrollmentLog (enrollment_id, student_id, course_id, source_college_id, target_college_id, score, origin, status, created_at, updated_at) VALUES ('EB000065', 'B2024013', 'B007', 'B', 'B', 0, 'LOCAL', 'ENROLLED', TO_TIMESTAMP('2026-05-28 00:00:00', 'YYYY-MM-DD HH24:MI:SS'), TO_TIMESTAMP('2026-05-28 00:00:00', 'YYYY-MM-DD HH24:MI:SS'));
INSERT INTO EnrollmentLog (enrollment_id, student_id, course_id, source_college_id, target_college_id, score, origin, status, created_at, updated_at) VALUES ('EB000066', 'B2024014', 'B004', 'B', 'B', 0, 'LOCAL', 'ENROLLED', TO_TIMESTAMP('2026-05-28 00:00:00', 'YYYY-MM-DD HH24:MI:SS'), TO_TIMESTAMP('2026-05-28 00:00:00', 'YYYY-MM-DD HH24:MI:SS'));
INSERT INTO EnrollmentLog (enrollment_id, student_id, course_id, source_college_id, target_college_id, score, origin, status, created_at, updated_at) VALUES ('EB000067', 'B2024014', 'B005', 'B', 'B', 0, 'LOCAL', 'ENROLLED', TO_TIMESTAMP('2026-05-28 00:00:00', 'YYYY-MM-DD HH24:MI:SS'), TO_TIMESTAMP('2026-05-28 00:00:00', 'YYYY-MM-DD HH24:MI:SS'));
INSERT INTO EnrollmentLog (enrollment_id, student_id, course_id, source_college_id, target_college_id, score, origin, status, created_at, updated_at) VALUES ('EB000068', 'B2024014', 'B006', 'B', 'B', 0, 'LOCAL', 'ENROLLED', TO_TIMESTAMP('2026-05-28 00:00:00', 'YYYY-MM-DD HH24:MI:SS'), TO_TIMESTAMP('2026-05-28 00:00:00', 'YYYY-MM-DD HH24:MI:SS'));
INSERT INTO EnrollmentLog (enrollment_id, student_id, course_id, source_college_id, target_college_id, score, origin, status, created_at, updated_at) VALUES ('EB000069', 'B2024014', 'B007', 'B', 'B', 0, 'LOCAL', 'ENROLLED', TO_TIMESTAMP('2026-05-28 00:00:00', 'YYYY-MM-DD HH24:MI:SS'), TO_TIMESTAMP('2026-05-28 00:00:00', 'YYYY-MM-DD HH24:MI:SS'));
INSERT INTO EnrollmentLog (enrollment_id, student_id, course_id, source_college_id, target_college_id, score, origin, status, created_at, updated_at) VALUES ('EB000070', 'B2024014', 'B008', 'B', 'B', 0, 'LOCAL', 'ENROLLED', TO_TIMESTAMP('2026-05-28 00:00:00', 'YYYY-MM-DD HH24:MI:SS'), TO_TIMESTAMP('2026-05-28 00:00:00', 'YYYY-MM-DD HH24:MI:SS'));
INSERT INTO EnrollmentLog (enrollment_id, student_id, course_id, source_college_id, target_college_id, score, origin, status, created_at, updated_at) VALUES ('EB000071', 'B2024015', 'B005', 'B', 'B', 0, 'LOCAL', 'ENROLLED', TO_TIMESTAMP('2026-05-28 00:00:00', 'YYYY-MM-DD HH24:MI:SS'), TO_TIMESTAMP('2026-05-28 00:00:00', 'YYYY-MM-DD HH24:MI:SS'));
INSERT INTO EnrollmentLog (enrollment_id, student_id, course_id, source_college_id, target_college_id, score, origin, status, created_at, updated_at) VALUES ('EB000072', 'B2024015', 'B006', 'B', 'B', 0, 'LOCAL', 'ENROLLED', TO_TIMESTAMP('2026-05-28 00:00:00', 'YYYY-MM-DD HH24:MI:SS'), TO_TIMESTAMP('2026-05-28 00:00:00', 'YYYY-MM-DD HH24:MI:SS'));
INSERT INTO EnrollmentLog (enrollment_id, student_id, course_id, source_college_id, target_college_id, score, origin, status, created_at, updated_at) VALUES ('EB000073', 'B2024015', 'B007', 'B', 'B', 0, 'LOCAL', 'ENROLLED', TO_TIMESTAMP('2026-05-28 00:00:00', 'YYYY-MM-DD HH24:MI:SS'), TO_TIMESTAMP('2026-05-28 00:00:00', 'YYYY-MM-DD HH24:MI:SS'));
INSERT INTO EnrollmentLog (enrollment_id, student_id, course_id, source_college_id, target_college_id, score, origin, status, created_at, updated_at) VALUES ('EB000074', 'B2024015', 'B008', 'B', 'B', 0, 'LOCAL', 'ENROLLED', TO_TIMESTAMP('2026-05-28 00:00:00', 'YYYY-MM-DD HH24:MI:SS'), TO_TIMESTAMP('2026-05-28 00:00:00', 'YYYY-MM-DD HH24:MI:SS'));
INSERT INTO EnrollmentLog (enrollment_id, student_id, course_id, source_college_id, target_college_id, score, origin, status, created_at, updated_at) VALUES ('EB000075', 'B2024015', 'B009', 'B', 'B', 0, 'LOCAL', 'ENROLLED', TO_TIMESTAMP('2026-05-28 00:00:00', 'YYYY-MM-DD HH24:MI:SS'), TO_TIMESTAMP('2026-05-28 00:00:00', 'YYYY-MM-DD HH24:MI:SS'));
INSERT INTO EnrollmentLog (enrollment_id, student_id, course_id, source_college_id, target_college_id, score, origin, status, created_at, updated_at) VALUES ('EB000076', 'B2024016', 'B006', 'B', 'B', 0, 'LOCAL', 'ENROLLED', TO_TIMESTAMP('2026-05-28 00:00:00', 'YYYY-MM-DD HH24:MI:SS'), TO_TIMESTAMP('2026-05-28 00:00:00', 'YYYY-MM-DD HH24:MI:SS'));
INSERT INTO EnrollmentLog (enrollment_id, student_id, course_id, source_college_id, target_college_id, score, origin, status, created_at, updated_at) VALUES ('EB000077', 'B2024016', 'B007', 'B', 'B', 0, 'LOCAL', 'ENROLLED', TO_TIMESTAMP('2026-05-28 00:00:00', 'YYYY-MM-DD HH24:MI:SS'), TO_TIMESTAMP('2026-05-28 00:00:00', 'YYYY-MM-DD HH24:MI:SS'));
INSERT INTO EnrollmentLog (enrollment_id, student_id, course_id, source_college_id, target_college_id, score, origin, status, created_at, updated_at) VALUES ('EB000078', 'B2024016', 'B008', 'B', 'B', 0, 'LOCAL', 'ENROLLED', TO_TIMESTAMP('2026-05-28 00:00:00', 'YYYY-MM-DD HH24:MI:SS'), TO_TIMESTAMP('2026-05-28 00:00:00', 'YYYY-MM-DD HH24:MI:SS'));
INSERT INTO EnrollmentLog (enrollment_id, student_id, course_id, source_college_id, target_college_id, score, origin, status, created_at, updated_at) VALUES ('EB000079', 'B2024016', 'B009', 'B', 'B', 0, 'LOCAL', 'ENROLLED', TO_TIMESTAMP('2026-05-28 00:00:00', 'YYYY-MM-DD HH24:MI:SS'), TO_TIMESTAMP('2026-05-28 00:00:00', 'YYYY-MM-DD HH24:MI:SS'));
INSERT INTO EnrollmentLog (enrollment_id, student_id, course_id, source_college_id, target_college_id, score, origin, status, created_at, updated_at) VALUES ('EB000080', 'B2024016', 'B010', 'B', 'B', 0, 'LOCAL', 'ENROLLED', TO_TIMESTAMP('2026-05-28 00:00:00', 'YYYY-MM-DD HH24:MI:SS'), TO_TIMESTAMP('2026-05-28 00:00:00', 'YYYY-MM-DD HH24:MI:SS'));
INSERT INTO EnrollmentLog (enrollment_id, student_id, course_id, source_college_id, target_college_id, score, origin, status, created_at, updated_at) VALUES ('EB000081', 'B2024017', 'B007', 'B', 'B', 0, 'LOCAL', 'ENROLLED', TO_TIMESTAMP('2026-05-28 00:00:00', 'YYYY-MM-DD HH24:MI:SS'), TO_TIMESTAMP('2026-05-28 00:00:00', 'YYYY-MM-DD HH24:MI:SS'));
INSERT INTO EnrollmentLog (enrollment_id, student_id, course_id, source_college_id, target_college_id, score, origin, status, created_at, updated_at) VALUES ('EB000082', 'B2024017', 'B008', 'B', 'B', 0, 'LOCAL', 'ENROLLED', TO_TIMESTAMP('2026-05-28 00:00:00', 'YYYY-MM-DD HH24:MI:SS'), TO_TIMESTAMP('2026-05-28 00:00:00', 'YYYY-MM-DD HH24:MI:SS'));
INSERT INTO EnrollmentLog (enrollment_id, student_id, course_id, source_college_id, target_college_id, score, origin, status, created_at, updated_at) VALUES ('EB000083', 'B2024017', 'B009', 'B', 'B', 0, 'LOCAL', 'ENROLLED', TO_TIMESTAMP('2026-05-28 00:00:00', 'YYYY-MM-DD HH24:MI:SS'), TO_TIMESTAMP('2026-05-28 00:00:00', 'YYYY-MM-DD HH24:MI:SS'));
INSERT INTO EnrollmentLog (enrollment_id, student_id, course_id, source_college_id, target_college_id, score, origin, status, created_at, updated_at) VALUES ('EB000084', 'B2024017', 'B010', 'B', 'B', 0, 'LOCAL', 'ENROLLED', TO_TIMESTAMP('2026-05-28 00:00:00', 'YYYY-MM-DD HH24:MI:SS'), TO_TIMESTAMP('2026-05-28 00:00:00', 'YYYY-MM-DD HH24:MI:SS'));
INSERT INTO EnrollmentLog (enrollment_id, student_id, course_id, source_college_id, target_college_id, score, origin, status, created_at, updated_at) VALUES ('EB000085', 'B2024017', 'B001', 'B', 'B', 0, 'LOCAL', 'ENROLLED', TO_TIMESTAMP('2026-05-28 00:00:00', 'YYYY-MM-DD HH24:MI:SS'), TO_TIMESTAMP('2026-05-28 00:00:00', 'YYYY-MM-DD HH24:MI:SS'));
INSERT INTO EnrollmentLog (enrollment_id, student_id, course_id, source_college_id, target_college_id, score, origin, status, created_at, updated_at) VALUES ('EB000086', 'B2024018', 'B008', 'B', 'B', 0, 'LOCAL', 'ENROLLED', TO_TIMESTAMP('2026-05-28 00:00:00', 'YYYY-MM-DD HH24:MI:SS'), TO_TIMESTAMP('2026-05-28 00:00:00', 'YYYY-MM-DD HH24:MI:SS'));
INSERT INTO EnrollmentLog (enrollment_id, student_id, course_id, source_college_id, target_college_id, score, origin, status, created_at, updated_at) VALUES ('EB000087', 'B2024018', 'B009', 'B', 'B', 0, 'LOCAL', 'ENROLLED', TO_TIMESTAMP('2026-05-28 00:00:00', 'YYYY-MM-DD HH24:MI:SS'), TO_TIMESTAMP('2026-05-28 00:00:00', 'YYYY-MM-DD HH24:MI:SS'));
INSERT INTO EnrollmentLog (enrollment_id, student_id, course_id, source_college_id, target_college_id, score, origin, status, created_at, updated_at) VALUES ('EB000088', 'B2024018', 'B010', 'B', 'B', 0, 'LOCAL', 'ENROLLED', TO_TIMESTAMP('2026-05-28 00:00:00', 'YYYY-MM-DD HH24:MI:SS'), TO_TIMESTAMP('2026-05-28 00:00:00', 'YYYY-MM-DD HH24:MI:SS'));
INSERT INTO EnrollmentLog (enrollment_id, student_id, course_id, source_college_id, target_college_id, score, origin, status, created_at, updated_at) VALUES ('EB000089', 'B2024018', 'B001', 'B', 'B', 0, 'LOCAL', 'ENROLLED', TO_TIMESTAMP('2026-05-28 00:00:00', 'YYYY-MM-DD HH24:MI:SS'), TO_TIMESTAMP('2026-05-28 00:00:00', 'YYYY-MM-DD HH24:MI:SS'));
INSERT INTO EnrollmentLog (enrollment_id, student_id, course_id, source_college_id, target_college_id, score, origin, status, created_at, updated_at) VALUES ('EB000090', 'B2024018', 'B002', 'B', 'B', 0, 'LOCAL', 'ENROLLED', TO_TIMESTAMP('2026-05-28 00:00:00', 'YYYY-MM-DD HH24:MI:SS'), TO_TIMESTAMP('2026-05-28 00:00:00', 'YYYY-MM-DD HH24:MI:SS'));
INSERT INTO EnrollmentLog (enrollment_id, student_id, course_id, source_college_id, target_college_id, score, origin, status, created_at, updated_at) VALUES ('EB000091', 'B2024019', 'B009', 'B', 'B', 0, 'LOCAL', 'ENROLLED', TO_TIMESTAMP('2026-05-28 00:00:00', 'YYYY-MM-DD HH24:MI:SS'), TO_TIMESTAMP('2026-05-28 00:00:00', 'YYYY-MM-DD HH24:MI:SS'));
INSERT INTO EnrollmentLog (enrollment_id, student_id, course_id, source_college_id, target_college_id, score, origin, status, created_at, updated_at) VALUES ('EB000092', 'B2024019', 'B010', 'B', 'B', 0, 'LOCAL', 'ENROLLED', TO_TIMESTAMP('2026-05-28 00:00:00', 'YYYY-MM-DD HH24:MI:SS'), TO_TIMESTAMP('2026-05-28 00:00:00', 'YYYY-MM-DD HH24:MI:SS'));
INSERT INTO EnrollmentLog (enrollment_id, student_id, course_id, source_college_id, target_college_id, score, origin, status, created_at, updated_at) VALUES ('EB000093', 'B2024019', 'B001', 'B', 'B', 0, 'LOCAL', 'ENROLLED', TO_TIMESTAMP('2026-05-28 00:00:00', 'YYYY-MM-DD HH24:MI:SS'), TO_TIMESTAMP('2026-05-28 00:00:00', 'YYYY-MM-DD HH24:MI:SS'));
INSERT INTO EnrollmentLog (enrollment_id, student_id, course_id, source_college_id, target_college_id, score, origin, status, created_at, updated_at) VALUES ('EB000094', 'B2024019', 'B002', 'B', 'B', 0, 'LOCAL', 'ENROLLED', TO_TIMESTAMP('2026-05-28 00:00:00', 'YYYY-MM-DD HH24:MI:SS'), TO_TIMESTAMP('2026-05-28 00:00:00', 'YYYY-MM-DD HH24:MI:SS'));
INSERT INTO EnrollmentLog (enrollment_id, student_id, course_id, source_college_id, target_college_id, score, origin, status, created_at, updated_at) VALUES ('EB000095', 'B2024019', 'B003', 'B', 'B', 0, 'LOCAL', 'ENROLLED', TO_TIMESTAMP('2026-05-28 00:00:00', 'YYYY-MM-DD HH24:MI:SS'), TO_TIMESTAMP('2026-05-28 00:00:00', 'YYYY-MM-DD HH24:MI:SS'));
INSERT INTO EnrollmentLog (enrollment_id, student_id, course_id, source_college_id, target_college_id, score, origin, status, created_at, updated_at) VALUES ('EB000096', 'B2024020', 'B010', 'B', 'B', 0, 'LOCAL', 'ENROLLED', TO_TIMESTAMP('2026-05-28 00:00:00', 'YYYY-MM-DD HH24:MI:SS'), TO_TIMESTAMP('2026-05-28 00:00:00', 'YYYY-MM-DD HH24:MI:SS'));
INSERT INTO EnrollmentLog (enrollment_id, student_id, course_id, source_college_id, target_college_id, score, origin, status, created_at, updated_at) VALUES ('EB000097', 'B2024020', 'B001', 'B', 'B', 0, 'LOCAL', 'ENROLLED', TO_TIMESTAMP('2026-05-28 00:00:00', 'YYYY-MM-DD HH24:MI:SS'), TO_TIMESTAMP('2026-05-28 00:00:00', 'YYYY-MM-DD HH24:MI:SS'));
INSERT INTO EnrollmentLog (enrollment_id, student_id, course_id, source_college_id, target_college_id, score, origin, status, created_at, updated_at) VALUES ('EB000098', 'B2024020', 'B002', 'B', 'B', 0, 'LOCAL', 'ENROLLED', TO_TIMESTAMP('2026-05-28 00:00:00', 'YYYY-MM-DD HH24:MI:SS'), TO_TIMESTAMP('2026-05-28 00:00:00', 'YYYY-MM-DD HH24:MI:SS'));
INSERT INTO EnrollmentLog (enrollment_id, student_id, course_id, source_college_id, target_college_id, score, origin, status, created_at, updated_at) VALUES ('EB000099', 'B2024020', 'B003', 'B', 'B', 0, 'LOCAL', 'ENROLLED', TO_TIMESTAMP('2026-05-28 00:00:00', 'YYYY-MM-DD HH24:MI:SS'), TO_TIMESTAMP('2026-05-28 00:00:00', 'YYYY-MM-DD HH24:MI:SS'));
INSERT INTO EnrollmentLog (enrollment_id, student_id, course_id, source_college_id, target_college_id, score, origin, status, created_at, updated_at) VALUES ('EB000100', 'B2024020', 'B004', 'B', 'B', 0, 'LOCAL', 'ENROLLED', TO_TIMESTAMP('2026-05-28 00:00:00', 'YYYY-MM-DD HH24:MI:SS'), TO_TIMESTAMP('2026-05-28 00:00:00', 'YYYY-MM-DD HH24:MI:SS'));
INSERT INTO EnrollmentLog (enrollment_id, student_id, course_id, source_college_id, target_college_id, score, origin, status, created_at, updated_at) VALUES ('EB000101', 'B2024021', 'B001', 'B', 'B', 0, 'LOCAL', 'ENROLLED', TO_TIMESTAMP('2026-05-28 00:00:00', 'YYYY-MM-DD HH24:MI:SS'), TO_TIMESTAMP('2026-05-28 00:00:00', 'YYYY-MM-DD HH24:MI:SS'));
INSERT INTO EnrollmentLog (enrollment_id, student_id, course_id, source_college_id, target_college_id, score, origin, status, created_at, updated_at) VALUES ('EB000102', 'B2024021', 'B002', 'B', 'B', 0, 'LOCAL', 'ENROLLED', TO_TIMESTAMP('2026-05-28 00:00:00', 'YYYY-MM-DD HH24:MI:SS'), TO_TIMESTAMP('2026-05-28 00:00:00', 'YYYY-MM-DD HH24:MI:SS'));
INSERT INTO EnrollmentLog (enrollment_id, student_id, course_id, source_college_id, target_college_id, score, origin, status, created_at, updated_at) VALUES ('EB000103', 'B2024021', 'B003', 'B', 'B', 0, 'LOCAL', 'ENROLLED', TO_TIMESTAMP('2026-05-28 00:00:00', 'YYYY-MM-DD HH24:MI:SS'), TO_TIMESTAMP('2026-05-28 00:00:00', 'YYYY-MM-DD HH24:MI:SS'));
INSERT INTO EnrollmentLog (enrollment_id, student_id, course_id, source_college_id, target_college_id, score, origin, status, created_at, updated_at) VALUES ('EB000104', 'B2024021', 'B004', 'B', 'B', 0, 'LOCAL', 'ENROLLED', TO_TIMESTAMP('2026-05-28 00:00:00', 'YYYY-MM-DD HH24:MI:SS'), TO_TIMESTAMP('2026-05-28 00:00:00', 'YYYY-MM-DD HH24:MI:SS'));
INSERT INTO EnrollmentLog (enrollment_id, student_id, course_id, source_college_id, target_college_id, score, origin, status, created_at, updated_at) VALUES ('EB000105', 'B2024021', 'B005', 'B', 'B', 0, 'LOCAL', 'ENROLLED', TO_TIMESTAMP('2026-05-28 00:00:00', 'YYYY-MM-DD HH24:MI:SS'), TO_TIMESTAMP('2026-05-28 00:00:00', 'YYYY-MM-DD HH24:MI:SS'));
INSERT INTO EnrollmentLog (enrollment_id, student_id, course_id, source_college_id, target_college_id, score, origin, status, created_at, updated_at) VALUES ('EB000106', 'B2024022', 'B002', 'B', 'B', 0, 'LOCAL', 'ENROLLED', TO_TIMESTAMP('2026-05-28 00:00:00', 'YYYY-MM-DD HH24:MI:SS'), TO_TIMESTAMP('2026-05-28 00:00:00', 'YYYY-MM-DD HH24:MI:SS'));
INSERT INTO EnrollmentLog (enrollment_id, student_id, course_id, source_college_id, target_college_id, score, origin, status, created_at, updated_at) VALUES ('EB000107', 'B2024022', 'B003', 'B', 'B', 0, 'LOCAL', 'ENROLLED', TO_TIMESTAMP('2026-05-28 00:00:00', 'YYYY-MM-DD HH24:MI:SS'), TO_TIMESTAMP('2026-05-28 00:00:00', 'YYYY-MM-DD HH24:MI:SS'));
INSERT INTO EnrollmentLog (enrollment_id, student_id, course_id, source_college_id, target_college_id, score, origin, status, created_at, updated_at) VALUES ('EB000108', 'B2024022', 'B004', 'B', 'B', 0, 'LOCAL', 'ENROLLED', TO_TIMESTAMP('2026-05-28 00:00:00', 'YYYY-MM-DD HH24:MI:SS'), TO_TIMESTAMP('2026-05-28 00:00:00', 'YYYY-MM-DD HH24:MI:SS'));
INSERT INTO EnrollmentLog (enrollment_id, student_id, course_id, source_college_id, target_college_id, score, origin, status, created_at, updated_at) VALUES ('EB000109', 'B2024022', 'B005', 'B', 'B', 0, 'LOCAL', 'ENROLLED', TO_TIMESTAMP('2026-05-28 00:00:00', 'YYYY-MM-DD HH24:MI:SS'), TO_TIMESTAMP('2026-05-28 00:00:00', 'YYYY-MM-DD HH24:MI:SS'));
INSERT INTO EnrollmentLog (enrollment_id, student_id, course_id, source_college_id, target_college_id, score, origin, status, created_at, updated_at) VALUES ('EB000110', 'B2024022', 'B006', 'B', 'B', 0, 'LOCAL', 'ENROLLED', TO_TIMESTAMP('2026-05-28 00:00:00', 'YYYY-MM-DD HH24:MI:SS'), TO_TIMESTAMP('2026-05-28 00:00:00', 'YYYY-MM-DD HH24:MI:SS'));
INSERT INTO EnrollmentLog (enrollment_id, student_id, course_id, source_college_id, target_college_id, score, origin, status, created_at, updated_at) VALUES ('EB000111', 'B2024023', 'B003', 'B', 'B', 0, 'LOCAL', 'ENROLLED', TO_TIMESTAMP('2026-05-28 00:00:00', 'YYYY-MM-DD HH24:MI:SS'), TO_TIMESTAMP('2026-05-28 00:00:00', 'YYYY-MM-DD HH24:MI:SS'));
INSERT INTO EnrollmentLog (enrollment_id, student_id, course_id, source_college_id, target_college_id, score, origin, status, created_at, updated_at) VALUES ('EB000112', 'B2024023', 'B004', 'B', 'B', 0, 'LOCAL', 'ENROLLED', TO_TIMESTAMP('2026-05-28 00:00:00', 'YYYY-MM-DD HH24:MI:SS'), TO_TIMESTAMP('2026-05-28 00:00:00', 'YYYY-MM-DD HH24:MI:SS'));
INSERT INTO EnrollmentLog (enrollment_id, student_id, course_id, source_college_id, target_college_id, score, origin, status, created_at, updated_at) VALUES ('EB000113', 'B2024023', 'B005', 'B', 'B', 0, 'LOCAL', 'ENROLLED', TO_TIMESTAMP('2026-05-28 00:00:00', 'YYYY-MM-DD HH24:MI:SS'), TO_TIMESTAMP('2026-05-28 00:00:00', 'YYYY-MM-DD HH24:MI:SS'));
INSERT INTO EnrollmentLog (enrollment_id, student_id, course_id, source_college_id, target_college_id, score, origin, status, created_at, updated_at) VALUES ('EB000114', 'B2024023', 'B006', 'B', 'B', 0, 'LOCAL', 'ENROLLED', TO_TIMESTAMP('2026-05-28 00:00:00', 'YYYY-MM-DD HH24:MI:SS'), TO_TIMESTAMP('2026-05-28 00:00:00', 'YYYY-MM-DD HH24:MI:SS'));
INSERT INTO EnrollmentLog (enrollment_id, student_id, course_id, source_college_id, target_college_id, score, origin, status, created_at, updated_at) VALUES ('EB000115', 'B2024023', 'B007', 'B', 'B', 0, 'LOCAL', 'ENROLLED', TO_TIMESTAMP('2026-05-28 00:00:00', 'YYYY-MM-DD HH24:MI:SS'), TO_TIMESTAMP('2026-05-28 00:00:00', 'YYYY-MM-DD HH24:MI:SS'));
INSERT INTO EnrollmentLog (enrollment_id, student_id, course_id, source_college_id, target_college_id, score, origin, status, created_at, updated_at) VALUES ('EB000116', 'B2024024', 'B004', 'B', 'B', 0, 'LOCAL', 'ENROLLED', TO_TIMESTAMP('2026-05-28 00:00:00', 'YYYY-MM-DD HH24:MI:SS'), TO_TIMESTAMP('2026-05-28 00:00:00', 'YYYY-MM-DD HH24:MI:SS'));
INSERT INTO EnrollmentLog (enrollment_id, student_id, course_id, source_college_id, target_college_id, score, origin, status, created_at, updated_at) VALUES ('EB000117', 'B2024024', 'B005', 'B', 'B', 0, 'LOCAL', 'ENROLLED', TO_TIMESTAMP('2026-05-28 00:00:00', 'YYYY-MM-DD HH24:MI:SS'), TO_TIMESTAMP('2026-05-28 00:00:00', 'YYYY-MM-DD HH24:MI:SS'));
INSERT INTO EnrollmentLog (enrollment_id, student_id, course_id, source_college_id, target_college_id, score, origin, status, created_at, updated_at) VALUES ('EB000118', 'B2024024', 'B006', 'B', 'B', 0, 'LOCAL', 'ENROLLED', TO_TIMESTAMP('2026-05-28 00:00:00', 'YYYY-MM-DD HH24:MI:SS'), TO_TIMESTAMP('2026-05-28 00:00:00', 'YYYY-MM-DD HH24:MI:SS'));
INSERT INTO EnrollmentLog (enrollment_id, student_id, course_id, source_college_id, target_college_id, score, origin, status, created_at, updated_at) VALUES ('EB000119', 'B2024024', 'B007', 'B', 'B', 0, 'LOCAL', 'ENROLLED', TO_TIMESTAMP('2026-05-28 00:00:00', 'YYYY-MM-DD HH24:MI:SS'), TO_TIMESTAMP('2026-05-28 00:00:00', 'YYYY-MM-DD HH24:MI:SS'));
INSERT INTO EnrollmentLog (enrollment_id, student_id, course_id, source_college_id, target_college_id, score, origin, status, created_at, updated_at) VALUES ('EB000120', 'B2024024', 'B008', 'B', 'B', 0, 'LOCAL', 'ENROLLED', TO_TIMESTAMP('2026-05-28 00:00:00', 'YYYY-MM-DD HH24:MI:SS'), TO_TIMESTAMP('2026-05-28 00:00:00', 'YYYY-MM-DD HH24:MI:SS'));
INSERT INTO EnrollmentLog (enrollment_id, student_id, course_id, source_college_id, target_college_id, score, origin, status, created_at, updated_at) VALUES ('EB000121', 'B2024025', 'B005', 'B', 'B', 0, 'LOCAL', 'ENROLLED', TO_TIMESTAMP('2026-05-28 00:00:00', 'YYYY-MM-DD HH24:MI:SS'), TO_TIMESTAMP('2026-05-28 00:00:00', 'YYYY-MM-DD HH24:MI:SS'));
INSERT INTO EnrollmentLog (enrollment_id, student_id, course_id, source_college_id, target_college_id, score, origin, status, created_at, updated_at) VALUES ('EB000122', 'B2024025', 'B006', 'B', 'B', 0, 'LOCAL', 'ENROLLED', TO_TIMESTAMP('2026-05-28 00:00:00', 'YYYY-MM-DD HH24:MI:SS'), TO_TIMESTAMP('2026-05-28 00:00:00', 'YYYY-MM-DD HH24:MI:SS'));
INSERT INTO EnrollmentLog (enrollment_id, student_id, course_id, source_college_id, target_college_id, score, origin, status, created_at, updated_at) VALUES ('EB000123', 'B2024025', 'B007', 'B', 'B', 0, 'LOCAL', 'ENROLLED', TO_TIMESTAMP('2026-05-28 00:00:00', 'YYYY-MM-DD HH24:MI:SS'), TO_TIMESTAMP('2026-05-28 00:00:00', 'YYYY-MM-DD HH24:MI:SS'));
INSERT INTO EnrollmentLog (enrollment_id, student_id, course_id, source_college_id, target_college_id, score, origin, status, created_at, updated_at) VALUES ('EB000124', 'B2024025', 'B008', 'B', 'B', 0, 'LOCAL', 'ENROLLED', TO_TIMESTAMP('2026-05-28 00:00:00', 'YYYY-MM-DD HH24:MI:SS'), TO_TIMESTAMP('2026-05-28 00:00:00', 'YYYY-MM-DD HH24:MI:SS'));
INSERT INTO EnrollmentLog (enrollment_id, student_id, course_id, source_college_id, target_college_id, score, origin, status, created_at, updated_at) VALUES ('EB000125', 'B2024025', 'B009', 'B', 'B', 0, 'LOCAL', 'ENROLLED', TO_TIMESTAMP('2026-05-28 00:00:00', 'YYYY-MM-DD HH24:MI:SS'), TO_TIMESTAMP('2026-05-28 00:00:00', 'YYYY-MM-DD HH24:MI:SS'));
INSERT INTO EnrollmentLog (enrollment_id, student_id, course_id, source_college_id, target_college_id, score, origin, status, created_at, updated_at) VALUES ('EB000126', 'B2024026', 'B006', 'B', 'B', 0, 'LOCAL', 'ENROLLED', TO_TIMESTAMP('2026-05-28 00:00:00', 'YYYY-MM-DD HH24:MI:SS'), TO_TIMESTAMP('2026-05-28 00:00:00', 'YYYY-MM-DD HH24:MI:SS'));
INSERT INTO EnrollmentLog (enrollment_id, student_id, course_id, source_college_id, target_college_id, score, origin, status, created_at, updated_at) VALUES ('EB000127', 'B2024026', 'B007', 'B', 'B', 0, 'LOCAL', 'ENROLLED', TO_TIMESTAMP('2026-05-28 00:00:00', 'YYYY-MM-DD HH24:MI:SS'), TO_TIMESTAMP('2026-05-28 00:00:00', 'YYYY-MM-DD HH24:MI:SS'));
INSERT INTO EnrollmentLog (enrollment_id, student_id, course_id, source_college_id, target_college_id, score, origin, status, created_at, updated_at) VALUES ('EB000128', 'B2024026', 'B008', 'B', 'B', 0, 'LOCAL', 'ENROLLED', TO_TIMESTAMP('2026-05-28 00:00:00', 'YYYY-MM-DD HH24:MI:SS'), TO_TIMESTAMP('2026-05-28 00:00:00', 'YYYY-MM-DD HH24:MI:SS'));
INSERT INTO EnrollmentLog (enrollment_id, student_id, course_id, source_college_id, target_college_id, score, origin, status, created_at, updated_at) VALUES ('EB000129', 'B2024026', 'B009', 'B', 'B', 0, 'LOCAL', 'ENROLLED', TO_TIMESTAMP('2026-05-28 00:00:00', 'YYYY-MM-DD HH24:MI:SS'), TO_TIMESTAMP('2026-05-28 00:00:00', 'YYYY-MM-DD HH24:MI:SS'));
INSERT INTO EnrollmentLog (enrollment_id, student_id, course_id, source_college_id, target_college_id, score, origin, status, created_at, updated_at) VALUES ('EB000130', 'B2024026', 'B010', 'B', 'B', 0, 'LOCAL', 'ENROLLED', TO_TIMESTAMP('2026-05-28 00:00:00', 'YYYY-MM-DD HH24:MI:SS'), TO_TIMESTAMP('2026-05-28 00:00:00', 'YYYY-MM-DD HH24:MI:SS'));
INSERT INTO EnrollmentLog (enrollment_id, student_id, course_id, source_college_id, target_college_id, score, origin, status, created_at, updated_at) VALUES ('EB000131', 'B2024027', 'B007', 'B', 'B', 0, 'LOCAL', 'ENROLLED', TO_TIMESTAMP('2026-05-28 00:00:00', 'YYYY-MM-DD HH24:MI:SS'), TO_TIMESTAMP('2026-05-28 00:00:00', 'YYYY-MM-DD HH24:MI:SS'));
INSERT INTO EnrollmentLog (enrollment_id, student_id, course_id, source_college_id, target_college_id, score, origin, status, created_at, updated_at) VALUES ('EB000132', 'B2024027', 'B008', 'B', 'B', 0, 'LOCAL', 'ENROLLED', TO_TIMESTAMP('2026-05-28 00:00:00', 'YYYY-MM-DD HH24:MI:SS'), TO_TIMESTAMP('2026-05-28 00:00:00', 'YYYY-MM-DD HH24:MI:SS'));
INSERT INTO EnrollmentLog (enrollment_id, student_id, course_id, source_college_id, target_college_id, score, origin, status, created_at, updated_at) VALUES ('EB000133', 'B2024027', 'B009', 'B', 'B', 0, 'LOCAL', 'ENROLLED', TO_TIMESTAMP('2026-05-28 00:00:00', 'YYYY-MM-DD HH24:MI:SS'), TO_TIMESTAMP('2026-05-28 00:00:00', 'YYYY-MM-DD HH24:MI:SS'));
INSERT INTO EnrollmentLog (enrollment_id, student_id, course_id, source_college_id, target_college_id, score, origin, status, created_at, updated_at) VALUES ('EB000134', 'B2024027', 'B010', 'B', 'B', 0, 'LOCAL', 'ENROLLED', TO_TIMESTAMP('2026-05-28 00:00:00', 'YYYY-MM-DD HH24:MI:SS'), TO_TIMESTAMP('2026-05-28 00:00:00', 'YYYY-MM-DD HH24:MI:SS'));
INSERT INTO EnrollmentLog (enrollment_id, student_id, course_id, source_college_id, target_college_id, score, origin, status, created_at, updated_at) VALUES ('EB000135', 'B2024027', 'B001', 'B', 'B', 0, 'LOCAL', 'ENROLLED', TO_TIMESTAMP('2026-05-28 00:00:00', 'YYYY-MM-DD HH24:MI:SS'), TO_TIMESTAMP('2026-05-28 00:00:00', 'YYYY-MM-DD HH24:MI:SS'));
INSERT INTO EnrollmentLog (enrollment_id, student_id, course_id, source_college_id, target_college_id, score, origin, status, created_at, updated_at) VALUES ('EB000136', 'B2024028', 'B008', 'B', 'B', 0, 'LOCAL', 'ENROLLED', TO_TIMESTAMP('2026-05-28 00:00:00', 'YYYY-MM-DD HH24:MI:SS'), TO_TIMESTAMP('2026-05-28 00:00:00', 'YYYY-MM-DD HH24:MI:SS'));
INSERT INTO EnrollmentLog (enrollment_id, student_id, course_id, source_college_id, target_college_id, score, origin, status, created_at, updated_at) VALUES ('EB000137', 'B2024028', 'B009', 'B', 'B', 0, 'LOCAL', 'ENROLLED', TO_TIMESTAMP('2026-05-28 00:00:00', 'YYYY-MM-DD HH24:MI:SS'), TO_TIMESTAMP('2026-05-28 00:00:00', 'YYYY-MM-DD HH24:MI:SS'));
INSERT INTO EnrollmentLog (enrollment_id, student_id, course_id, source_college_id, target_college_id, score, origin, status, created_at, updated_at) VALUES ('EB000138', 'B2024028', 'B010', 'B', 'B', 0, 'LOCAL', 'ENROLLED', TO_TIMESTAMP('2026-05-28 00:00:00', 'YYYY-MM-DD HH24:MI:SS'), TO_TIMESTAMP('2026-05-28 00:00:00', 'YYYY-MM-DD HH24:MI:SS'));
INSERT INTO EnrollmentLog (enrollment_id, student_id, course_id, source_college_id, target_college_id, score, origin, status, created_at, updated_at) VALUES ('EB000139', 'B2024028', 'B001', 'B', 'B', 0, 'LOCAL', 'ENROLLED', TO_TIMESTAMP('2026-05-28 00:00:00', 'YYYY-MM-DD HH24:MI:SS'), TO_TIMESTAMP('2026-05-28 00:00:00', 'YYYY-MM-DD HH24:MI:SS'));
INSERT INTO EnrollmentLog (enrollment_id, student_id, course_id, source_college_id, target_college_id, score, origin, status, created_at, updated_at) VALUES ('EB000140', 'B2024028', 'B002', 'B', 'B', 0, 'LOCAL', 'ENROLLED', TO_TIMESTAMP('2026-05-28 00:00:00', 'YYYY-MM-DD HH24:MI:SS'), TO_TIMESTAMP('2026-05-28 00:00:00', 'YYYY-MM-DD HH24:MI:SS'));
INSERT INTO EnrollmentLog (enrollment_id, student_id, course_id, source_college_id, target_college_id, score, origin, status, created_at, updated_at) VALUES ('EB000141', 'B2024029', 'B009', 'B', 'B', 0, 'LOCAL', 'ENROLLED', TO_TIMESTAMP('2026-05-28 00:00:00', 'YYYY-MM-DD HH24:MI:SS'), TO_TIMESTAMP('2026-05-28 00:00:00', 'YYYY-MM-DD HH24:MI:SS'));
INSERT INTO EnrollmentLog (enrollment_id, student_id, course_id, source_college_id, target_college_id, score, origin, status, created_at, updated_at) VALUES ('EB000142', 'B2024029', 'B010', 'B', 'B', 0, 'LOCAL', 'ENROLLED', TO_TIMESTAMP('2026-05-28 00:00:00', 'YYYY-MM-DD HH24:MI:SS'), TO_TIMESTAMP('2026-05-28 00:00:00', 'YYYY-MM-DD HH24:MI:SS'));
INSERT INTO EnrollmentLog (enrollment_id, student_id, course_id, source_college_id, target_college_id, score, origin, status, created_at, updated_at) VALUES ('EB000143', 'B2024029', 'B001', 'B', 'B', 0, 'LOCAL', 'ENROLLED', TO_TIMESTAMP('2026-05-28 00:00:00', 'YYYY-MM-DD HH24:MI:SS'), TO_TIMESTAMP('2026-05-28 00:00:00', 'YYYY-MM-DD HH24:MI:SS'));
INSERT INTO EnrollmentLog (enrollment_id, student_id, course_id, source_college_id, target_college_id, score, origin, status, created_at, updated_at) VALUES ('EB000144', 'B2024029', 'B002', 'B', 'B', 0, 'LOCAL', 'ENROLLED', TO_TIMESTAMP('2026-05-28 00:00:00', 'YYYY-MM-DD HH24:MI:SS'), TO_TIMESTAMP('2026-05-28 00:00:00', 'YYYY-MM-DD HH24:MI:SS'));
INSERT INTO EnrollmentLog (enrollment_id, student_id, course_id, source_college_id, target_college_id, score, origin, status, created_at, updated_at) VALUES ('EB000145', 'B2024029', 'B003', 'B', 'B', 0, 'LOCAL', 'ENROLLED', TO_TIMESTAMP('2026-05-28 00:00:00', 'YYYY-MM-DD HH24:MI:SS'), TO_TIMESTAMP('2026-05-28 00:00:00', 'YYYY-MM-DD HH24:MI:SS'));
INSERT INTO EnrollmentLog (enrollment_id, student_id, course_id, source_college_id, target_college_id, score, origin, status, created_at, updated_at) VALUES ('EB000146', 'B2024030', 'B010', 'B', 'B', 0, 'LOCAL', 'ENROLLED', TO_TIMESTAMP('2026-05-28 00:00:00', 'YYYY-MM-DD HH24:MI:SS'), TO_TIMESTAMP('2026-05-28 00:00:00', 'YYYY-MM-DD HH24:MI:SS'));
INSERT INTO EnrollmentLog (enrollment_id, student_id, course_id, source_college_id, target_college_id, score, origin, status, created_at, updated_at) VALUES ('EB000147', 'B2024030', 'B001', 'B', 'B', 0, 'LOCAL', 'ENROLLED', TO_TIMESTAMP('2026-05-28 00:00:00', 'YYYY-MM-DD HH24:MI:SS'), TO_TIMESTAMP('2026-05-28 00:00:00', 'YYYY-MM-DD HH24:MI:SS'));
INSERT INTO EnrollmentLog (enrollment_id, student_id, course_id, source_college_id, target_college_id, score, origin, status, created_at, updated_at) VALUES ('EB000148', 'B2024030', 'B002', 'B', 'B', 0, 'LOCAL', 'ENROLLED', TO_TIMESTAMP('2026-05-28 00:00:00', 'YYYY-MM-DD HH24:MI:SS'), TO_TIMESTAMP('2026-05-28 00:00:00', 'YYYY-MM-DD HH24:MI:SS'));
INSERT INTO EnrollmentLog (enrollment_id, student_id, course_id, source_college_id, target_college_id, score, origin, status, created_at, updated_at) VALUES ('EB000149', 'B2024030', 'B003', 'B', 'B', 0, 'LOCAL', 'ENROLLED', TO_TIMESTAMP('2026-05-28 00:00:00', 'YYYY-MM-DD HH24:MI:SS'), TO_TIMESTAMP('2026-05-28 00:00:00', 'YYYY-MM-DD HH24:MI:SS'));
INSERT INTO EnrollmentLog (enrollment_id, student_id, course_id, source_college_id, target_college_id, score, origin, status, created_at, updated_at) VALUES ('EB000150', 'B2024030', 'B004', 'B', 'B', 0, 'LOCAL', 'ENROLLED', TO_TIMESTAMP('2026-05-28 00:00:00', 'YYYY-MM-DD HH24:MI:SS'), TO_TIMESTAMP('2026-05-28 00:00:00', 'YYYY-MM-DD HH24:MI:SS'));
INSERT INTO EnrollmentLog (enrollment_id, student_id, course_id, source_college_id, target_college_id, score, origin, status, created_at, updated_at) VALUES ('EB000151', 'B2024031', 'B001', 'B', 'B', 0, 'LOCAL', 'ENROLLED', TO_TIMESTAMP('2026-05-28 00:00:00', 'YYYY-MM-DD HH24:MI:SS'), TO_TIMESTAMP('2026-05-28 00:00:00', 'YYYY-MM-DD HH24:MI:SS'));
INSERT INTO EnrollmentLog (enrollment_id, student_id, course_id, source_college_id, target_college_id, score, origin, status, created_at, updated_at) VALUES ('EB000152', 'B2024031', 'B002', 'B', 'B', 0, 'LOCAL', 'ENROLLED', TO_TIMESTAMP('2026-05-28 00:00:00', 'YYYY-MM-DD HH24:MI:SS'), TO_TIMESTAMP('2026-05-28 00:00:00', 'YYYY-MM-DD HH24:MI:SS'));
INSERT INTO EnrollmentLog (enrollment_id, student_id, course_id, source_college_id, target_college_id, score, origin, status, created_at, updated_at) VALUES ('EB000153', 'B2024031', 'B003', 'B', 'B', 0, 'LOCAL', 'ENROLLED', TO_TIMESTAMP('2026-05-28 00:00:00', 'YYYY-MM-DD HH24:MI:SS'), TO_TIMESTAMP('2026-05-28 00:00:00', 'YYYY-MM-DD HH24:MI:SS'));
INSERT INTO EnrollmentLog (enrollment_id, student_id, course_id, source_college_id, target_college_id, score, origin, status, created_at, updated_at) VALUES ('EB000154', 'B2024031', 'B004', 'B', 'B', 0, 'LOCAL', 'ENROLLED', TO_TIMESTAMP('2026-05-28 00:00:00', 'YYYY-MM-DD HH24:MI:SS'), TO_TIMESTAMP('2026-05-28 00:00:00', 'YYYY-MM-DD HH24:MI:SS'));
INSERT INTO EnrollmentLog (enrollment_id, student_id, course_id, source_college_id, target_college_id, score, origin, status, created_at, updated_at) VALUES ('EB000155', 'B2024031', 'B005', 'B', 'B', 0, 'LOCAL', 'ENROLLED', TO_TIMESTAMP('2026-05-28 00:00:00', 'YYYY-MM-DD HH24:MI:SS'), TO_TIMESTAMP('2026-05-28 00:00:00', 'YYYY-MM-DD HH24:MI:SS'));
INSERT INTO EnrollmentLog (enrollment_id, student_id, course_id, source_college_id, target_college_id, score, origin, status, created_at, updated_at) VALUES ('EB000156', 'B2024032', 'B002', 'B', 'B', 0, 'LOCAL', 'ENROLLED', TO_TIMESTAMP('2026-05-28 00:00:00', 'YYYY-MM-DD HH24:MI:SS'), TO_TIMESTAMP('2026-05-28 00:00:00', 'YYYY-MM-DD HH24:MI:SS'));
INSERT INTO EnrollmentLog (enrollment_id, student_id, course_id, source_college_id, target_college_id, score, origin, status, created_at, updated_at) VALUES ('EB000157', 'B2024032', 'B003', 'B', 'B', 0, 'LOCAL', 'ENROLLED', TO_TIMESTAMP('2026-05-28 00:00:00', 'YYYY-MM-DD HH24:MI:SS'), TO_TIMESTAMP('2026-05-28 00:00:00', 'YYYY-MM-DD HH24:MI:SS'));
INSERT INTO EnrollmentLog (enrollment_id, student_id, course_id, source_college_id, target_college_id, score, origin, status, created_at, updated_at) VALUES ('EB000158', 'B2024032', 'B004', 'B', 'B', 0, 'LOCAL', 'ENROLLED', TO_TIMESTAMP('2026-05-28 00:00:00', 'YYYY-MM-DD HH24:MI:SS'), TO_TIMESTAMP('2026-05-28 00:00:00', 'YYYY-MM-DD HH24:MI:SS'));
INSERT INTO EnrollmentLog (enrollment_id, student_id, course_id, source_college_id, target_college_id, score, origin, status, created_at, updated_at) VALUES ('EB000159', 'B2024032', 'B005', 'B', 'B', 0, 'LOCAL', 'ENROLLED', TO_TIMESTAMP('2026-05-28 00:00:00', 'YYYY-MM-DD HH24:MI:SS'), TO_TIMESTAMP('2026-05-28 00:00:00', 'YYYY-MM-DD HH24:MI:SS'));
INSERT INTO EnrollmentLog (enrollment_id, student_id, course_id, source_college_id, target_college_id, score, origin, status, created_at, updated_at) VALUES ('EB000160', 'B2024032', 'B006', 'B', 'B', 0, 'LOCAL', 'ENROLLED', TO_TIMESTAMP('2026-05-28 00:00:00', 'YYYY-MM-DD HH24:MI:SS'), TO_TIMESTAMP('2026-05-28 00:00:00', 'YYYY-MM-DD HH24:MI:SS'));
INSERT INTO EnrollmentLog (enrollment_id, student_id, course_id, source_college_id, target_college_id, score, origin, status, created_at, updated_at) VALUES ('EB000161', 'B2024033', 'B003', 'B', 'B', 0, 'LOCAL', 'ENROLLED', TO_TIMESTAMP('2026-05-28 00:00:00', 'YYYY-MM-DD HH24:MI:SS'), TO_TIMESTAMP('2026-05-28 00:00:00', 'YYYY-MM-DD HH24:MI:SS'));
INSERT INTO EnrollmentLog (enrollment_id, student_id, course_id, source_college_id, target_college_id, score, origin, status, created_at, updated_at) VALUES ('EB000162', 'B2024033', 'B004', 'B', 'B', 0, 'LOCAL', 'ENROLLED', TO_TIMESTAMP('2026-05-28 00:00:00', 'YYYY-MM-DD HH24:MI:SS'), TO_TIMESTAMP('2026-05-28 00:00:00', 'YYYY-MM-DD HH24:MI:SS'));
INSERT INTO EnrollmentLog (enrollment_id, student_id, course_id, source_college_id, target_college_id, score, origin, status, created_at, updated_at) VALUES ('EB000163', 'B2024033', 'B005', 'B', 'B', 0, 'LOCAL', 'ENROLLED', TO_TIMESTAMP('2026-05-28 00:00:00', 'YYYY-MM-DD HH24:MI:SS'), TO_TIMESTAMP('2026-05-28 00:00:00', 'YYYY-MM-DD HH24:MI:SS'));
INSERT INTO EnrollmentLog (enrollment_id, student_id, course_id, source_college_id, target_college_id, score, origin, status, created_at, updated_at) VALUES ('EB000164', 'B2024033', 'B006', 'B', 'B', 0, 'LOCAL', 'ENROLLED', TO_TIMESTAMP('2026-05-28 00:00:00', 'YYYY-MM-DD HH24:MI:SS'), TO_TIMESTAMP('2026-05-28 00:00:00', 'YYYY-MM-DD HH24:MI:SS'));
INSERT INTO EnrollmentLog (enrollment_id, student_id, course_id, source_college_id, target_college_id, score, origin, status, created_at, updated_at) VALUES ('EB000165', 'B2024033', 'B007', 'B', 'B', 0, 'LOCAL', 'ENROLLED', TO_TIMESTAMP('2026-05-28 00:00:00', 'YYYY-MM-DD HH24:MI:SS'), TO_TIMESTAMP('2026-05-28 00:00:00', 'YYYY-MM-DD HH24:MI:SS'));
INSERT INTO EnrollmentLog (enrollment_id, student_id, course_id, source_college_id, target_college_id, score, origin, status, created_at, updated_at) VALUES ('EB000166', 'B2024034', 'B004', 'B', 'B', 0, 'LOCAL', 'ENROLLED', TO_TIMESTAMP('2026-05-28 00:00:00', 'YYYY-MM-DD HH24:MI:SS'), TO_TIMESTAMP('2026-05-28 00:00:00', 'YYYY-MM-DD HH24:MI:SS'));
INSERT INTO EnrollmentLog (enrollment_id, student_id, course_id, source_college_id, target_college_id, score, origin, status, created_at, updated_at) VALUES ('EB000167', 'B2024034', 'B005', 'B', 'B', 0, 'LOCAL', 'ENROLLED', TO_TIMESTAMP('2026-05-28 00:00:00', 'YYYY-MM-DD HH24:MI:SS'), TO_TIMESTAMP('2026-05-28 00:00:00', 'YYYY-MM-DD HH24:MI:SS'));
INSERT INTO EnrollmentLog (enrollment_id, student_id, course_id, source_college_id, target_college_id, score, origin, status, created_at, updated_at) VALUES ('EB000168', 'B2024034', 'B006', 'B', 'B', 0, 'LOCAL', 'ENROLLED', TO_TIMESTAMP('2026-05-28 00:00:00', 'YYYY-MM-DD HH24:MI:SS'), TO_TIMESTAMP('2026-05-28 00:00:00', 'YYYY-MM-DD HH24:MI:SS'));
INSERT INTO EnrollmentLog (enrollment_id, student_id, course_id, source_college_id, target_college_id, score, origin, status, created_at, updated_at) VALUES ('EB000169', 'B2024034', 'B007', 'B', 'B', 0, 'LOCAL', 'ENROLLED', TO_TIMESTAMP('2026-05-28 00:00:00', 'YYYY-MM-DD HH24:MI:SS'), TO_TIMESTAMP('2026-05-28 00:00:00', 'YYYY-MM-DD HH24:MI:SS'));
INSERT INTO EnrollmentLog (enrollment_id, student_id, course_id, source_college_id, target_college_id, score, origin, status, created_at, updated_at) VALUES ('EB000170', 'B2024034', 'B008', 'B', 'B', 0, 'LOCAL', 'ENROLLED', TO_TIMESTAMP('2026-05-28 00:00:00', 'YYYY-MM-DD HH24:MI:SS'), TO_TIMESTAMP('2026-05-28 00:00:00', 'YYYY-MM-DD HH24:MI:SS'));
INSERT INTO EnrollmentLog (enrollment_id, student_id, course_id, source_college_id, target_college_id, score, origin, status, created_at, updated_at) VALUES ('EB000171', 'B2024035', 'B005', 'B', 'B', 0, 'LOCAL', 'ENROLLED', TO_TIMESTAMP('2026-05-28 00:00:00', 'YYYY-MM-DD HH24:MI:SS'), TO_TIMESTAMP('2026-05-28 00:00:00', 'YYYY-MM-DD HH24:MI:SS'));
INSERT INTO EnrollmentLog (enrollment_id, student_id, course_id, source_college_id, target_college_id, score, origin, status, created_at, updated_at) VALUES ('EB000172', 'B2024035', 'B006', 'B', 'B', 0, 'LOCAL', 'ENROLLED', TO_TIMESTAMP('2026-05-28 00:00:00', 'YYYY-MM-DD HH24:MI:SS'), TO_TIMESTAMP('2026-05-28 00:00:00', 'YYYY-MM-DD HH24:MI:SS'));
INSERT INTO EnrollmentLog (enrollment_id, student_id, course_id, source_college_id, target_college_id, score, origin, status, created_at, updated_at) VALUES ('EB000173', 'B2024035', 'B007', 'B', 'B', 0, 'LOCAL', 'ENROLLED', TO_TIMESTAMP('2026-05-28 00:00:00', 'YYYY-MM-DD HH24:MI:SS'), TO_TIMESTAMP('2026-05-28 00:00:00', 'YYYY-MM-DD HH24:MI:SS'));
INSERT INTO EnrollmentLog (enrollment_id, student_id, course_id, source_college_id, target_college_id, score, origin, status, created_at, updated_at) VALUES ('EB000174', 'B2024035', 'B008', 'B', 'B', 0, 'LOCAL', 'ENROLLED', TO_TIMESTAMP('2026-05-28 00:00:00', 'YYYY-MM-DD HH24:MI:SS'), TO_TIMESTAMP('2026-05-28 00:00:00', 'YYYY-MM-DD HH24:MI:SS'));
INSERT INTO EnrollmentLog (enrollment_id, student_id, course_id, source_college_id, target_college_id, score, origin, status, created_at, updated_at) VALUES ('EB000175', 'B2024035', 'B009', 'B', 'B', 0, 'LOCAL', 'ENROLLED', TO_TIMESTAMP('2026-05-28 00:00:00', 'YYYY-MM-DD HH24:MI:SS'), TO_TIMESTAMP('2026-05-28 00:00:00', 'YYYY-MM-DD HH24:MI:SS'));
INSERT INTO EnrollmentLog (enrollment_id, student_id, course_id, source_college_id, target_college_id, score, origin, status, created_at, updated_at) VALUES ('EB000176', 'B2024036', 'B006', 'B', 'B', 0, 'LOCAL', 'ENROLLED', TO_TIMESTAMP('2026-05-28 00:00:00', 'YYYY-MM-DD HH24:MI:SS'), TO_TIMESTAMP('2026-05-28 00:00:00', 'YYYY-MM-DD HH24:MI:SS'));
INSERT INTO EnrollmentLog (enrollment_id, student_id, course_id, source_college_id, target_college_id, score, origin, status, created_at, updated_at) VALUES ('EB000177', 'B2024036', 'B007', 'B', 'B', 0, 'LOCAL', 'ENROLLED', TO_TIMESTAMP('2026-05-28 00:00:00', 'YYYY-MM-DD HH24:MI:SS'), TO_TIMESTAMP('2026-05-28 00:00:00', 'YYYY-MM-DD HH24:MI:SS'));
INSERT INTO EnrollmentLog (enrollment_id, student_id, course_id, source_college_id, target_college_id, score, origin, status, created_at, updated_at) VALUES ('EB000178', 'B2024036', 'B008', 'B', 'B', 0, 'LOCAL', 'ENROLLED', TO_TIMESTAMP('2026-05-28 00:00:00', 'YYYY-MM-DD HH24:MI:SS'), TO_TIMESTAMP('2026-05-28 00:00:00', 'YYYY-MM-DD HH24:MI:SS'));
INSERT INTO EnrollmentLog (enrollment_id, student_id, course_id, source_college_id, target_college_id, score, origin, status, created_at, updated_at) VALUES ('EB000179', 'B2024036', 'B009', 'B', 'B', 0, 'LOCAL', 'ENROLLED', TO_TIMESTAMP('2026-05-28 00:00:00', 'YYYY-MM-DD HH24:MI:SS'), TO_TIMESTAMP('2026-05-28 00:00:00', 'YYYY-MM-DD HH24:MI:SS'));
INSERT INTO EnrollmentLog (enrollment_id, student_id, course_id, source_college_id, target_college_id, score, origin, status, created_at, updated_at) VALUES ('EB000180', 'B2024036', 'B010', 'B', 'B', 0, 'LOCAL', 'ENROLLED', TO_TIMESTAMP('2026-05-28 00:00:00', 'YYYY-MM-DD HH24:MI:SS'), TO_TIMESTAMP('2026-05-28 00:00:00', 'YYYY-MM-DD HH24:MI:SS'));
INSERT INTO EnrollmentLog (enrollment_id, student_id, course_id, source_college_id, target_college_id, score, origin, status, created_at, updated_at) VALUES ('EB000181', 'B2024037', 'B007', 'B', 'B', 0, 'LOCAL', 'ENROLLED', TO_TIMESTAMP('2026-05-28 00:00:00', 'YYYY-MM-DD HH24:MI:SS'), TO_TIMESTAMP('2026-05-28 00:00:00', 'YYYY-MM-DD HH24:MI:SS'));
INSERT INTO EnrollmentLog (enrollment_id, student_id, course_id, source_college_id, target_college_id, score, origin, status, created_at, updated_at) VALUES ('EB000182', 'B2024037', 'B008', 'B', 'B', 0, 'LOCAL', 'ENROLLED', TO_TIMESTAMP('2026-05-28 00:00:00', 'YYYY-MM-DD HH24:MI:SS'), TO_TIMESTAMP('2026-05-28 00:00:00', 'YYYY-MM-DD HH24:MI:SS'));
INSERT INTO EnrollmentLog (enrollment_id, student_id, course_id, source_college_id, target_college_id, score, origin, status, created_at, updated_at) VALUES ('EB000183', 'B2024037', 'B009', 'B', 'B', 0, 'LOCAL', 'ENROLLED', TO_TIMESTAMP('2026-05-28 00:00:00', 'YYYY-MM-DD HH24:MI:SS'), TO_TIMESTAMP('2026-05-28 00:00:00', 'YYYY-MM-DD HH24:MI:SS'));
INSERT INTO EnrollmentLog (enrollment_id, student_id, course_id, source_college_id, target_college_id, score, origin, status, created_at, updated_at) VALUES ('EB000184', 'B2024037', 'B010', 'B', 'B', 0, 'LOCAL', 'ENROLLED', TO_TIMESTAMP('2026-05-28 00:00:00', 'YYYY-MM-DD HH24:MI:SS'), TO_TIMESTAMP('2026-05-28 00:00:00', 'YYYY-MM-DD HH24:MI:SS'));
INSERT INTO EnrollmentLog (enrollment_id, student_id, course_id, source_college_id, target_college_id, score, origin, status, created_at, updated_at) VALUES ('EB000185', 'B2024037', 'B001', 'B', 'B', 0, 'LOCAL', 'ENROLLED', TO_TIMESTAMP('2026-05-28 00:00:00', 'YYYY-MM-DD HH24:MI:SS'), TO_TIMESTAMP('2026-05-28 00:00:00', 'YYYY-MM-DD HH24:MI:SS'));
INSERT INTO EnrollmentLog (enrollment_id, student_id, course_id, source_college_id, target_college_id, score, origin, status, created_at, updated_at) VALUES ('EB000186', 'B2024038', 'B008', 'B', 'B', 0, 'LOCAL', 'ENROLLED', TO_TIMESTAMP('2026-05-28 00:00:00', 'YYYY-MM-DD HH24:MI:SS'), TO_TIMESTAMP('2026-05-28 00:00:00', 'YYYY-MM-DD HH24:MI:SS'));
INSERT INTO EnrollmentLog (enrollment_id, student_id, course_id, source_college_id, target_college_id, score, origin, status, created_at, updated_at) VALUES ('EB000187', 'B2024038', 'B009', 'B', 'B', 0, 'LOCAL', 'ENROLLED', TO_TIMESTAMP('2026-05-28 00:00:00', 'YYYY-MM-DD HH24:MI:SS'), TO_TIMESTAMP('2026-05-28 00:00:00', 'YYYY-MM-DD HH24:MI:SS'));
INSERT INTO EnrollmentLog (enrollment_id, student_id, course_id, source_college_id, target_college_id, score, origin, status, created_at, updated_at) VALUES ('EB000188', 'B2024038', 'B010', 'B', 'B', 0, 'LOCAL', 'ENROLLED', TO_TIMESTAMP('2026-05-28 00:00:00', 'YYYY-MM-DD HH24:MI:SS'), TO_TIMESTAMP('2026-05-28 00:00:00', 'YYYY-MM-DD HH24:MI:SS'));
INSERT INTO EnrollmentLog (enrollment_id, student_id, course_id, source_college_id, target_college_id, score, origin, status, created_at, updated_at) VALUES ('EB000189', 'B2024038', 'B001', 'B', 'B', 0, 'LOCAL', 'ENROLLED', TO_TIMESTAMP('2026-05-28 00:00:00', 'YYYY-MM-DD HH24:MI:SS'), TO_TIMESTAMP('2026-05-28 00:00:00', 'YYYY-MM-DD HH24:MI:SS'));
INSERT INTO EnrollmentLog (enrollment_id, student_id, course_id, source_college_id, target_college_id, score, origin, status, created_at, updated_at) VALUES ('EB000190', 'B2024038', 'B002', 'B', 'B', 0, 'LOCAL', 'ENROLLED', TO_TIMESTAMP('2026-05-28 00:00:00', 'YYYY-MM-DD HH24:MI:SS'), TO_TIMESTAMP('2026-05-28 00:00:00', 'YYYY-MM-DD HH24:MI:SS'));
INSERT INTO EnrollmentLog (enrollment_id, student_id, course_id, source_college_id, target_college_id, score, origin, status, created_at, updated_at) VALUES ('EB000191', 'B2024039', 'B009', 'B', 'B', 0, 'LOCAL', 'ENROLLED', TO_TIMESTAMP('2026-05-28 00:00:00', 'YYYY-MM-DD HH24:MI:SS'), TO_TIMESTAMP('2026-05-28 00:00:00', 'YYYY-MM-DD HH24:MI:SS'));
INSERT INTO EnrollmentLog (enrollment_id, student_id, course_id, source_college_id, target_college_id, score, origin, status, created_at, updated_at) VALUES ('EB000192', 'B2024039', 'B010', 'B', 'B', 0, 'LOCAL', 'ENROLLED', TO_TIMESTAMP('2026-05-28 00:00:00', 'YYYY-MM-DD HH24:MI:SS'), TO_TIMESTAMP('2026-05-28 00:00:00', 'YYYY-MM-DD HH24:MI:SS'));
INSERT INTO EnrollmentLog (enrollment_id, student_id, course_id, source_college_id, target_college_id, score, origin, status, created_at, updated_at) VALUES ('EB000193', 'B2024039', 'B001', 'B', 'B', 0, 'LOCAL', 'ENROLLED', TO_TIMESTAMP('2026-05-28 00:00:00', 'YYYY-MM-DD HH24:MI:SS'), TO_TIMESTAMP('2026-05-28 00:00:00', 'YYYY-MM-DD HH24:MI:SS'));
INSERT INTO EnrollmentLog (enrollment_id, student_id, course_id, source_college_id, target_college_id, score, origin, status, created_at, updated_at) VALUES ('EB000194', 'B2024039', 'B002', 'B', 'B', 0, 'LOCAL', 'ENROLLED', TO_TIMESTAMP('2026-05-28 00:00:00', 'YYYY-MM-DD HH24:MI:SS'), TO_TIMESTAMP('2026-05-28 00:00:00', 'YYYY-MM-DD HH24:MI:SS'));
INSERT INTO EnrollmentLog (enrollment_id, student_id, course_id, source_college_id, target_college_id, score, origin, status, created_at, updated_at) VALUES ('EB000195', 'B2024039', 'B003', 'B', 'B', 0, 'LOCAL', 'ENROLLED', TO_TIMESTAMP('2026-05-28 00:00:00', 'YYYY-MM-DD HH24:MI:SS'), TO_TIMESTAMP('2026-05-28 00:00:00', 'YYYY-MM-DD HH24:MI:SS'));
INSERT INTO EnrollmentLog (enrollment_id, student_id, course_id, source_college_id, target_college_id, score, origin, status, created_at, updated_at) VALUES ('EB000196', 'B2024040', 'B010', 'B', 'B', 0, 'LOCAL', 'ENROLLED', TO_TIMESTAMP('2026-05-28 00:00:00', 'YYYY-MM-DD HH24:MI:SS'), TO_TIMESTAMP('2026-05-28 00:00:00', 'YYYY-MM-DD HH24:MI:SS'));
INSERT INTO EnrollmentLog (enrollment_id, student_id, course_id, source_college_id, target_college_id, score, origin, status, created_at, updated_at) VALUES ('EB000197', 'B2024040', 'B001', 'B', 'B', 0, 'LOCAL', 'ENROLLED', TO_TIMESTAMP('2026-05-28 00:00:00', 'YYYY-MM-DD HH24:MI:SS'), TO_TIMESTAMP('2026-05-28 00:00:00', 'YYYY-MM-DD HH24:MI:SS'));
INSERT INTO EnrollmentLog (enrollment_id, student_id, course_id, source_college_id, target_college_id, score, origin, status, created_at, updated_at) VALUES ('EB000198', 'B2024040', 'B002', 'B', 'B', 0, 'LOCAL', 'ENROLLED', TO_TIMESTAMP('2026-05-28 00:00:00', 'YYYY-MM-DD HH24:MI:SS'), TO_TIMESTAMP('2026-05-28 00:00:00', 'YYYY-MM-DD HH24:MI:SS'));
INSERT INTO EnrollmentLog (enrollment_id, student_id, course_id, source_college_id, target_college_id, score, origin, status, created_at, updated_at) VALUES ('EB000199', 'B2024040', 'B003', 'B', 'B', 0, 'LOCAL', 'ENROLLED', TO_TIMESTAMP('2026-05-28 00:00:00', 'YYYY-MM-DD HH24:MI:SS'), TO_TIMESTAMP('2026-05-28 00:00:00', 'YYYY-MM-DD HH24:MI:SS'));
INSERT INTO EnrollmentLog (enrollment_id, student_id, course_id, source_college_id, target_college_id, score, origin, status, created_at, updated_at) VALUES ('EB000200', 'B2024040', 'B004', 'B', 'B', 0, 'LOCAL', 'ENROLLED', TO_TIMESTAMP('2026-05-28 00:00:00', 'YYYY-MM-DD HH24:MI:SS'), TO_TIMESTAMP('2026-05-28 00:00:00', 'YYYY-MM-DD HH24:MI:SS'));
INSERT INTO EnrollmentLog (enrollment_id, student_id, course_id, source_college_id, target_college_id, score, origin, status, created_at, updated_at) VALUES ('EB000201', 'B2024041', 'B001', 'B', 'B', 0, 'LOCAL', 'ENROLLED', TO_TIMESTAMP('2026-05-28 00:00:00', 'YYYY-MM-DD HH24:MI:SS'), TO_TIMESTAMP('2026-05-28 00:00:00', 'YYYY-MM-DD HH24:MI:SS'));
INSERT INTO EnrollmentLog (enrollment_id, student_id, course_id, source_college_id, target_college_id, score, origin, status, created_at, updated_at) VALUES ('EB000202', 'B2024041', 'B002', 'B', 'B', 0, 'LOCAL', 'ENROLLED', TO_TIMESTAMP('2026-05-28 00:00:00', 'YYYY-MM-DD HH24:MI:SS'), TO_TIMESTAMP('2026-05-28 00:00:00', 'YYYY-MM-DD HH24:MI:SS'));
INSERT INTO EnrollmentLog (enrollment_id, student_id, course_id, source_college_id, target_college_id, score, origin, status, created_at, updated_at) VALUES ('EB000203', 'B2024041', 'B003', 'B', 'B', 0, 'LOCAL', 'ENROLLED', TO_TIMESTAMP('2026-05-28 00:00:00', 'YYYY-MM-DD HH24:MI:SS'), TO_TIMESTAMP('2026-05-28 00:00:00', 'YYYY-MM-DD HH24:MI:SS'));
INSERT INTO EnrollmentLog (enrollment_id, student_id, course_id, source_college_id, target_college_id, score, origin, status, created_at, updated_at) VALUES ('EB000204', 'B2024041', 'B004', 'B', 'B', 0, 'LOCAL', 'ENROLLED', TO_TIMESTAMP('2026-05-28 00:00:00', 'YYYY-MM-DD HH24:MI:SS'), TO_TIMESTAMP('2026-05-28 00:00:00', 'YYYY-MM-DD HH24:MI:SS'));
INSERT INTO EnrollmentLog (enrollment_id, student_id, course_id, source_college_id, target_college_id, score, origin, status, created_at, updated_at) VALUES ('EB000205', 'B2024041', 'B005', 'B', 'B', 0, 'LOCAL', 'ENROLLED', TO_TIMESTAMP('2026-05-28 00:00:00', 'YYYY-MM-DD HH24:MI:SS'), TO_TIMESTAMP('2026-05-28 00:00:00', 'YYYY-MM-DD HH24:MI:SS'));
INSERT INTO EnrollmentLog (enrollment_id, student_id, course_id, source_college_id, target_college_id, score, origin, status, created_at, updated_at) VALUES ('EB000206', 'B2024042', 'B002', 'B', 'B', 0, 'LOCAL', 'ENROLLED', TO_TIMESTAMP('2026-05-28 00:00:00', 'YYYY-MM-DD HH24:MI:SS'), TO_TIMESTAMP('2026-05-28 00:00:00', 'YYYY-MM-DD HH24:MI:SS'));
INSERT INTO EnrollmentLog (enrollment_id, student_id, course_id, source_college_id, target_college_id, score, origin, status, created_at, updated_at) VALUES ('EB000207', 'B2024042', 'B003', 'B', 'B', 0, 'LOCAL', 'ENROLLED', TO_TIMESTAMP('2026-05-28 00:00:00', 'YYYY-MM-DD HH24:MI:SS'), TO_TIMESTAMP('2026-05-28 00:00:00', 'YYYY-MM-DD HH24:MI:SS'));
INSERT INTO EnrollmentLog (enrollment_id, student_id, course_id, source_college_id, target_college_id, score, origin, status, created_at, updated_at) VALUES ('EB000208', 'B2024042', 'B004', 'B', 'B', 0, 'LOCAL', 'ENROLLED', TO_TIMESTAMP('2026-05-28 00:00:00', 'YYYY-MM-DD HH24:MI:SS'), TO_TIMESTAMP('2026-05-28 00:00:00', 'YYYY-MM-DD HH24:MI:SS'));
INSERT INTO EnrollmentLog (enrollment_id, student_id, course_id, source_college_id, target_college_id, score, origin, status, created_at, updated_at) VALUES ('EB000209', 'B2024042', 'B005', 'B', 'B', 0, 'LOCAL', 'ENROLLED', TO_TIMESTAMP('2026-05-28 00:00:00', 'YYYY-MM-DD HH24:MI:SS'), TO_TIMESTAMP('2026-05-28 00:00:00', 'YYYY-MM-DD HH24:MI:SS'));
INSERT INTO EnrollmentLog (enrollment_id, student_id, course_id, source_college_id, target_college_id, score, origin, status, created_at, updated_at) VALUES ('EB000210', 'B2024042', 'B006', 'B', 'B', 0, 'LOCAL', 'ENROLLED', TO_TIMESTAMP('2026-05-28 00:00:00', 'YYYY-MM-DD HH24:MI:SS'), TO_TIMESTAMP('2026-05-28 00:00:00', 'YYYY-MM-DD HH24:MI:SS'));
INSERT INTO EnrollmentLog (enrollment_id, student_id, course_id, source_college_id, target_college_id, score, origin, status, created_at, updated_at) VALUES ('EB000211', 'B2024043', 'B003', 'B', 'B', 0, 'LOCAL', 'ENROLLED', TO_TIMESTAMP('2026-05-28 00:00:00', 'YYYY-MM-DD HH24:MI:SS'), TO_TIMESTAMP('2026-05-28 00:00:00', 'YYYY-MM-DD HH24:MI:SS'));
INSERT INTO EnrollmentLog (enrollment_id, student_id, course_id, source_college_id, target_college_id, score, origin, status, created_at, updated_at) VALUES ('EB000212', 'B2024043', 'B004', 'B', 'B', 0, 'LOCAL', 'ENROLLED', TO_TIMESTAMP('2026-05-28 00:00:00', 'YYYY-MM-DD HH24:MI:SS'), TO_TIMESTAMP('2026-05-28 00:00:00', 'YYYY-MM-DD HH24:MI:SS'));
INSERT INTO EnrollmentLog (enrollment_id, student_id, course_id, source_college_id, target_college_id, score, origin, status, created_at, updated_at) VALUES ('EB000213', 'B2024043', 'B005', 'B', 'B', 0, 'LOCAL', 'ENROLLED', TO_TIMESTAMP('2026-05-28 00:00:00', 'YYYY-MM-DD HH24:MI:SS'), TO_TIMESTAMP('2026-05-28 00:00:00', 'YYYY-MM-DD HH24:MI:SS'));
INSERT INTO EnrollmentLog (enrollment_id, student_id, course_id, source_college_id, target_college_id, score, origin, status, created_at, updated_at) VALUES ('EB000214', 'B2024043', 'B006', 'B', 'B', 0, 'LOCAL', 'ENROLLED', TO_TIMESTAMP('2026-05-28 00:00:00', 'YYYY-MM-DD HH24:MI:SS'), TO_TIMESTAMP('2026-05-28 00:00:00', 'YYYY-MM-DD HH24:MI:SS'));
INSERT INTO EnrollmentLog (enrollment_id, student_id, course_id, source_college_id, target_college_id, score, origin, status, created_at, updated_at) VALUES ('EB000215', 'B2024043', 'B007', 'B', 'B', 0, 'LOCAL', 'ENROLLED', TO_TIMESTAMP('2026-05-28 00:00:00', 'YYYY-MM-DD HH24:MI:SS'), TO_TIMESTAMP('2026-05-28 00:00:00', 'YYYY-MM-DD HH24:MI:SS'));
INSERT INTO EnrollmentLog (enrollment_id, student_id, course_id, source_college_id, target_college_id, score, origin, status, created_at, updated_at) VALUES ('EB000216', 'B2024044', 'B004', 'B', 'B', 0, 'LOCAL', 'ENROLLED', TO_TIMESTAMP('2026-05-28 00:00:00', 'YYYY-MM-DD HH24:MI:SS'), TO_TIMESTAMP('2026-05-28 00:00:00', 'YYYY-MM-DD HH24:MI:SS'));
INSERT INTO EnrollmentLog (enrollment_id, student_id, course_id, source_college_id, target_college_id, score, origin, status, created_at, updated_at) VALUES ('EB000217', 'B2024044', 'B005', 'B', 'B', 0, 'LOCAL', 'ENROLLED', TO_TIMESTAMP('2026-05-28 00:00:00', 'YYYY-MM-DD HH24:MI:SS'), TO_TIMESTAMP('2026-05-28 00:00:00', 'YYYY-MM-DD HH24:MI:SS'));
INSERT INTO EnrollmentLog (enrollment_id, student_id, course_id, source_college_id, target_college_id, score, origin, status, created_at, updated_at) VALUES ('EB000218', 'B2024044', 'B006', 'B', 'B', 0, 'LOCAL', 'ENROLLED', TO_TIMESTAMP('2026-05-28 00:00:00', 'YYYY-MM-DD HH24:MI:SS'), TO_TIMESTAMP('2026-05-28 00:00:00', 'YYYY-MM-DD HH24:MI:SS'));
INSERT INTO EnrollmentLog (enrollment_id, student_id, course_id, source_college_id, target_college_id, score, origin, status, created_at, updated_at) VALUES ('EB000219', 'B2024044', 'B007', 'B', 'B', 0, 'LOCAL', 'ENROLLED', TO_TIMESTAMP('2026-05-28 00:00:00', 'YYYY-MM-DD HH24:MI:SS'), TO_TIMESTAMP('2026-05-28 00:00:00', 'YYYY-MM-DD HH24:MI:SS'));
INSERT INTO EnrollmentLog (enrollment_id, student_id, course_id, source_college_id, target_college_id, score, origin, status, created_at, updated_at) VALUES ('EB000220', 'B2024044', 'B008', 'B', 'B', 0, 'LOCAL', 'ENROLLED', TO_TIMESTAMP('2026-05-28 00:00:00', 'YYYY-MM-DD HH24:MI:SS'), TO_TIMESTAMP('2026-05-28 00:00:00', 'YYYY-MM-DD HH24:MI:SS'));
INSERT INTO EnrollmentLog (enrollment_id, student_id, course_id, source_college_id, target_college_id, score, origin, status, created_at, updated_at) VALUES ('EB000221', 'B2024045', 'B005', 'B', 'B', 0, 'LOCAL', 'ENROLLED', TO_TIMESTAMP('2026-05-28 00:00:00', 'YYYY-MM-DD HH24:MI:SS'), TO_TIMESTAMP('2026-05-28 00:00:00', 'YYYY-MM-DD HH24:MI:SS'));
INSERT INTO EnrollmentLog (enrollment_id, student_id, course_id, source_college_id, target_college_id, score, origin, status, created_at, updated_at) VALUES ('EB000222', 'B2024045', 'B006', 'B', 'B', 0, 'LOCAL', 'ENROLLED', TO_TIMESTAMP('2026-05-28 00:00:00', 'YYYY-MM-DD HH24:MI:SS'), TO_TIMESTAMP('2026-05-28 00:00:00', 'YYYY-MM-DD HH24:MI:SS'));
INSERT INTO EnrollmentLog (enrollment_id, student_id, course_id, source_college_id, target_college_id, score, origin, status, created_at, updated_at) VALUES ('EB000223', 'B2024045', 'B007', 'B', 'B', 0, 'LOCAL', 'ENROLLED', TO_TIMESTAMP('2026-05-28 00:00:00', 'YYYY-MM-DD HH24:MI:SS'), TO_TIMESTAMP('2026-05-28 00:00:00', 'YYYY-MM-DD HH24:MI:SS'));
INSERT INTO EnrollmentLog (enrollment_id, student_id, course_id, source_college_id, target_college_id, score, origin, status, created_at, updated_at) VALUES ('EB000224', 'B2024045', 'B008', 'B', 'B', 0, 'LOCAL', 'ENROLLED', TO_TIMESTAMP('2026-05-28 00:00:00', 'YYYY-MM-DD HH24:MI:SS'), TO_TIMESTAMP('2026-05-28 00:00:00', 'YYYY-MM-DD HH24:MI:SS'));
INSERT INTO EnrollmentLog (enrollment_id, student_id, course_id, source_college_id, target_college_id, score, origin, status, created_at, updated_at) VALUES ('EB000225', 'B2024045', 'B009', 'B', 'B', 0, 'LOCAL', 'ENROLLED', TO_TIMESTAMP('2026-05-28 00:00:00', 'YYYY-MM-DD HH24:MI:SS'), TO_TIMESTAMP('2026-05-28 00:00:00', 'YYYY-MM-DD HH24:MI:SS'));
INSERT INTO EnrollmentLog (enrollment_id, student_id, course_id, source_college_id, target_college_id, score, origin, status, created_at, updated_at) VALUES ('EB000226', 'B2024046', 'B006', 'B', 'B', 0, 'LOCAL', 'ENROLLED', TO_TIMESTAMP('2026-05-28 00:00:00', 'YYYY-MM-DD HH24:MI:SS'), TO_TIMESTAMP('2026-05-28 00:00:00', 'YYYY-MM-DD HH24:MI:SS'));
INSERT INTO EnrollmentLog (enrollment_id, student_id, course_id, source_college_id, target_college_id, score, origin, status, created_at, updated_at) VALUES ('EB000227', 'B2024046', 'B007', 'B', 'B', 0, 'LOCAL', 'ENROLLED', TO_TIMESTAMP('2026-05-28 00:00:00', 'YYYY-MM-DD HH24:MI:SS'), TO_TIMESTAMP('2026-05-28 00:00:00', 'YYYY-MM-DD HH24:MI:SS'));
INSERT INTO EnrollmentLog (enrollment_id, student_id, course_id, source_college_id, target_college_id, score, origin, status, created_at, updated_at) VALUES ('EB000228', 'B2024046', 'B008', 'B', 'B', 0, 'LOCAL', 'ENROLLED', TO_TIMESTAMP('2026-05-28 00:00:00', 'YYYY-MM-DD HH24:MI:SS'), TO_TIMESTAMP('2026-05-28 00:00:00', 'YYYY-MM-DD HH24:MI:SS'));
INSERT INTO EnrollmentLog (enrollment_id, student_id, course_id, source_college_id, target_college_id, score, origin, status, created_at, updated_at) VALUES ('EB000229', 'B2024046', 'B009', 'B', 'B', 0, 'LOCAL', 'ENROLLED', TO_TIMESTAMP('2026-05-28 00:00:00', 'YYYY-MM-DD HH24:MI:SS'), TO_TIMESTAMP('2026-05-28 00:00:00', 'YYYY-MM-DD HH24:MI:SS'));
INSERT INTO EnrollmentLog (enrollment_id, student_id, course_id, source_college_id, target_college_id, score, origin, status, created_at, updated_at) VALUES ('EB000230', 'B2024046', 'B010', 'B', 'B', 0, 'LOCAL', 'ENROLLED', TO_TIMESTAMP('2026-05-28 00:00:00', 'YYYY-MM-DD HH24:MI:SS'), TO_TIMESTAMP('2026-05-28 00:00:00', 'YYYY-MM-DD HH24:MI:SS'));
INSERT INTO EnrollmentLog (enrollment_id, student_id, course_id, source_college_id, target_college_id, score, origin, status, created_at, updated_at) VALUES ('EB000231', 'B2024047', 'B007', 'B', 'B', 0, 'LOCAL', 'ENROLLED', TO_TIMESTAMP('2026-05-28 00:00:00', 'YYYY-MM-DD HH24:MI:SS'), TO_TIMESTAMP('2026-05-28 00:00:00', 'YYYY-MM-DD HH24:MI:SS'));
INSERT INTO EnrollmentLog (enrollment_id, student_id, course_id, source_college_id, target_college_id, score, origin, status, created_at, updated_at) VALUES ('EB000232', 'B2024047', 'B008', 'B', 'B', 0, 'LOCAL', 'ENROLLED', TO_TIMESTAMP('2026-05-28 00:00:00', 'YYYY-MM-DD HH24:MI:SS'), TO_TIMESTAMP('2026-05-28 00:00:00', 'YYYY-MM-DD HH24:MI:SS'));
INSERT INTO EnrollmentLog (enrollment_id, student_id, course_id, source_college_id, target_college_id, score, origin, status, created_at, updated_at) VALUES ('EB000233', 'B2024047', 'B009', 'B', 'B', 0, 'LOCAL', 'ENROLLED', TO_TIMESTAMP('2026-05-28 00:00:00', 'YYYY-MM-DD HH24:MI:SS'), TO_TIMESTAMP('2026-05-28 00:00:00', 'YYYY-MM-DD HH24:MI:SS'));
INSERT INTO EnrollmentLog (enrollment_id, student_id, course_id, source_college_id, target_college_id, score, origin, status, created_at, updated_at) VALUES ('EB000234', 'B2024047', 'B010', 'B', 'B', 0, 'LOCAL', 'ENROLLED', TO_TIMESTAMP('2026-05-28 00:00:00', 'YYYY-MM-DD HH24:MI:SS'), TO_TIMESTAMP('2026-05-28 00:00:00', 'YYYY-MM-DD HH24:MI:SS'));
INSERT INTO EnrollmentLog (enrollment_id, student_id, course_id, source_college_id, target_college_id, score, origin, status, created_at, updated_at) VALUES ('EB000235', 'B2024047', 'B001', 'B', 'B', 0, 'LOCAL', 'ENROLLED', TO_TIMESTAMP('2026-05-28 00:00:00', 'YYYY-MM-DD HH24:MI:SS'), TO_TIMESTAMP('2026-05-28 00:00:00', 'YYYY-MM-DD HH24:MI:SS'));
INSERT INTO EnrollmentLog (enrollment_id, student_id, course_id, source_college_id, target_college_id, score, origin, status, created_at, updated_at) VALUES ('EB000236', 'B2024048', 'B008', 'B', 'B', 0, 'LOCAL', 'ENROLLED', TO_TIMESTAMP('2026-05-28 00:00:00', 'YYYY-MM-DD HH24:MI:SS'), TO_TIMESTAMP('2026-05-28 00:00:00', 'YYYY-MM-DD HH24:MI:SS'));
INSERT INTO EnrollmentLog (enrollment_id, student_id, course_id, source_college_id, target_college_id, score, origin, status, created_at, updated_at) VALUES ('EB000237', 'B2024048', 'B009', 'B', 'B', 0, 'LOCAL', 'ENROLLED', TO_TIMESTAMP('2026-05-28 00:00:00', 'YYYY-MM-DD HH24:MI:SS'), TO_TIMESTAMP('2026-05-28 00:00:00', 'YYYY-MM-DD HH24:MI:SS'));
INSERT INTO EnrollmentLog (enrollment_id, student_id, course_id, source_college_id, target_college_id, score, origin, status, created_at, updated_at) VALUES ('EB000238', 'B2024048', 'B010', 'B', 'B', 0, 'LOCAL', 'ENROLLED', TO_TIMESTAMP('2026-05-28 00:00:00', 'YYYY-MM-DD HH24:MI:SS'), TO_TIMESTAMP('2026-05-28 00:00:00', 'YYYY-MM-DD HH24:MI:SS'));
INSERT INTO EnrollmentLog (enrollment_id, student_id, course_id, source_college_id, target_college_id, score, origin, status, created_at, updated_at) VALUES ('EB000239', 'B2024048', 'B001', 'B', 'B', 0, 'LOCAL', 'ENROLLED', TO_TIMESTAMP('2026-05-28 00:00:00', 'YYYY-MM-DD HH24:MI:SS'), TO_TIMESTAMP('2026-05-28 00:00:00', 'YYYY-MM-DD HH24:MI:SS'));
INSERT INTO EnrollmentLog (enrollment_id, student_id, course_id, source_college_id, target_college_id, score, origin, status, created_at, updated_at) VALUES ('EB000240', 'B2024048', 'B002', 'B', 'B', 0, 'LOCAL', 'ENROLLED', TO_TIMESTAMP('2026-05-28 00:00:00', 'YYYY-MM-DD HH24:MI:SS'), TO_TIMESTAMP('2026-05-28 00:00:00', 'YYYY-MM-DD HH24:MI:SS'));
INSERT INTO EnrollmentLog (enrollment_id, student_id, course_id, source_college_id, target_college_id, score, origin, status, created_at, updated_at) VALUES ('EB000241', 'B2024049', 'B009', 'B', 'B', 0, 'LOCAL', 'ENROLLED', TO_TIMESTAMP('2026-05-28 00:00:00', 'YYYY-MM-DD HH24:MI:SS'), TO_TIMESTAMP('2026-05-28 00:00:00', 'YYYY-MM-DD HH24:MI:SS'));
INSERT INTO EnrollmentLog (enrollment_id, student_id, course_id, source_college_id, target_college_id, score, origin, status, created_at, updated_at) VALUES ('EB000242', 'B2024049', 'B010', 'B', 'B', 0, 'LOCAL', 'ENROLLED', TO_TIMESTAMP('2026-05-28 00:00:00', 'YYYY-MM-DD HH24:MI:SS'), TO_TIMESTAMP('2026-05-28 00:00:00', 'YYYY-MM-DD HH24:MI:SS'));
INSERT INTO EnrollmentLog (enrollment_id, student_id, course_id, source_college_id, target_college_id, score, origin, status, created_at, updated_at) VALUES ('EB000243', 'B2024049', 'B001', 'B', 'B', 0, 'LOCAL', 'ENROLLED', TO_TIMESTAMP('2026-05-28 00:00:00', 'YYYY-MM-DD HH24:MI:SS'), TO_TIMESTAMP('2026-05-28 00:00:00', 'YYYY-MM-DD HH24:MI:SS'));
INSERT INTO EnrollmentLog (enrollment_id, student_id, course_id, source_college_id, target_college_id, score, origin, status, created_at, updated_at) VALUES ('EB000244', 'B2024049', 'B002', 'B', 'B', 0, 'LOCAL', 'ENROLLED', TO_TIMESTAMP('2026-05-28 00:00:00', 'YYYY-MM-DD HH24:MI:SS'), TO_TIMESTAMP('2026-05-28 00:00:00', 'YYYY-MM-DD HH24:MI:SS'));
INSERT INTO EnrollmentLog (enrollment_id, student_id, course_id, source_college_id, target_college_id, score, origin, status, created_at, updated_at) VALUES ('EB000245', 'B2024049', 'B003', 'B', 'B', 0, 'LOCAL', 'ENROLLED', TO_TIMESTAMP('2026-05-28 00:00:00', 'YYYY-MM-DD HH24:MI:SS'), TO_TIMESTAMP('2026-05-28 00:00:00', 'YYYY-MM-DD HH24:MI:SS'));
INSERT INTO EnrollmentLog (enrollment_id, student_id, course_id, source_college_id, target_college_id, score, origin, status, created_at, updated_at) VALUES ('EB000246', 'B2024050', 'B010', 'B', 'B', 0, 'LOCAL', 'ENROLLED', TO_TIMESTAMP('2026-05-28 00:00:00', 'YYYY-MM-DD HH24:MI:SS'), TO_TIMESTAMP('2026-05-28 00:00:00', 'YYYY-MM-DD HH24:MI:SS'));
INSERT INTO EnrollmentLog (enrollment_id, student_id, course_id, source_college_id, target_college_id, score, origin, status, created_at, updated_at) VALUES ('EB000247', 'B2024050', 'B001', 'B', 'B', 0, 'LOCAL', 'ENROLLED', TO_TIMESTAMP('2026-05-28 00:00:00', 'YYYY-MM-DD HH24:MI:SS'), TO_TIMESTAMP('2026-05-28 00:00:00', 'YYYY-MM-DD HH24:MI:SS'));
INSERT INTO EnrollmentLog (enrollment_id, student_id, course_id, source_college_id, target_college_id, score, origin, status, created_at, updated_at) VALUES ('EB000248', 'B2024050', 'B002', 'B', 'B', 0, 'LOCAL', 'ENROLLED', TO_TIMESTAMP('2026-05-28 00:00:00', 'YYYY-MM-DD HH24:MI:SS'), TO_TIMESTAMP('2026-05-28 00:00:00', 'YYYY-MM-DD HH24:MI:SS'));
INSERT INTO EnrollmentLog (enrollment_id, student_id, course_id, source_college_id, target_college_id, score, origin, status, created_at, updated_at) VALUES ('EB000249', 'B2024050', 'B003', 'B', 'B', 0, 'LOCAL', 'ENROLLED', TO_TIMESTAMP('2026-05-28 00:00:00', 'YYYY-MM-DD HH24:MI:SS'), TO_TIMESTAMP('2026-05-28 00:00:00', 'YYYY-MM-DD HH24:MI:SS'));
INSERT INTO EnrollmentLog (enrollment_id, student_id, course_id, source_college_id, target_college_id, score, origin, status, created_at, updated_at) VALUES ('EB000250', 'B2024050', 'B004', 'B', 'B', 0, 'LOCAL', 'ENROLLED', TO_TIMESTAMP('2026-05-28 00:00:00', 'YYYY-MM-DD HH24:MI:SS'), TO_TIMESTAMP('2026-05-28 00:00:00', 'YYYY-MM-DD HH24:MI:SS'));
COMMIT;
