-- College C demo data for MySQL
-- Assumes the schema created by college_c/app/mysql_repository.py already exists.
SET FOREIGN_KEY_CHECKS = 0;
DELETE FROM OutboundRequestLog;
DELETE FROM EnrollmentLog;
DELETE FROM Enrollment;
DELETE FROM Student;
DELETE FROM Course;
DELETE FROM Account;
SET FOREIGN_KEY_CHECKS = 1;

INSERT INTO Account (acc, passwd) VALUES ('c_student1', '123456');
INSERT INTO Account (acc, passwd) VALUES ('c_student2', '123456');
INSERT INTO Account (acc, passwd) VALUES ('cstu003', '123456');
INSERT INTO Account (acc, passwd) VALUES ('cstu004', '123456');
INSERT INTO Account (acc, passwd) VALUES ('cstu005', '123456');
INSERT INTO Account (acc, passwd) VALUES ('cstu006', '123456');
INSERT INTO Account (acc, passwd) VALUES ('cstu007', '123456');
INSERT INTO Account (acc, passwd) VALUES ('cstu008', '123456');
INSERT INTO Account (acc, passwd) VALUES ('cstu009', '123456');
INSERT INTO Account (acc, passwd) VALUES ('cstu010', '123456');
INSERT INTO Account (acc, passwd) VALUES ('cstu011', '123456');
INSERT INTO Account (acc, passwd) VALUES ('cstu012', '123456');
INSERT INTO Account (acc, passwd) VALUES ('cstu013', '123456');
INSERT INTO Account (acc, passwd) VALUES ('cstu014', '123456');
INSERT INTO Account (acc, passwd) VALUES ('cstu015', '123456');
INSERT INTO Account (acc, passwd) VALUES ('cstu016', '123456');
INSERT INTO Account (acc, passwd) VALUES ('cstu017', '123456');
INSERT INTO Account (acc, passwd) VALUES ('cstu018', '123456');
INSERT INTO Account (acc, passwd) VALUES ('cstu019', '123456');
INSERT INTO Account (acc, passwd) VALUES ('cstu020', '123456');
INSERT INTO Account (acc, passwd) VALUES ('cstu021', '123456');
INSERT INTO Account (acc, passwd) VALUES ('cstu022', '123456');
INSERT INTO Account (acc, passwd) VALUES ('cstu023', '123456');
INSERT INTO Account (acc, passwd) VALUES ('cstu024', '123456');
INSERT INTO Account (acc, passwd) VALUES ('cstu025', '123456');
INSERT INTO Account (acc, passwd) VALUES ('cstu026', '123456');
INSERT INTO Account (acc, passwd) VALUES ('cstu027', '123456');
INSERT INTO Account (acc, passwd) VALUES ('cstu028', '123456');
INSERT INTO Account (acc, passwd) VALUES ('cstu029', '123456');
INSERT INTO Account (acc, passwd) VALUES ('cstu030', '123456');
INSERT INTO Account (acc, passwd) VALUES ('cstu031', '123456');
INSERT INTO Account (acc, passwd) VALUES ('cstu032', '123456');
INSERT INTO Account (acc, passwd) VALUES ('cstu033', '123456');
INSERT INTO Account (acc, passwd) VALUES ('cstu034', '123456');
INSERT INTO Account (acc, passwd) VALUES ('cstu035', '123456');
INSERT INTO Account (acc, passwd) VALUES ('cstu036', '123456');
INSERT INTO Account (acc, passwd) VALUES ('cstu037', '123456');
INSERT INTO Account (acc, passwd) VALUES ('cstu038', '123456');
INSERT INTO Account (acc, passwd) VALUES ('cstu039', '123456');
INSERT INTO Account (acc, passwd) VALUES ('cstu040', '123456');
INSERT INTO Account (acc, passwd) VALUES ('cstu041', '123456');
INSERT INTO Account (acc, passwd) VALUES ('cstu042', '123456');
INSERT INTO Account (acc, passwd) VALUES ('cstu043', '123456');
INSERT INTO Account (acc, passwd) VALUES ('cstu044', '123456');
INSERT INTO Account (acc, passwd) VALUES ('cstu045', '123456');
INSERT INTO Account (acc, passwd) VALUES ('cstu046', '123456');
INSERT INTO Account (acc, passwd) VALUES ('cstu047', '123456');
INSERT INTO Account (acc, passwd) VALUES ('cstu048', '123456');
INSERT INTO Account (acc, passwd) VALUES ('cstu049', '123456');
INSERT INTO Account (acc, passwd) VALUES ('cstu050', '123456');
INSERT INTO Account (acc, passwd) VALUES ('c_admin', 'admin1');

INSERT INTO Student (Sno, Snm, Sex, Sde, Pwd) VALUES ('C2024001', 'C学生01', '男', '计科', '123456');
INSERT INTO Student (Sno, Snm, Sex, Sde, Pwd) VALUES ('C2024002', 'C学生02', '女', '软工', '123456');
INSERT INTO Student (Sno, Snm, Sex, Sde, Pwd) VALUES ('C2024003', 'C学生03', '男', '数据', '123456');
INSERT INTO Student (Sno, Snm, Sex, Sde, Pwd) VALUES ('C2024004', 'C学生04', '女', '信管', '123456');
INSERT INTO Student (Sno, Snm, Sex, Sde, Pwd) VALUES ('C2024005', 'C学生05', '男', 'AI', '123456');
INSERT INTO Student (Sno, Snm, Sex, Sde, Pwd) VALUES ('C2024006', 'C学生06', '女', '计科', '123456');
INSERT INTO Student (Sno, Snm, Sex, Sde, Pwd) VALUES ('C2024007', 'C学生07', '男', '软工', '123456');
INSERT INTO Student (Sno, Snm, Sex, Sde, Pwd) VALUES ('C2024008', 'C学生08', '女', '数据', '123456');
INSERT INTO Student (Sno, Snm, Sex, Sde, Pwd) VALUES ('C2024009', 'C学生09', '男', '信管', '123456');
INSERT INTO Student (Sno, Snm, Sex, Sde, Pwd) VALUES ('C2024010', 'C学生10', '女', 'AI', '123456');
INSERT INTO Student (Sno, Snm, Sex, Sde, Pwd) VALUES ('C2024011', 'C学生11', '男', '计科', '123456');
INSERT INTO Student (Sno, Snm, Sex, Sde, Pwd) VALUES ('C2024012', 'C学生12', '女', '软工', '123456');
INSERT INTO Student (Sno, Snm, Sex, Sde, Pwd) VALUES ('C2024013', 'C学生13', '男', '数据', '123456');
INSERT INTO Student (Sno, Snm, Sex, Sde, Pwd) VALUES ('C2024014', 'C学生14', '女', '信管', '123456');
INSERT INTO Student (Sno, Snm, Sex, Sde, Pwd) VALUES ('C2024015', 'C学生15', '男', 'AI', '123456');
INSERT INTO Student (Sno, Snm, Sex, Sde, Pwd) VALUES ('C2024016', 'C学生16', '女', '计科', '123456');
INSERT INTO Student (Sno, Snm, Sex, Sde, Pwd) VALUES ('C2024017', 'C学生17', '男', '软工', '123456');
INSERT INTO Student (Sno, Snm, Sex, Sde, Pwd) VALUES ('C2024018', 'C学生18', '女', '数据', '123456');
INSERT INTO Student (Sno, Snm, Sex, Sde, Pwd) VALUES ('C2024019', 'C学生19', '男', '信管', '123456');
INSERT INTO Student (Sno, Snm, Sex, Sde, Pwd) VALUES ('C2024020', 'C学生20', '女', 'AI', '123456');
INSERT INTO Student (Sno, Snm, Sex, Sde, Pwd) VALUES ('C2024021', 'C学生21', '男', '计科', '123456');
INSERT INTO Student (Sno, Snm, Sex, Sde, Pwd) VALUES ('C2024022', 'C学生22', '女', '软工', '123456');
INSERT INTO Student (Sno, Snm, Sex, Sde, Pwd) VALUES ('C2024023', 'C学生23', '男', '数据', '123456');
INSERT INTO Student (Sno, Snm, Sex, Sde, Pwd) VALUES ('C2024024', 'C学生24', '女', '信管', '123456');
INSERT INTO Student (Sno, Snm, Sex, Sde, Pwd) VALUES ('C2024025', 'C学生25', '男', 'AI', '123456');
INSERT INTO Student (Sno, Snm, Sex, Sde, Pwd) VALUES ('C2024026', 'C学生26', '女', '计科', '123456');
INSERT INTO Student (Sno, Snm, Sex, Sde, Pwd) VALUES ('C2024027', 'C学生27', '男', '软工', '123456');
INSERT INTO Student (Sno, Snm, Sex, Sde, Pwd) VALUES ('C2024028', 'C学生28', '女', '数据', '123456');
INSERT INTO Student (Sno, Snm, Sex, Sde, Pwd) VALUES ('C2024029', 'C学生29', '男', '信管', '123456');
INSERT INTO Student (Sno, Snm, Sex, Sde, Pwd) VALUES ('C2024030', 'C学生30', '女', 'AI', '123456');
INSERT INTO Student (Sno, Snm, Sex, Sde, Pwd) VALUES ('C2024031', 'C学生31', '男', '计科', '123456');
INSERT INTO Student (Sno, Snm, Sex, Sde, Pwd) VALUES ('C2024032', 'C学生32', '女', '软工', '123456');
INSERT INTO Student (Sno, Snm, Sex, Sde, Pwd) VALUES ('C2024033', 'C学生33', '男', '数据', '123456');
INSERT INTO Student (Sno, Snm, Sex, Sde, Pwd) VALUES ('C2024034', 'C学生34', '女', '信管', '123456');
INSERT INTO Student (Sno, Snm, Sex, Sde, Pwd) VALUES ('C2024035', 'C学生35', '男', 'AI', '123456');
INSERT INTO Student (Sno, Snm, Sex, Sde, Pwd) VALUES ('C2024036', 'C学生36', '女', '计科', '123456');
INSERT INTO Student (Sno, Snm, Sex, Sde, Pwd) VALUES ('C2024037', 'C学生37', '男', '软工', '123456');
INSERT INTO Student (Sno, Snm, Sex, Sde, Pwd) VALUES ('C2024038', 'C学生38', '女', '数据', '123456');
INSERT INTO Student (Sno, Snm, Sex, Sde, Pwd) VALUES ('C2024039', 'C学生39', '男', '信管', '123456');
INSERT INTO Student (Sno, Snm, Sex, Sde, Pwd) VALUES ('C2024040', 'C学生40', '女', 'AI', '123456');
INSERT INTO Student (Sno, Snm, Sex, Sde, Pwd) VALUES ('C2024041', 'C学生41', '男', '计科', '123456');
INSERT INTO Student (Sno, Snm, Sex, Sde, Pwd) VALUES ('C2024042', 'C学生42', '女', '软工', '123456');
INSERT INTO Student (Sno, Snm, Sex, Sde, Pwd) VALUES ('C2024043', 'C学生43', '男', '数据', '123456');
INSERT INTO Student (Sno, Snm, Sex, Sde, Pwd) VALUES ('C2024044', 'C学生44', '女', '信管', '123456');
INSERT INTO Student (Sno, Snm, Sex, Sde, Pwd) VALUES ('C2024045', 'C学生45', '男', 'AI', '123456');
INSERT INTO Student (Sno, Snm, Sex, Sde, Pwd) VALUES ('C2024046', 'C学生46', '女', '计科', '123456');
INSERT INTO Student (Sno, Snm, Sex, Sde, Pwd) VALUES ('C2024047', 'C学生47', '男', '软工', '123456');
INSERT INTO Student (Sno, Snm, Sex, Sde, Pwd) VALUES ('C2024048', 'C学生48', '女', '数据', '123456');
INSERT INTO Student (Sno, Snm, Sex, Sde, Pwd) VALUES ('C2024049', 'C学生49', '男', '信管', '123456');
INSERT INTO Student (Sno, Snm, Sex, Sde, Pwd) VALUES ('C2024050', 'C学生50', '女', 'AI', '123456');

INSERT INTO Course (Cno, Cnm, Ctm, Cpt, Tec, Pla, Share, capacity) VALUES ('C001', '数据库系统', 32, 3, 'C师01', 'C-101', 'Y', 999);
INSERT INTO Course (Cno, Cnm, Ctm, Cpt, Tec, Pla, Share, capacity) VALUES ('C002', '操作系统', 40, 4, 'C师02', 'C-102', 'N', 999);
INSERT INTO Course (Cno, Cnm, Ctm, Cpt, Tec, Pla, Share, capacity) VALUES ('C003', 'XML集成', 32, 3, 'C师03', 'C-103', 'Y', 999);
INSERT INTO Course (Cno, Cnm, Ctm, Cpt, Tec, Pla, Share, capacity) VALUES ('C004', '软件工程', 32, 3, 'C师04', 'C-104', 'N', 999);
INSERT INTO Course (Cno, Cnm, Ctm, Cpt, Tec, Pla, Share, capacity) VALUES ('C005', '数据挖掘', 32, 3, 'C师05', 'C-105', 'Y', 999);
INSERT INTO Course (Cno, Cnm, Ctm, Cpt, Tec, Pla, Share, capacity) VALUES ('C006', '分布式', 32, 3, 'C师06', 'C-106', 'Y', 999);
INSERT INTO Course (Cno, Cnm, Ctm, Cpt, Tec, Pla, Share, capacity) VALUES ('C007', '机器学习', 32, 3, 'C师07', 'C-107', 'Y', 999);
INSERT INTO Course (Cno, Cnm, Ctm, Cpt, Tec, Pla, Share, capacity) VALUES ('C008', 'Web开发', 24, 2, 'C师08', 'C-108', 'N', 999);
INSERT INTO Course (Cno, Cnm, Ctm, Cpt, Tec, Pla, Share, capacity) VALUES ('C009', '网络技术', 32, 3, 'C师09', 'C-109', 'N', 999);
INSERT INTO Course (Cno, Cnm, Ctm, Cpt, Tec, Pla, Share, capacity) VALUES ('C010', '人工智能', 32, 3, 'C师10', 'C-110', 'N', 999);

INSERT INTO Enrollment (Cno, Sno, Grd) VALUES ('C001', 'C2024001', 0);
INSERT INTO Enrollment (Cno, Sno, Grd) VALUES ('C002', 'C2024001', 0);
INSERT INTO Enrollment (Cno, Sno, Grd) VALUES ('C003', 'C2024001', 0);
INSERT INTO Enrollment (Cno, Sno, Grd) VALUES ('C004', 'C2024001', 0);
INSERT INTO Enrollment (Cno, Sno, Grd) VALUES ('C005', 'C2024001', 0);
INSERT INTO Enrollment (Cno, Sno, Grd) VALUES ('C002', 'C2024002', 0);
INSERT INTO Enrollment (Cno, Sno, Grd) VALUES ('C003', 'C2024002', 0);
INSERT INTO Enrollment (Cno, Sno, Grd) VALUES ('C004', 'C2024002', 0);
INSERT INTO Enrollment (Cno, Sno, Grd) VALUES ('C005', 'C2024002', 0);
INSERT INTO Enrollment (Cno, Sno, Grd) VALUES ('C006', 'C2024002', 0);
INSERT INTO Enrollment (Cno, Sno, Grd) VALUES ('C003', 'C2024003', 0);
INSERT INTO Enrollment (Cno, Sno, Grd) VALUES ('C004', 'C2024003', 0);
INSERT INTO Enrollment (Cno, Sno, Grd) VALUES ('C005', 'C2024003', 0);
INSERT INTO Enrollment (Cno, Sno, Grd) VALUES ('C006', 'C2024003', 0);
INSERT INTO Enrollment (Cno, Sno, Grd) VALUES ('C007', 'C2024003', 0);
INSERT INTO Enrollment (Cno, Sno, Grd) VALUES ('C004', 'C2024004', 0);
INSERT INTO Enrollment (Cno, Sno, Grd) VALUES ('C005', 'C2024004', 0);
INSERT INTO Enrollment (Cno, Sno, Grd) VALUES ('C006', 'C2024004', 0);
INSERT INTO Enrollment (Cno, Sno, Grd) VALUES ('C007', 'C2024004', 0);
INSERT INTO Enrollment (Cno, Sno, Grd) VALUES ('C008', 'C2024004', 0);
INSERT INTO Enrollment (Cno, Sno, Grd) VALUES ('C005', 'C2024005', 0);
INSERT INTO Enrollment (Cno, Sno, Grd) VALUES ('C006', 'C2024005', 0);
INSERT INTO Enrollment (Cno, Sno, Grd) VALUES ('C007', 'C2024005', 0);
INSERT INTO Enrollment (Cno, Sno, Grd) VALUES ('C008', 'C2024005', 0);
INSERT INTO Enrollment (Cno, Sno, Grd) VALUES ('C009', 'C2024005', 0);
INSERT INTO Enrollment (Cno, Sno, Grd) VALUES ('C006', 'C2024006', 0);
INSERT INTO Enrollment (Cno, Sno, Grd) VALUES ('C007', 'C2024006', 0);
INSERT INTO Enrollment (Cno, Sno, Grd) VALUES ('C008', 'C2024006', 0);
INSERT INTO Enrollment (Cno, Sno, Grd) VALUES ('C009', 'C2024006', 0);
INSERT INTO Enrollment (Cno, Sno, Grd) VALUES ('C010', 'C2024006', 0);
INSERT INTO Enrollment (Cno, Sno, Grd) VALUES ('C007', 'C2024007', 0);
INSERT INTO Enrollment (Cno, Sno, Grd) VALUES ('C008', 'C2024007', 0);
INSERT INTO Enrollment (Cno, Sno, Grd) VALUES ('C009', 'C2024007', 0);
INSERT INTO Enrollment (Cno, Sno, Grd) VALUES ('C010', 'C2024007', 0);
INSERT INTO Enrollment (Cno, Sno, Grd) VALUES ('C001', 'C2024007', 0);
INSERT INTO Enrollment (Cno, Sno, Grd) VALUES ('C008', 'C2024008', 0);
INSERT INTO Enrollment (Cno, Sno, Grd) VALUES ('C009', 'C2024008', 0);
INSERT INTO Enrollment (Cno, Sno, Grd) VALUES ('C010', 'C2024008', 0);
INSERT INTO Enrollment (Cno, Sno, Grd) VALUES ('C001', 'C2024008', 0);
INSERT INTO Enrollment (Cno, Sno, Grd) VALUES ('C002', 'C2024008', 0);
INSERT INTO Enrollment (Cno, Sno, Grd) VALUES ('C009', 'C2024009', 0);
INSERT INTO Enrollment (Cno, Sno, Grd) VALUES ('C010', 'C2024009', 0);
INSERT INTO Enrollment (Cno, Sno, Grd) VALUES ('C001', 'C2024009', 0);
INSERT INTO Enrollment (Cno, Sno, Grd) VALUES ('C002', 'C2024009', 0);
INSERT INTO Enrollment (Cno, Sno, Grd) VALUES ('C003', 'C2024009', 0);
INSERT INTO Enrollment (Cno, Sno, Grd) VALUES ('C010', 'C2024010', 0);
INSERT INTO Enrollment (Cno, Sno, Grd) VALUES ('C001', 'C2024010', 0);
INSERT INTO Enrollment (Cno, Sno, Grd) VALUES ('C002', 'C2024010', 0);
INSERT INTO Enrollment (Cno, Sno, Grd) VALUES ('C003', 'C2024010', 0);
INSERT INTO Enrollment (Cno, Sno, Grd) VALUES ('C004', 'C2024010', 0);
INSERT INTO Enrollment (Cno, Sno, Grd) VALUES ('C001', 'C2024011', 0);
INSERT INTO Enrollment (Cno, Sno, Grd) VALUES ('C002', 'C2024011', 0);
INSERT INTO Enrollment (Cno, Sno, Grd) VALUES ('C003', 'C2024011', 0);
INSERT INTO Enrollment (Cno, Sno, Grd) VALUES ('C004', 'C2024011', 0);
INSERT INTO Enrollment (Cno, Sno, Grd) VALUES ('C005', 'C2024011', 0);
INSERT INTO Enrollment (Cno, Sno, Grd) VALUES ('C002', 'C2024012', 0);
INSERT INTO Enrollment (Cno, Sno, Grd) VALUES ('C003', 'C2024012', 0);
INSERT INTO Enrollment (Cno, Sno, Grd) VALUES ('C004', 'C2024012', 0);
INSERT INTO Enrollment (Cno, Sno, Grd) VALUES ('C005', 'C2024012', 0);
INSERT INTO Enrollment (Cno, Sno, Grd) VALUES ('C006', 'C2024012', 0);
INSERT INTO Enrollment (Cno, Sno, Grd) VALUES ('C003', 'C2024013', 0);
INSERT INTO Enrollment (Cno, Sno, Grd) VALUES ('C004', 'C2024013', 0);
INSERT INTO Enrollment (Cno, Sno, Grd) VALUES ('C005', 'C2024013', 0);
INSERT INTO Enrollment (Cno, Sno, Grd) VALUES ('C006', 'C2024013', 0);
INSERT INTO Enrollment (Cno, Sno, Grd) VALUES ('C007', 'C2024013', 0);
INSERT INTO Enrollment (Cno, Sno, Grd) VALUES ('C004', 'C2024014', 0);
INSERT INTO Enrollment (Cno, Sno, Grd) VALUES ('C005', 'C2024014', 0);
INSERT INTO Enrollment (Cno, Sno, Grd) VALUES ('C006', 'C2024014', 0);
INSERT INTO Enrollment (Cno, Sno, Grd) VALUES ('C007', 'C2024014', 0);
INSERT INTO Enrollment (Cno, Sno, Grd) VALUES ('C008', 'C2024014', 0);
INSERT INTO Enrollment (Cno, Sno, Grd) VALUES ('C005', 'C2024015', 0);
INSERT INTO Enrollment (Cno, Sno, Grd) VALUES ('C006', 'C2024015', 0);
INSERT INTO Enrollment (Cno, Sno, Grd) VALUES ('C007', 'C2024015', 0);
INSERT INTO Enrollment (Cno, Sno, Grd) VALUES ('C008', 'C2024015', 0);
INSERT INTO Enrollment (Cno, Sno, Grd) VALUES ('C009', 'C2024015', 0);
INSERT INTO Enrollment (Cno, Sno, Grd) VALUES ('C006', 'C2024016', 0);
INSERT INTO Enrollment (Cno, Sno, Grd) VALUES ('C007', 'C2024016', 0);
INSERT INTO Enrollment (Cno, Sno, Grd) VALUES ('C008', 'C2024016', 0);
INSERT INTO Enrollment (Cno, Sno, Grd) VALUES ('C009', 'C2024016', 0);
INSERT INTO Enrollment (Cno, Sno, Grd) VALUES ('C010', 'C2024016', 0);
INSERT INTO Enrollment (Cno, Sno, Grd) VALUES ('C007', 'C2024017', 0);
INSERT INTO Enrollment (Cno, Sno, Grd) VALUES ('C008', 'C2024017', 0);
INSERT INTO Enrollment (Cno, Sno, Grd) VALUES ('C009', 'C2024017', 0);
INSERT INTO Enrollment (Cno, Sno, Grd) VALUES ('C010', 'C2024017', 0);
INSERT INTO Enrollment (Cno, Sno, Grd) VALUES ('C001', 'C2024017', 0);
INSERT INTO Enrollment (Cno, Sno, Grd) VALUES ('C008', 'C2024018', 0);
INSERT INTO Enrollment (Cno, Sno, Grd) VALUES ('C009', 'C2024018', 0);
INSERT INTO Enrollment (Cno, Sno, Grd) VALUES ('C010', 'C2024018', 0);
INSERT INTO Enrollment (Cno, Sno, Grd) VALUES ('C001', 'C2024018', 0);
INSERT INTO Enrollment (Cno, Sno, Grd) VALUES ('C002', 'C2024018', 0);
INSERT INTO Enrollment (Cno, Sno, Grd) VALUES ('C009', 'C2024019', 0);
INSERT INTO Enrollment (Cno, Sno, Grd) VALUES ('C010', 'C2024019', 0);
INSERT INTO Enrollment (Cno, Sno, Grd) VALUES ('C001', 'C2024019', 0);
INSERT INTO Enrollment (Cno, Sno, Grd) VALUES ('C002', 'C2024019', 0);
INSERT INTO Enrollment (Cno, Sno, Grd) VALUES ('C003', 'C2024019', 0);
INSERT INTO Enrollment (Cno, Sno, Grd) VALUES ('C010', 'C2024020', 0);
INSERT INTO Enrollment (Cno, Sno, Grd) VALUES ('C001', 'C2024020', 0);
INSERT INTO Enrollment (Cno, Sno, Grd) VALUES ('C002', 'C2024020', 0);
INSERT INTO Enrollment (Cno, Sno, Grd) VALUES ('C003', 'C2024020', 0);
INSERT INTO Enrollment (Cno, Sno, Grd) VALUES ('C004', 'C2024020', 0);
INSERT INTO Enrollment (Cno, Sno, Grd) VALUES ('C001', 'C2024021', 0);
INSERT INTO Enrollment (Cno, Sno, Grd) VALUES ('C002', 'C2024021', 0);
INSERT INTO Enrollment (Cno, Sno, Grd) VALUES ('C003', 'C2024021', 0);
INSERT INTO Enrollment (Cno, Sno, Grd) VALUES ('C004', 'C2024021', 0);
INSERT INTO Enrollment (Cno, Sno, Grd) VALUES ('C005', 'C2024021', 0);
INSERT INTO Enrollment (Cno, Sno, Grd) VALUES ('C002', 'C2024022', 0);
INSERT INTO Enrollment (Cno, Sno, Grd) VALUES ('C003', 'C2024022', 0);
INSERT INTO Enrollment (Cno, Sno, Grd) VALUES ('C004', 'C2024022', 0);
INSERT INTO Enrollment (Cno, Sno, Grd) VALUES ('C005', 'C2024022', 0);
INSERT INTO Enrollment (Cno, Sno, Grd) VALUES ('C006', 'C2024022', 0);
INSERT INTO Enrollment (Cno, Sno, Grd) VALUES ('C003', 'C2024023', 0);
INSERT INTO Enrollment (Cno, Sno, Grd) VALUES ('C004', 'C2024023', 0);
INSERT INTO Enrollment (Cno, Sno, Grd) VALUES ('C005', 'C2024023', 0);
INSERT INTO Enrollment (Cno, Sno, Grd) VALUES ('C006', 'C2024023', 0);
INSERT INTO Enrollment (Cno, Sno, Grd) VALUES ('C007', 'C2024023', 0);
INSERT INTO Enrollment (Cno, Sno, Grd) VALUES ('C004', 'C2024024', 0);
INSERT INTO Enrollment (Cno, Sno, Grd) VALUES ('C005', 'C2024024', 0);
INSERT INTO Enrollment (Cno, Sno, Grd) VALUES ('C006', 'C2024024', 0);
INSERT INTO Enrollment (Cno, Sno, Grd) VALUES ('C007', 'C2024024', 0);
INSERT INTO Enrollment (Cno, Sno, Grd) VALUES ('C008', 'C2024024', 0);
INSERT INTO Enrollment (Cno, Sno, Grd) VALUES ('C005', 'C2024025', 0);
INSERT INTO Enrollment (Cno, Sno, Grd) VALUES ('C006', 'C2024025', 0);
INSERT INTO Enrollment (Cno, Sno, Grd) VALUES ('C007', 'C2024025', 0);
INSERT INTO Enrollment (Cno, Sno, Grd) VALUES ('C008', 'C2024025', 0);
INSERT INTO Enrollment (Cno, Sno, Grd) VALUES ('C009', 'C2024025', 0);
INSERT INTO Enrollment (Cno, Sno, Grd) VALUES ('C006', 'C2024026', 0);
INSERT INTO Enrollment (Cno, Sno, Grd) VALUES ('C007', 'C2024026', 0);
INSERT INTO Enrollment (Cno, Sno, Grd) VALUES ('C008', 'C2024026', 0);
INSERT INTO Enrollment (Cno, Sno, Grd) VALUES ('C009', 'C2024026', 0);
INSERT INTO Enrollment (Cno, Sno, Grd) VALUES ('C010', 'C2024026', 0);
INSERT INTO Enrollment (Cno, Sno, Grd) VALUES ('C007', 'C2024027', 0);
INSERT INTO Enrollment (Cno, Sno, Grd) VALUES ('C008', 'C2024027', 0);
INSERT INTO Enrollment (Cno, Sno, Grd) VALUES ('C009', 'C2024027', 0);
INSERT INTO Enrollment (Cno, Sno, Grd) VALUES ('C010', 'C2024027', 0);
INSERT INTO Enrollment (Cno, Sno, Grd) VALUES ('C001', 'C2024027', 0);
INSERT INTO Enrollment (Cno, Sno, Grd) VALUES ('C008', 'C2024028', 0);
INSERT INTO Enrollment (Cno, Sno, Grd) VALUES ('C009', 'C2024028', 0);
INSERT INTO Enrollment (Cno, Sno, Grd) VALUES ('C010', 'C2024028', 0);
INSERT INTO Enrollment (Cno, Sno, Grd) VALUES ('C001', 'C2024028', 0);
INSERT INTO Enrollment (Cno, Sno, Grd) VALUES ('C002', 'C2024028', 0);
INSERT INTO Enrollment (Cno, Sno, Grd) VALUES ('C009', 'C2024029', 0);
INSERT INTO Enrollment (Cno, Sno, Grd) VALUES ('C010', 'C2024029', 0);
INSERT INTO Enrollment (Cno, Sno, Grd) VALUES ('C001', 'C2024029', 0);
INSERT INTO Enrollment (Cno, Sno, Grd) VALUES ('C002', 'C2024029', 0);
INSERT INTO Enrollment (Cno, Sno, Grd) VALUES ('C003', 'C2024029', 0);
INSERT INTO Enrollment (Cno, Sno, Grd) VALUES ('C010', 'C2024030', 0);
INSERT INTO Enrollment (Cno, Sno, Grd) VALUES ('C001', 'C2024030', 0);
INSERT INTO Enrollment (Cno, Sno, Grd) VALUES ('C002', 'C2024030', 0);
INSERT INTO Enrollment (Cno, Sno, Grd) VALUES ('C003', 'C2024030', 0);
INSERT INTO Enrollment (Cno, Sno, Grd) VALUES ('C004', 'C2024030', 0);
INSERT INTO Enrollment (Cno, Sno, Grd) VALUES ('C001', 'C2024031', 0);
INSERT INTO Enrollment (Cno, Sno, Grd) VALUES ('C002', 'C2024031', 0);
INSERT INTO Enrollment (Cno, Sno, Grd) VALUES ('C003', 'C2024031', 0);
INSERT INTO Enrollment (Cno, Sno, Grd) VALUES ('C004', 'C2024031', 0);
INSERT INTO Enrollment (Cno, Sno, Grd) VALUES ('C005', 'C2024031', 0);
INSERT INTO Enrollment (Cno, Sno, Grd) VALUES ('C002', 'C2024032', 0);
INSERT INTO Enrollment (Cno, Sno, Grd) VALUES ('C003', 'C2024032', 0);
INSERT INTO Enrollment (Cno, Sno, Grd) VALUES ('C004', 'C2024032', 0);
INSERT INTO Enrollment (Cno, Sno, Grd) VALUES ('C005', 'C2024032', 0);
INSERT INTO Enrollment (Cno, Sno, Grd) VALUES ('C006', 'C2024032', 0);
INSERT INTO Enrollment (Cno, Sno, Grd) VALUES ('C003', 'C2024033', 0);
INSERT INTO Enrollment (Cno, Sno, Grd) VALUES ('C004', 'C2024033', 0);
INSERT INTO Enrollment (Cno, Sno, Grd) VALUES ('C005', 'C2024033', 0);
INSERT INTO Enrollment (Cno, Sno, Grd) VALUES ('C006', 'C2024033', 0);
INSERT INTO Enrollment (Cno, Sno, Grd) VALUES ('C007', 'C2024033', 0);
INSERT INTO Enrollment (Cno, Sno, Grd) VALUES ('C004', 'C2024034', 0);
INSERT INTO Enrollment (Cno, Sno, Grd) VALUES ('C005', 'C2024034', 0);
INSERT INTO Enrollment (Cno, Sno, Grd) VALUES ('C006', 'C2024034', 0);
INSERT INTO Enrollment (Cno, Sno, Grd) VALUES ('C007', 'C2024034', 0);
INSERT INTO Enrollment (Cno, Sno, Grd) VALUES ('C008', 'C2024034', 0);
INSERT INTO Enrollment (Cno, Sno, Grd) VALUES ('C005', 'C2024035', 0);
INSERT INTO Enrollment (Cno, Sno, Grd) VALUES ('C006', 'C2024035', 0);
INSERT INTO Enrollment (Cno, Sno, Grd) VALUES ('C007', 'C2024035', 0);
INSERT INTO Enrollment (Cno, Sno, Grd) VALUES ('C008', 'C2024035', 0);
INSERT INTO Enrollment (Cno, Sno, Grd) VALUES ('C009', 'C2024035', 0);
INSERT INTO Enrollment (Cno, Sno, Grd) VALUES ('C006', 'C2024036', 0);
INSERT INTO Enrollment (Cno, Sno, Grd) VALUES ('C007', 'C2024036', 0);
INSERT INTO Enrollment (Cno, Sno, Grd) VALUES ('C008', 'C2024036', 0);
INSERT INTO Enrollment (Cno, Sno, Grd) VALUES ('C009', 'C2024036', 0);
INSERT INTO Enrollment (Cno, Sno, Grd) VALUES ('C010', 'C2024036', 0);
INSERT INTO Enrollment (Cno, Sno, Grd) VALUES ('C007', 'C2024037', 0);
INSERT INTO Enrollment (Cno, Sno, Grd) VALUES ('C008', 'C2024037', 0);
INSERT INTO Enrollment (Cno, Sno, Grd) VALUES ('C009', 'C2024037', 0);
INSERT INTO Enrollment (Cno, Sno, Grd) VALUES ('C010', 'C2024037', 0);
INSERT INTO Enrollment (Cno, Sno, Grd) VALUES ('C001', 'C2024037', 0);
INSERT INTO Enrollment (Cno, Sno, Grd) VALUES ('C008', 'C2024038', 0);
INSERT INTO Enrollment (Cno, Sno, Grd) VALUES ('C009', 'C2024038', 0);
INSERT INTO Enrollment (Cno, Sno, Grd) VALUES ('C010', 'C2024038', 0);
INSERT INTO Enrollment (Cno, Sno, Grd) VALUES ('C001', 'C2024038', 0);
INSERT INTO Enrollment (Cno, Sno, Grd) VALUES ('C002', 'C2024038', 0);
INSERT INTO Enrollment (Cno, Sno, Grd) VALUES ('C009', 'C2024039', 0);
INSERT INTO Enrollment (Cno, Sno, Grd) VALUES ('C010', 'C2024039', 0);
INSERT INTO Enrollment (Cno, Sno, Grd) VALUES ('C001', 'C2024039', 0);
INSERT INTO Enrollment (Cno, Sno, Grd) VALUES ('C002', 'C2024039', 0);
INSERT INTO Enrollment (Cno, Sno, Grd) VALUES ('C003', 'C2024039', 0);
INSERT INTO Enrollment (Cno, Sno, Grd) VALUES ('C010', 'C2024040', 0);
INSERT INTO Enrollment (Cno, Sno, Grd) VALUES ('C001', 'C2024040', 0);
INSERT INTO Enrollment (Cno, Sno, Grd) VALUES ('C002', 'C2024040', 0);
INSERT INTO Enrollment (Cno, Sno, Grd) VALUES ('C003', 'C2024040', 0);
INSERT INTO Enrollment (Cno, Sno, Grd) VALUES ('C004', 'C2024040', 0);
INSERT INTO Enrollment (Cno, Sno, Grd) VALUES ('C001', 'C2024041', 0);
INSERT INTO Enrollment (Cno, Sno, Grd) VALUES ('C002', 'C2024041', 0);
INSERT INTO Enrollment (Cno, Sno, Grd) VALUES ('C003', 'C2024041', 0);
INSERT INTO Enrollment (Cno, Sno, Grd) VALUES ('C004', 'C2024041', 0);
INSERT INTO Enrollment (Cno, Sno, Grd) VALUES ('C005', 'C2024041', 0);
INSERT INTO Enrollment (Cno, Sno, Grd) VALUES ('C002', 'C2024042', 0);
INSERT INTO Enrollment (Cno, Sno, Grd) VALUES ('C003', 'C2024042', 0);
INSERT INTO Enrollment (Cno, Sno, Grd) VALUES ('C004', 'C2024042', 0);
INSERT INTO Enrollment (Cno, Sno, Grd) VALUES ('C005', 'C2024042', 0);
INSERT INTO Enrollment (Cno, Sno, Grd) VALUES ('C006', 'C2024042', 0);
INSERT INTO Enrollment (Cno, Sno, Grd) VALUES ('C003', 'C2024043', 0);
INSERT INTO Enrollment (Cno, Sno, Grd) VALUES ('C004', 'C2024043', 0);
INSERT INTO Enrollment (Cno, Sno, Grd) VALUES ('C005', 'C2024043', 0);
INSERT INTO Enrollment (Cno, Sno, Grd) VALUES ('C006', 'C2024043', 0);
INSERT INTO Enrollment (Cno, Sno, Grd) VALUES ('C007', 'C2024043', 0);
INSERT INTO Enrollment (Cno, Sno, Grd) VALUES ('C004', 'C2024044', 0);
INSERT INTO Enrollment (Cno, Sno, Grd) VALUES ('C005', 'C2024044', 0);
INSERT INTO Enrollment (Cno, Sno, Grd) VALUES ('C006', 'C2024044', 0);
INSERT INTO Enrollment (Cno, Sno, Grd) VALUES ('C007', 'C2024044', 0);
INSERT INTO Enrollment (Cno, Sno, Grd) VALUES ('C008', 'C2024044', 0);
INSERT INTO Enrollment (Cno, Sno, Grd) VALUES ('C005', 'C2024045', 0);
INSERT INTO Enrollment (Cno, Sno, Grd) VALUES ('C006', 'C2024045', 0);
INSERT INTO Enrollment (Cno, Sno, Grd) VALUES ('C007', 'C2024045', 0);
INSERT INTO Enrollment (Cno, Sno, Grd) VALUES ('C008', 'C2024045', 0);
INSERT INTO Enrollment (Cno, Sno, Grd) VALUES ('C009', 'C2024045', 0);
INSERT INTO Enrollment (Cno, Sno, Grd) VALUES ('C006', 'C2024046', 0);
INSERT INTO Enrollment (Cno, Sno, Grd) VALUES ('C007', 'C2024046', 0);
INSERT INTO Enrollment (Cno, Sno, Grd) VALUES ('C008', 'C2024046', 0);
INSERT INTO Enrollment (Cno, Sno, Grd) VALUES ('C009', 'C2024046', 0);
INSERT INTO Enrollment (Cno, Sno, Grd) VALUES ('C010', 'C2024046', 0);
INSERT INTO Enrollment (Cno, Sno, Grd) VALUES ('C007', 'C2024047', 0);
INSERT INTO Enrollment (Cno, Sno, Grd) VALUES ('C008', 'C2024047', 0);
INSERT INTO Enrollment (Cno, Sno, Grd) VALUES ('C009', 'C2024047', 0);
INSERT INTO Enrollment (Cno, Sno, Grd) VALUES ('C010', 'C2024047', 0);
INSERT INTO Enrollment (Cno, Sno, Grd) VALUES ('C001', 'C2024047', 0);
INSERT INTO Enrollment (Cno, Sno, Grd) VALUES ('C008', 'C2024048', 0);
INSERT INTO Enrollment (Cno, Sno, Grd) VALUES ('C009', 'C2024048', 0);
INSERT INTO Enrollment (Cno, Sno, Grd) VALUES ('C010', 'C2024048', 0);
INSERT INTO Enrollment (Cno, Sno, Grd) VALUES ('C001', 'C2024048', 0);
INSERT INTO Enrollment (Cno, Sno, Grd) VALUES ('C002', 'C2024048', 0);
INSERT INTO Enrollment (Cno, Sno, Grd) VALUES ('C009', 'C2024049', 0);
INSERT INTO Enrollment (Cno, Sno, Grd) VALUES ('C010', 'C2024049', 0);
INSERT INTO Enrollment (Cno, Sno, Grd) VALUES ('C001', 'C2024049', 0);
INSERT INTO Enrollment (Cno, Sno, Grd) VALUES ('C002', 'C2024049', 0);
INSERT INTO Enrollment (Cno, Sno, Grd) VALUES ('C003', 'C2024049', 0);
INSERT INTO Enrollment (Cno, Sno, Grd) VALUES ('C010', 'C2024050', 0);
INSERT INTO Enrollment (Cno, Sno, Grd) VALUES ('C001', 'C2024050', 0);
INSERT INTO Enrollment (Cno, Sno, Grd) VALUES ('C002', 'C2024050', 0);
INSERT INTO Enrollment (Cno, Sno, Grd) VALUES ('C003', 'C2024050', 0);
INSERT INTO Enrollment (Cno, Sno, Grd) VALUES ('C004', 'C2024050', 0);

INSERT INTO EnrollmentLog (enrollment_id, student_id, course_id, source_college_id, target_college_id, score, origin, status, created_at, updated_at) VALUES ('EC000001', 'C2024001', 'C001', 'C', 'C', 0, 'LOCAL', 'ENROLLED', '2026-05-28 00:00:00', '2026-05-28 00:00:00');
INSERT INTO EnrollmentLog (enrollment_id, student_id, course_id, source_college_id, target_college_id, score, origin, status, created_at, updated_at) VALUES ('EC000002', 'C2024001', 'C002', 'C', 'C', 0, 'LOCAL', 'ENROLLED', '2026-05-28 00:00:00', '2026-05-28 00:00:00');
INSERT INTO EnrollmentLog (enrollment_id, student_id, course_id, source_college_id, target_college_id, score, origin, status, created_at, updated_at) VALUES ('EC000003', 'C2024001', 'C003', 'C', 'C', 0, 'LOCAL', 'ENROLLED', '2026-05-28 00:00:00', '2026-05-28 00:00:00');
INSERT INTO EnrollmentLog (enrollment_id, student_id, course_id, source_college_id, target_college_id, score, origin, status, created_at, updated_at) VALUES ('EC000004', 'C2024001', 'C004', 'C', 'C', 0, 'LOCAL', 'ENROLLED', '2026-05-28 00:00:00', '2026-05-28 00:00:00');
INSERT INTO EnrollmentLog (enrollment_id, student_id, course_id, source_college_id, target_college_id, score, origin, status, created_at, updated_at) VALUES ('EC000005', 'C2024001', 'C005', 'C', 'C', 0, 'LOCAL', 'ENROLLED', '2026-05-28 00:00:00', '2026-05-28 00:00:00');
INSERT INTO EnrollmentLog (enrollment_id, student_id, course_id, source_college_id, target_college_id, score, origin, status, created_at, updated_at) VALUES ('EC000006', 'C2024002', 'C002', 'C', 'C', 0, 'LOCAL', 'ENROLLED', '2026-05-28 00:00:00', '2026-05-28 00:00:00');
INSERT INTO EnrollmentLog (enrollment_id, student_id, course_id, source_college_id, target_college_id, score, origin, status, created_at, updated_at) VALUES ('EC000007', 'C2024002', 'C003', 'C', 'C', 0, 'LOCAL', 'ENROLLED', '2026-05-28 00:00:00', '2026-05-28 00:00:00');
INSERT INTO EnrollmentLog (enrollment_id, student_id, course_id, source_college_id, target_college_id, score, origin, status, created_at, updated_at) VALUES ('EC000008', 'C2024002', 'C004', 'C', 'C', 0, 'LOCAL', 'ENROLLED', '2026-05-28 00:00:00', '2026-05-28 00:00:00');
INSERT INTO EnrollmentLog (enrollment_id, student_id, course_id, source_college_id, target_college_id, score, origin, status, created_at, updated_at) VALUES ('EC000009', 'C2024002', 'C005', 'C', 'C', 0, 'LOCAL', 'ENROLLED', '2026-05-28 00:00:00', '2026-05-28 00:00:00');
INSERT INTO EnrollmentLog (enrollment_id, student_id, course_id, source_college_id, target_college_id, score, origin, status, created_at, updated_at) VALUES ('EC000010', 'C2024002', 'C006', 'C', 'C', 0, 'LOCAL', 'ENROLLED', '2026-05-28 00:00:00', '2026-05-28 00:00:00');
INSERT INTO EnrollmentLog (enrollment_id, student_id, course_id, source_college_id, target_college_id, score, origin, status, created_at, updated_at) VALUES ('EC000011', 'C2024003', 'C003', 'C', 'C', 0, 'LOCAL', 'ENROLLED', '2026-05-28 00:00:00', '2026-05-28 00:00:00');
INSERT INTO EnrollmentLog (enrollment_id, student_id, course_id, source_college_id, target_college_id, score, origin, status, created_at, updated_at) VALUES ('EC000012', 'C2024003', 'C004', 'C', 'C', 0, 'LOCAL', 'ENROLLED', '2026-05-28 00:00:00', '2026-05-28 00:00:00');
INSERT INTO EnrollmentLog (enrollment_id, student_id, course_id, source_college_id, target_college_id, score, origin, status, created_at, updated_at) VALUES ('EC000013', 'C2024003', 'C005', 'C', 'C', 0, 'LOCAL', 'ENROLLED', '2026-05-28 00:00:00', '2026-05-28 00:00:00');
INSERT INTO EnrollmentLog (enrollment_id, student_id, course_id, source_college_id, target_college_id, score, origin, status, created_at, updated_at) VALUES ('EC000014', 'C2024003', 'C006', 'C', 'C', 0, 'LOCAL', 'ENROLLED', '2026-05-28 00:00:00', '2026-05-28 00:00:00');
INSERT INTO EnrollmentLog (enrollment_id, student_id, course_id, source_college_id, target_college_id, score, origin, status, created_at, updated_at) VALUES ('EC000015', 'C2024003', 'C007', 'C', 'C', 0, 'LOCAL', 'ENROLLED', '2026-05-28 00:00:00', '2026-05-28 00:00:00');
INSERT INTO EnrollmentLog (enrollment_id, student_id, course_id, source_college_id, target_college_id, score, origin, status, created_at, updated_at) VALUES ('EC000016', 'C2024004', 'C004', 'C', 'C', 0, 'LOCAL', 'ENROLLED', '2026-05-28 00:00:00', '2026-05-28 00:00:00');
INSERT INTO EnrollmentLog (enrollment_id, student_id, course_id, source_college_id, target_college_id, score, origin, status, created_at, updated_at) VALUES ('EC000017', 'C2024004', 'C005', 'C', 'C', 0, 'LOCAL', 'ENROLLED', '2026-05-28 00:00:00', '2026-05-28 00:00:00');
INSERT INTO EnrollmentLog (enrollment_id, student_id, course_id, source_college_id, target_college_id, score, origin, status, created_at, updated_at) VALUES ('EC000018', 'C2024004', 'C006', 'C', 'C', 0, 'LOCAL', 'ENROLLED', '2026-05-28 00:00:00', '2026-05-28 00:00:00');
INSERT INTO EnrollmentLog (enrollment_id, student_id, course_id, source_college_id, target_college_id, score, origin, status, created_at, updated_at) VALUES ('EC000019', 'C2024004', 'C007', 'C', 'C', 0, 'LOCAL', 'ENROLLED', '2026-05-28 00:00:00', '2026-05-28 00:00:00');
INSERT INTO EnrollmentLog (enrollment_id, student_id, course_id, source_college_id, target_college_id, score, origin, status, created_at, updated_at) VALUES ('EC000020', 'C2024004', 'C008', 'C', 'C', 0, 'LOCAL', 'ENROLLED', '2026-05-28 00:00:00', '2026-05-28 00:00:00');
INSERT INTO EnrollmentLog (enrollment_id, student_id, course_id, source_college_id, target_college_id, score, origin, status, created_at, updated_at) VALUES ('EC000021', 'C2024005', 'C005', 'C', 'C', 0, 'LOCAL', 'ENROLLED', '2026-05-28 00:00:00', '2026-05-28 00:00:00');
INSERT INTO EnrollmentLog (enrollment_id, student_id, course_id, source_college_id, target_college_id, score, origin, status, created_at, updated_at) VALUES ('EC000022', 'C2024005', 'C006', 'C', 'C', 0, 'LOCAL', 'ENROLLED', '2026-05-28 00:00:00', '2026-05-28 00:00:00');
INSERT INTO EnrollmentLog (enrollment_id, student_id, course_id, source_college_id, target_college_id, score, origin, status, created_at, updated_at) VALUES ('EC000023', 'C2024005', 'C007', 'C', 'C', 0, 'LOCAL', 'ENROLLED', '2026-05-28 00:00:00', '2026-05-28 00:00:00');
INSERT INTO EnrollmentLog (enrollment_id, student_id, course_id, source_college_id, target_college_id, score, origin, status, created_at, updated_at) VALUES ('EC000024', 'C2024005', 'C008', 'C', 'C', 0, 'LOCAL', 'ENROLLED', '2026-05-28 00:00:00', '2026-05-28 00:00:00');
INSERT INTO EnrollmentLog (enrollment_id, student_id, course_id, source_college_id, target_college_id, score, origin, status, created_at, updated_at) VALUES ('EC000025', 'C2024005', 'C009', 'C', 'C', 0, 'LOCAL', 'ENROLLED', '2026-05-28 00:00:00', '2026-05-28 00:00:00');
INSERT INTO EnrollmentLog (enrollment_id, student_id, course_id, source_college_id, target_college_id, score, origin, status, created_at, updated_at) VALUES ('EC000026', 'C2024006', 'C006', 'C', 'C', 0, 'LOCAL', 'ENROLLED', '2026-05-28 00:00:00', '2026-05-28 00:00:00');
INSERT INTO EnrollmentLog (enrollment_id, student_id, course_id, source_college_id, target_college_id, score, origin, status, created_at, updated_at) VALUES ('EC000027', 'C2024006', 'C007', 'C', 'C', 0, 'LOCAL', 'ENROLLED', '2026-05-28 00:00:00', '2026-05-28 00:00:00');
INSERT INTO EnrollmentLog (enrollment_id, student_id, course_id, source_college_id, target_college_id, score, origin, status, created_at, updated_at) VALUES ('EC000028', 'C2024006', 'C008', 'C', 'C', 0, 'LOCAL', 'ENROLLED', '2026-05-28 00:00:00', '2026-05-28 00:00:00');
INSERT INTO EnrollmentLog (enrollment_id, student_id, course_id, source_college_id, target_college_id, score, origin, status, created_at, updated_at) VALUES ('EC000029', 'C2024006', 'C009', 'C', 'C', 0, 'LOCAL', 'ENROLLED', '2026-05-28 00:00:00', '2026-05-28 00:00:00');
INSERT INTO EnrollmentLog (enrollment_id, student_id, course_id, source_college_id, target_college_id, score, origin, status, created_at, updated_at) VALUES ('EC000030', 'C2024006', 'C010', 'C', 'C', 0, 'LOCAL', 'ENROLLED', '2026-05-28 00:00:00', '2026-05-28 00:00:00');
INSERT INTO EnrollmentLog (enrollment_id, student_id, course_id, source_college_id, target_college_id, score, origin, status, created_at, updated_at) VALUES ('EC000031', 'C2024007', 'C007', 'C', 'C', 0, 'LOCAL', 'ENROLLED', '2026-05-28 00:00:00', '2026-05-28 00:00:00');
INSERT INTO EnrollmentLog (enrollment_id, student_id, course_id, source_college_id, target_college_id, score, origin, status, created_at, updated_at) VALUES ('EC000032', 'C2024007', 'C008', 'C', 'C', 0, 'LOCAL', 'ENROLLED', '2026-05-28 00:00:00', '2026-05-28 00:00:00');
INSERT INTO EnrollmentLog (enrollment_id, student_id, course_id, source_college_id, target_college_id, score, origin, status, created_at, updated_at) VALUES ('EC000033', 'C2024007', 'C009', 'C', 'C', 0, 'LOCAL', 'ENROLLED', '2026-05-28 00:00:00', '2026-05-28 00:00:00');
INSERT INTO EnrollmentLog (enrollment_id, student_id, course_id, source_college_id, target_college_id, score, origin, status, created_at, updated_at) VALUES ('EC000034', 'C2024007', 'C010', 'C', 'C', 0, 'LOCAL', 'ENROLLED', '2026-05-28 00:00:00', '2026-05-28 00:00:00');
INSERT INTO EnrollmentLog (enrollment_id, student_id, course_id, source_college_id, target_college_id, score, origin, status, created_at, updated_at) VALUES ('EC000035', 'C2024007', 'C001', 'C', 'C', 0, 'LOCAL', 'ENROLLED', '2026-05-28 00:00:00', '2026-05-28 00:00:00');
INSERT INTO EnrollmentLog (enrollment_id, student_id, course_id, source_college_id, target_college_id, score, origin, status, created_at, updated_at) VALUES ('EC000036', 'C2024008', 'C008', 'C', 'C', 0, 'LOCAL', 'ENROLLED', '2026-05-28 00:00:00', '2026-05-28 00:00:00');
INSERT INTO EnrollmentLog (enrollment_id, student_id, course_id, source_college_id, target_college_id, score, origin, status, created_at, updated_at) VALUES ('EC000037', 'C2024008', 'C009', 'C', 'C', 0, 'LOCAL', 'ENROLLED', '2026-05-28 00:00:00', '2026-05-28 00:00:00');
INSERT INTO EnrollmentLog (enrollment_id, student_id, course_id, source_college_id, target_college_id, score, origin, status, created_at, updated_at) VALUES ('EC000038', 'C2024008', 'C010', 'C', 'C', 0, 'LOCAL', 'ENROLLED', '2026-05-28 00:00:00', '2026-05-28 00:00:00');
INSERT INTO EnrollmentLog (enrollment_id, student_id, course_id, source_college_id, target_college_id, score, origin, status, created_at, updated_at) VALUES ('EC000039', 'C2024008', 'C001', 'C', 'C', 0, 'LOCAL', 'ENROLLED', '2026-05-28 00:00:00', '2026-05-28 00:00:00');
INSERT INTO EnrollmentLog (enrollment_id, student_id, course_id, source_college_id, target_college_id, score, origin, status, created_at, updated_at) VALUES ('EC000040', 'C2024008', 'C002', 'C', 'C', 0, 'LOCAL', 'ENROLLED', '2026-05-28 00:00:00', '2026-05-28 00:00:00');
INSERT INTO EnrollmentLog (enrollment_id, student_id, course_id, source_college_id, target_college_id, score, origin, status, created_at, updated_at) VALUES ('EC000041', 'C2024009', 'C009', 'C', 'C', 0, 'LOCAL', 'ENROLLED', '2026-05-28 00:00:00', '2026-05-28 00:00:00');
INSERT INTO EnrollmentLog (enrollment_id, student_id, course_id, source_college_id, target_college_id, score, origin, status, created_at, updated_at) VALUES ('EC000042', 'C2024009', 'C010', 'C', 'C', 0, 'LOCAL', 'ENROLLED', '2026-05-28 00:00:00', '2026-05-28 00:00:00');
INSERT INTO EnrollmentLog (enrollment_id, student_id, course_id, source_college_id, target_college_id, score, origin, status, created_at, updated_at) VALUES ('EC000043', 'C2024009', 'C001', 'C', 'C', 0, 'LOCAL', 'ENROLLED', '2026-05-28 00:00:00', '2026-05-28 00:00:00');
INSERT INTO EnrollmentLog (enrollment_id, student_id, course_id, source_college_id, target_college_id, score, origin, status, created_at, updated_at) VALUES ('EC000044', 'C2024009', 'C002', 'C', 'C', 0, 'LOCAL', 'ENROLLED', '2026-05-28 00:00:00', '2026-05-28 00:00:00');
INSERT INTO EnrollmentLog (enrollment_id, student_id, course_id, source_college_id, target_college_id, score, origin, status, created_at, updated_at) VALUES ('EC000045', 'C2024009', 'C003', 'C', 'C', 0, 'LOCAL', 'ENROLLED', '2026-05-28 00:00:00', '2026-05-28 00:00:00');
INSERT INTO EnrollmentLog (enrollment_id, student_id, course_id, source_college_id, target_college_id, score, origin, status, created_at, updated_at) VALUES ('EC000046', 'C2024010', 'C010', 'C', 'C', 0, 'LOCAL', 'ENROLLED', '2026-05-28 00:00:00', '2026-05-28 00:00:00');
INSERT INTO EnrollmentLog (enrollment_id, student_id, course_id, source_college_id, target_college_id, score, origin, status, created_at, updated_at) VALUES ('EC000047', 'C2024010', 'C001', 'C', 'C', 0, 'LOCAL', 'ENROLLED', '2026-05-28 00:00:00', '2026-05-28 00:00:00');
INSERT INTO EnrollmentLog (enrollment_id, student_id, course_id, source_college_id, target_college_id, score, origin, status, created_at, updated_at) VALUES ('EC000048', 'C2024010', 'C002', 'C', 'C', 0, 'LOCAL', 'ENROLLED', '2026-05-28 00:00:00', '2026-05-28 00:00:00');
INSERT INTO EnrollmentLog (enrollment_id, student_id, course_id, source_college_id, target_college_id, score, origin, status, created_at, updated_at) VALUES ('EC000049', 'C2024010', 'C003', 'C', 'C', 0, 'LOCAL', 'ENROLLED', '2026-05-28 00:00:00', '2026-05-28 00:00:00');
INSERT INTO EnrollmentLog (enrollment_id, student_id, course_id, source_college_id, target_college_id, score, origin, status, created_at, updated_at) VALUES ('EC000050', 'C2024010', 'C004', 'C', 'C', 0, 'LOCAL', 'ENROLLED', '2026-05-28 00:00:00', '2026-05-28 00:00:00');
INSERT INTO EnrollmentLog (enrollment_id, student_id, course_id, source_college_id, target_college_id, score, origin, status, created_at, updated_at) VALUES ('EC000051', 'C2024011', 'C001', 'C', 'C', 0, 'LOCAL', 'ENROLLED', '2026-05-28 00:00:00', '2026-05-28 00:00:00');
INSERT INTO EnrollmentLog (enrollment_id, student_id, course_id, source_college_id, target_college_id, score, origin, status, created_at, updated_at) VALUES ('EC000052', 'C2024011', 'C002', 'C', 'C', 0, 'LOCAL', 'ENROLLED', '2026-05-28 00:00:00', '2026-05-28 00:00:00');
INSERT INTO EnrollmentLog (enrollment_id, student_id, course_id, source_college_id, target_college_id, score, origin, status, created_at, updated_at) VALUES ('EC000053', 'C2024011', 'C003', 'C', 'C', 0, 'LOCAL', 'ENROLLED', '2026-05-28 00:00:00', '2026-05-28 00:00:00');
INSERT INTO EnrollmentLog (enrollment_id, student_id, course_id, source_college_id, target_college_id, score, origin, status, created_at, updated_at) VALUES ('EC000054', 'C2024011', 'C004', 'C', 'C', 0, 'LOCAL', 'ENROLLED', '2026-05-28 00:00:00', '2026-05-28 00:00:00');
INSERT INTO EnrollmentLog (enrollment_id, student_id, course_id, source_college_id, target_college_id, score, origin, status, created_at, updated_at) VALUES ('EC000055', 'C2024011', 'C005', 'C', 'C', 0, 'LOCAL', 'ENROLLED', '2026-05-28 00:00:00', '2026-05-28 00:00:00');
INSERT INTO EnrollmentLog (enrollment_id, student_id, course_id, source_college_id, target_college_id, score, origin, status, created_at, updated_at) VALUES ('EC000056', 'C2024012', 'C002', 'C', 'C', 0, 'LOCAL', 'ENROLLED', '2026-05-28 00:00:00', '2026-05-28 00:00:00');
INSERT INTO EnrollmentLog (enrollment_id, student_id, course_id, source_college_id, target_college_id, score, origin, status, created_at, updated_at) VALUES ('EC000057', 'C2024012', 'C003', 'C', 'C', 0, 'LOCAL', 'ENROLLED', '2026-05-28 00:00:00', '2026-05-28 00:00:00');
INSERT INTO EnrollmentLog (enrollment_id, student_id, course_id, source_college_id, target_college_id, score, origin, status, created_at, updated_at) VALUES ('EC000058', 'C2024012', 'C004', 'C', 'C', 0, 'LOCAL', 'ENROLLED', '2026-05-28 00:00:00', '2026-05-28 00:00:00');
INSERT INTO EnrollmentLog (enrollment_id, student_id, course_id, source_college_id, target_college_id, score, origin, status, created_at, updated_at) VALUES ('EC000059', 'C2024012', 'C005', 'C', 'C', 0, 'LOCAL', 'ENROLLED', '2026-05-28 00:00:00', '2026-05-28 00:00:00');
INSERT INTO EnrollmentLog (enrollment_id, student_id, course_id, source_college_id, target_college_id, score, origin, status, created_at, updated_at) VALUES ('EC000060', 'C2024012', 'C006', 'C', 'C', 0, 'LOCAL', 'ENROLLED', '2026-05-28 00:00:00', '2026-05-28 00:00:00');
INSERT INTO EnrollmentLog (enrollment_id, student_id, course_id, source_college_id, target_college_id, score, origin, status, created_at, updated_at) VALUES ('EC000061', 'C2024013', 'C003', 'C', 'C', 0, 'LOCAL', 'ENROLLED', '2026-05-28 00:00:00', '2026-05-28 00:00:00');
INSERT INTO EnrollmentLog (enrollment_id, student_id, course_id, source_college_id, target_college_id, score, origin, status, created_at, updated_at) VALUES ('EC000062', 'C2024013', 'C004', 'C', 'C', 0, 'LOCAL', 'ENROLLED', '2026-05-28 00:00:00', '2026-05-28 00:00:00');
INSERT INTO EnrollmentLog (enrollment_id, student_id, course_id, source_college_id, target_college_id, score, origin, status, created_at, updated_at) VALUES ('EC000063', 'C2024013', 'C005', 'C', 'C', 0, 'LOCAL', 'ENROLLED', '2026-05-28 00:00:00', '2026-05-28 00:00:00');
INSERT INTO EnrollmentLog (enrollment_id, student_id, course_id, source_college_id, target_college_id, score, origin, status, created_at, updated_at) VALUES ('EC000064', 'C2024013', 'C006', 'C', 'C', 0, 'LOCAL', 'ENROLLED', '2026-05-28 00:00:00', '2026-05-28 00:00:00');
INSERT INTO EnrollmentLog (enrollment_id, student_id, course_id, source_college_id, target_college_id, score, origin, status, created_at, updated_at) VALUES ('EC000065', 'C2024013', 'C007', 'C', 'C', 0, 'LOCAL', 'ENROLLED', '2026-05-28 00:00:00', '2026-05-28 00:00:00');
INSERT INTO EnrollmentLog (enrollment_id, student_id, course_id, source_college_id, target_college_id, score, origin, status, created_at, updated_at) VALUES ('EC000066', 'C2024014', 'C004', 'C', 'C', 0, 'LOCAL', 'ENROLLED', '2026-05-28 00:00:00', '2026-05-28 00:00:00');
INSERT INTO EnrollmentLog (enrollment_id, student_id, course_id, source_college_id, target_college_id, score, origin, status, created_at, updated_at) VALUES ('EC000067', 'C2024014', 'C005', 'C', 'C', 0, 'LOCAL', 'ENROLLED', '2026-05-28 00:00:00', '2026-05-28 00:00:00');
INSERT INTO EnrollmentLog (enrollment_id, student_id, course_id, source_college_id, target_college_id, score, origin, status, created_at, updated_at) VALUES ('EC000068', 'C2024014', 'C006', 'C', 'C', 0, 'LOCAL', 'ENROLLED', '2026-05-28 00:00:00', '2026-05-28 00:00:00');
INSERT INTO EnrollmentLog (enrollment_id, student_id, course_id, source_college_id, target_college_id, score, origin, status, created_at, updated_at) VALUES ('EC000069', 'C2024014', 'C007', 'C', 'C', 0, 'LOCAL', 'ENROLLED', '2026-05-28 00:00:00', '2026-05-28 00:00:00');
INSERT INTO EnrollmentLog (enrollment_id, student_id, course_id, source_college_id, target_college_id, score, origin, status, created_at, updated_at) VALUES ('EC000070', 'C2024014', 'C008', 'C', 'C', 0, 'LOCAL', 'ENROLLED', '2026-05-28 00:00:00', '2026-05-28 00:00:00');
INSERT INTO EnrollmentLog (enrollment_id, student_id, course_id, source_college_id, target_college_id, score, origin, status, created_at, updated_at) VALUES ('EC000071', 'C2024015', 'C005', 'C', 'C', 0, 'LOCAL', 'ENROLLED', '2026-05-28 00:00:00', '2026-05-28 00:00:00');
INSERT INTO EnrollmentLog (enrollment_id, student_id, course_id, source_college_id, target_college_id, score, origin, status, created_at, updated_at) VALUES ('EC000072', 'C2024015', 'C006', 'C', 'C', 0, 'LOCAL', 'ENROLLED', '2026-05-28 00:00:00', '2026-05-28 00:00:00');
INSERT INTO EnrollmentLog (enrollment_id, student_id, course_id, source_college_id, target_college_id, score, origin, status, created_at, updated_at) VALUES ('EC000073', 'C2024015', 'C007', 'C', 'C', 0, 'LOCAL', 'ENROLLED', '2026-05-28 00:00:00', '2026-05-28 00:00:00');
INSERT INTO EnrollmentLog (enrollment_id, student_id, course_id, source_college_id, target_college_id, score, origin, status, created_at, updated_at) VALUES ('EC000074', 'C2024015', 'C008', 'C', 'C', 0, 'LOCAL', 'ENROLLED', '2026-05-28 00:00:00', '2026-05-28 00:00:00');
INSERT INTO EnrollmentLog (enrollment_id, student_id, course_id, source_college_id, target_college_id, score, origin, status, created_at, updated_at) VALUES ('EC000075', 'C2024015', 'C009', 'C', 'C', 0, 'LOCAL', 'ENROLLED', '2026-05-28 00:00:00', '2026-05-28 00:00:00');
INSERT INTO EnrollmentLog (enrollment_id, student_id, course_id, source_college_id, target_college_id, score, origin, status, created_at, updated_at) VALUES ('EC000076', 'C2024016', 'C006', 'C', 'C', 0, 'LOCAL', 'ENROLLED', '2026-05-28 00:00:00', '2026-05-28 00:00:00');
INSERT INTO EnrollmentLog (enrollment_id, student_id, course_id, source_college_id, target_college_id, score, origin, status, created_at, updated_at) VALUES ('EC000077', 'C2024016', 'C007', 'C', 'C', 0, 'LOCAL', 'ENROLLED', '2026-05-28 00:00:00', '2026-05-28 00:00:00');
INSERT INTO EnrollmentLog (enrollment_id, student_id, course_id, source_college_id, target_college_id, score, origin, status, created_at, updated_at) VALUES ('EC000078', 'C2024016', 'C008', 'C', 'C', 0, 'LOCAL', 'ENROLLED', '2026-05-28 00:00:00', '2026-05-28 00:00:00');
INSERT INTO EnrollmentLog (enrollment_id, student_id, course_id, source_college_id, target_college_id, score, origin, status, created_at, updated_at) VALUES ('EC000079', 'C2024016', 'C009', 'C', 'C', 0, 'LOCAL', 'ENROLLED', '2026-05-28 00:00:00', '2026-05-28 00:00:00');
INSERT INTO EnrollmentLog (enrollment_id, student_id, course_id, source_college_id, target_college_id, score, origin, status, created_at, updated_at) VALUES ('EC000080', 'C2024016', 'C010', 'C', 'C', 0, 'LOCAL', 'ENROLLED', '2026-05-28 00:00:00', '2026-05-28 00:00:00');
INSERT INTO EnrollmentLog (enrollment_id, student_id, course_id, source_college_id, target_college_id, score, origin, status, created_at, updated_at) VALUES ('EC000081', 'C2024017', 'C007', 'C', 'C', 0, 'LOCAL', 'ENROLLED', '2026-05-28 00:00:00', '2026-05-28 00:00:00');
INSERT INTO EnrollmentLog (enrollment_id, student_id, course_id, source_college_id, target_college_id, score, origin, status, created_at, updated_at) VALUES ('EC000082', 'C2024017', 'C008', 'C', 'C', 0, 'LOCAL', 'ENROLLED', '2026-05-28 00:00:00', '2026-05-28 00:00:00');
INSERT INTO EnrollmentLog (enrollment_id, student_id, course_id, source_college_id, target_college_id, score, origin, status, created_at, updated_at) VALUES ('EC000083', 'C2024017', 'C009', 'C', 'C', 0, 'LOCAL', 'ENROLLED', '2026-05-28 00:00:00', '2026-05-28 00:00:00');
INSERT INTO EnrollmentLog (enrollment_id, student_id, course_id, source_college_id, target_college_id, score, origin, status, created_at, updated_at) VALUES ('EC000084', 'C2024017', 'C010', 'C', 'C', 0, 'LOCAL', 'ENROLLED', '2026-05-28 00:00:00', '2026-05-28 00:00:00');
INSERT INTO EnrollmentLog (enrollment_id, student_id, course_id, source_college_id, target_college_id, score, origin, status, created_at, updated_at) VALUES ('EC000085', 'C2024017', 'C001', 'C', 'C', 0, 'LOCAL', 'ENROLLED', '2026-05-28 00:00:00', '2026-05-28 00:00:00');
INSERT INTO EnrollmentLog (enrollment_id, student_id, course_id, source_college_id, target_college_id, score, origin, status, created_at, updated_at) VALUES ('EC000086', 'C2024018', 'C008', 'C', 'C', 0, 'LOCAL', 'ENROLLED', '2026-05-28 00:00:00', '2026-05-28 00:00:00');
INSERT INTO EnrollmentLog (enrollment_id, student_id, course_id, source_college_id, target_college_id, score, origin, status, created_at, updated_at) VALUES ('EC000087', 'C2024018', 'C009', 'C', 'C', 0, 'LOCAL', 'ENROLLED', '2026-05-28 00:00:00', '2026-05-28 00:00:00');
INSERT INTO EnrollmentLog (enrollment_id, student_id, course_id, source_college_id, target_college_id, score, origin, status, created_at, updated_at) VALUES ('EC000088', 'C2024018', 'C010', 'C', 'C', 0, 'LOCAL', 'ENROLLED', '2026-05-28 00:00:00', '2026-05-28 00:00:00');
INSERT INTO EnrollmentLog (enrollment_id, student_id, course_id, source_college_id, target_college_id, score, origin, status, created_at, updated_at) VALUES ('EC000089', 'C2024018', 'C001', 'C', 'C', 0, 'LOCAL', 'ENROLLED', '2026-05-28 00:00:00', '2026-05-28 00:00:00');
INSERT INTO EnrollmentLog (enrollment_id, student_id, course_id, source_college_id, target_college_id, score, origin, status, created_at, updated_at) VALUES ('EC000090', 'C2024018', 'C002', 'C', 'C', 0, 'LOCAL', 'ENROLLED', '2026-05-28 00:00:00', '2026-05-28 00:00:00');
INSERT INTO EnrollmentLog (enrollment_id, student_id, course_id, source_college_id, target_college_id, score, origin, status, created_at, updated_at) VALUES ('EC000091', 'C2024019', 'C009', 'C', 'C', 0, 'LOCAL', 'ENROLLED', '2026-05-28 00:00:00', '2026-05-28 00:00:00');
INSERT INTO EnrollmentLog (enrollment_id, student_id, course_id, source_college_id, target_college_id, score, origin, status, created_at, updated_at) VALUES ('EC000092', 'C2024019', 'C010', 'C', 'C', 0, 'LOCAL', 'ENROLLED', '2026-05-28 00:00:00', '2026-05-28 00:00:00');
INSERT INTO EnrollmentLog (enrollment_id, student_id, course_id, source_college_id, target_college_id, score, origin, status, created_at, updated_at) VALUES ('EC000093', 'C2024019', 'C001', 'C', 'C', 0, 'LOCAL', 'ENROLLED', '2026-05-28 00:00:00', '2026-05-28 00:00:00');
INSERT INTO EnrollmentLog (enrollment_id, student_id, course_id, source_college_id, target_college_id, score, origin, status, created_at, updated_at) VALUES ('EC000094', 'C2024019', 'C002', 'C', 'C', 0, 'LOCAL', 'ENROLLED', '2026-05-28 00:00:00', '2026-05-28 00:00:00');
INSERT INTO EnrollmentLog (enrollment_id, student_id, course_id, source_college_id, target_college_id, score, origin, status, created_at, updated_at) VALUES ('EC000095', 'C2024019', 'C003', 'C', 'C', 0, 'LOCAL', 'ENROLLED', '2026-05-28 00:00:00', '2026-05-28 00:00:00');
INSERT INTO EnrollmentLog (enrollment_id, student_id, course_id, source_college_id, target_college_id, score, origin, status, created_at, updated_at) VALUES ('EC000096', 'C2024020', 'C010', 'C', 'C', 0, 'LOCAL', 'ENROLLED', '2026-05-28 00:00:00', '2026-05-28 00:00:00');
INSERT INTO EnrollmentLog (enrollment_id, student_id, course_id, source_college_id, target_college_id, score, origin, status, created_at, updated_at) VALUES ('EC000097', 'C2024020', 'C001', 'C', 'C', 0, 'LOCAL', 'ENROLLED', '2026-05-28 00:00:00', '2026-05-28 00:00:00');
INSERT INTO EnrollmentLog (enrollment_id, student_id, course_id, source_college_id, target_college_id, score, origin, status, created_at, updated_at) VALUES ('EC000098', 'C2024020', 'C002', 'C', 'C', 0, 'LOCAL', 'ENROLLED', '2026-05-28 00:00:00', '2026-05-28 00:00:00');
INSERT INTO EnrollmentLog (enrollment_id, student_id, course_id, source_college_id, target_college_id, score, origin, status, created_at, updated_at) VALUES ('EC000099', 'C2024020', 'C003', 'C', 'C', 0, 'LOCAL', 'ENROLLED', '2026-05-28 00:00:00', '2026-05-28 00:00:00');
INSERT INTO EnrollmentLog (enrollment_id, student_id, course_id, source_college_id, target_college_id, score, origin, status, created_at, updated_at) VALUES ('EC000100', 'C2024020', 'C004', 'C', 'C', 0, 'LOCAL', 'ENROLLED', '2026-05-28 00:00:00', '2026-05-28 00:00:00');
INSERT INTO EnrollmentLog (enrollment_id, student_id, course_id, source_college_id, target_college_id, score, origin, status, created_at, updated_at) VALUES ('EC000101', 'C2024021', 'C001', 'C', 'C', 0, 'LOCAL', 'ENROLLED', '2026-05-28 00:00:00', '2026-05-28 00:00:00');
INSERT INTO EnrollmentLog (enrollment_id, student_id, course_id, source_college_id, target_college_id, score, origin, status, created_at, updated_at) VALUES ('EC000102', 'C2024021', 'C002', 'C', 'C', 0, 'LOCAL', 'ENROLLED', '2026-05-28 00:00:00', '2026-05-28 00:00:00');
INSERT INTO EnrollmentLog (enrollment_id, student_id, course_id, source_college_id, target_college_id, score, origin, status, created_at, updated_at) VALUES ('EC000103', 'C2024021', 'C003', 'C', 'C', 0, 'LOCAL', 'ENROLLED', '2026-05-28 00:00:00', '2026-05-28 00:00:00');
INSERT INTO EnrollmentLog (enrollment_id, student_id, course_id, source_college_id, target_college_id, score, origin, status, created_at, updated_at) VALUES ('EC000104', 'C2024021', 'C004', 'C', 'C', 0, 'LOCAL', 'ENROLLED', '2026-05-28 00:00:00', '2026-05-28 00:00:00');
INSERT INTO EnrollmentLog (enrollment_id, student_id, course_id, source_college_id, target_college_id, score, origin, status, created_at, updated_at) VALUES ('EC000105', 'C2024021', 'C005', 'C', 'C', 0, 'LOCAL', 'ENROLLED', '2026-05-28 00:00:00', '2026-05-28 00:00:00');
INSERT INTO EnrollmentLog (enrollment_id, student_id, course_id, source_college_id, target_college_id, score, origin, status, created_at, updated_at) VALUES ('EC000106', 'C2024022', 'C002', 'C', 'C', 0, 'LOCAL', 'ENROLLED', '2026-05-28 00:00:00', '2026-05-28 00:00:00');
INSERT INTO EnrollmentLog (enrollment_id, student_id, course_id, source_college_id, target_college_id, score, origin, status, created_at, updated_at) VALUES ('EC000107', 'C2024022', 'C003', 'C', 'C', 0, 'LOCAL', 'ENROLLED', '2026-05-28 00:00:00', '2026-05-28 00:00:00');
INSERT INTO EnrollmentLog (enrollment_id, student_id, course_id, source_college_id, target_college_id, score, origin, status, created_at, updated_at) VALUES ('EC000108', 'C2024022', 'C004', 'C', 'C', 0, 'LOCAL', 'ENROLLED', '2026-05-28 00:00:00', '2026-05-28 00:00:00');
INSERT INTO EnrollmentLog (enrollment_id, student_id, course_id, source_college_id, target_college_id, score, origin, status, created_at, updated_at) VALUES ('EC000109', 'C2024022', 'C005', 'C', 'C', 0, 'LOCAL', 'ENROLLED', '2026-05-28 00:00:00', '2026-05-28 00:00:00');
INSERT INTO EnrollmentLog (enrollment_id, student_id, course_id, source_college_id, target_college_id, score, origin, status, created_at, updated_at) VALUES ('EC000110', 'C2024022', 'C006', 'C', 'C', 0, 'LOCAL', 'ENROLLED', '2026-05-28 00:00:00', '2026-05-28 00:00:00');
INSERT INTO EnrollmentLog (enrollment_id, student_id, course_id, source_college_id, target_college_id, score, origin, status, created_at, updated_at) VALUES ('EC000111', 'C2024023', 'C003', 'C', 'C', 0, 'LOCAL', 'ENROLLED', '2026-05-28 00:00:00', '2026-05-28 00:00:00');
INSERT INTO EnrollmentLog (enrollment_id, student_id, course_id, source_college_id, target_college_id, score, origin, status, created_at, updated_at) VALUES ('EC000112', 'C2024023', 'C004', 'C', 'C', 0, 'LOCAL', 'ENROLLED', '2026-05-28 00:00:00', '2026-05-28 00:00:00');
INSERT INTO EnrollmentLog (enrollment_id, student_id, course_id, source_college_id, target_college_id, score, origin, status, created_at, updated_at) VALUES ('EC000113', 'C2024023', 'C005', 'C', 'C', 0, 'LOCAL', 'ENROLLED', '2026-05-28 00:00:00', '2026-05-28 00:00:00');
INSERT INTO EnrollmentLog (enrollment_id, student_id, course_id, source_college_id, target_college_id, score, origin, status, created_at, updated_at) VALUES ('EC000114', 'C2024023', 'C006', 'C', 'C', 0, 'LOCAL', 'ENROLLED', '2026-05-28 00:00:00', '2026-05-28 00:00:00');
INSERT INTO EnrollmentLog (enrollment_id, student_id, course_id, source_college_id, target_college_id, score, origin, status, created_at, updated_at) VALUES ('EC000115', 'C2024023', 'C007', 'C', 'C', 0, 'LOCAL', 'ENROLLED', '2026-05-28 00:00:00', '2026-05-28 00:00:00');
INSERT INTO EnrollmentLog (enrollment_id, student_id, course_id, source_college_id, target_college_id, score, origin, status, created_at, updated_at) VALUES ('EC000116', 'C2024024', 'C004', 'C', 'C', 0, 'LOCAL', 'ENROLLED', '2026-05-28 00:00:00', '2026-05-28 00:00:00');
INSERT INTO EnrollmentLog (enrollment_id, student_id, course_id, source_college_id, target_college_id, score, origin, status, created_at, updated_at) VALUES ('EC000117', 'C2024024', 'C005', 'C', 'C', 0, 'LOCAL', 'ENROLLED', '2026-05-28 00:00:00', '2026-05-28 00:00:00');
INSERT INTO EnrollmentLog (enrollment_id, student_id, course_id, source_college_id, target_college_id, score, origin, status, created_at, updated_at) VALUES ('EC000118', 'C2024024', 'C006', 'C', 'C', 0, 'LOCAL', 'ENROLLED', '2026-05-28 00:00:00', '2026-05-28 00:00:00');
INSERT INTO EnrollmentLog (enrollment_id, student_id, course_id, source_college_id, target_college_id, score, origin, status, created_at, updated_at) VALUES ('EC000119', 'C2024024', 'C007', 'C', 'C', 0, 'LOCAL', 'ENROLLED', '2026-05-28 00:00:00', '2026-05-28 00:00:00');
INSERT INTO EnrollmentLog (enrollment_id, student_id, course_id, source_college_id, target_college_id, score, origin, status, created_at, updated_at) VALUES ('EC000120', 'C2024024', 'C008', 'C', 'C', 0, 'LOCAL', 'ENROLLED', '2026-05-28 00:00:00', '2026-05-28 00:00:00');
INSERT INTO EnrollmentLog (enrollment_id, student_id, course_id, source_college_id, target_college_id, score, origin, status, created_at, updated_at) VALUES ('EC000121', 'C2024025', 'C005', 'C', 'C', 0, 'LOCAL', 'ENROLLED', '2026-05-28 00:00:00', '2026-05-28 00:00:00');
INSERT INTO EnrollmentLog (enrollment_id, student_id, course_id, source_college_id, target_college_id, score, origin, status, created_at, updated_at) VALUES ('EC000122', 'C2024025', 'C006', 'C', 'C', 0, 'LOCAL', 'ENROLLED', '2026-05-28 00:00:00', '2026-05-28 00:00:00');
INSERT INTO EnrollmentLog (enrollment_id, student_id, course_id, source_college_id, target_college_id, score, origin, status, created_at, updated_at) VALUES ('EC000123', 'C2024025', 'C007', 'C', 'C', 0, 'LOCAL', 'ENROLLED', '2026-05-28 00:00:00', '2026-05-28 00:00:00');
INSERT INTO EnrollmentLog (enrollment_id, student_id, course_id, source_college_id, target_college_id, score, origin, status, created_at, updated_at) VALUES ('EC000124', 'C2024025', 'C008', 'C', 'C', 0, 'LOCAL', 'ENROLLED', '2026-05-28 00:00:00', '2026-05-28 00:00:00');
INSERT INTO EnrollmentLog (enrollment_id, student_id, course_id, source_college_id, target_college_id, score, origin, status, created_at, updated_at) VALUES ('EC000125', 'C2024025', 'C009', 'C', 'C', 0, 'LOCAL', 'ENROLLED', '2026-05-28 00:00:00', '2026-05-28 00:00:00');
INSERT INTO EnrollmentLog (enrollment_id, student_id, course_id, source_college_id, target_college_id, score, origin, status, created_at, updated_at) VALUES ('EC000126', 'C2024026', 'C006', 'C', 'C', 0, 'LOCAL', 'ENROLLED', '2026-05-28 00:00:00', '2026-05-28 00:00:00');
INSERT INTO EnrollmentLog (enrollment_id, student_id, course_id, source_college_id, target_college_id, score, origin, status, created_at, updated_at) VALUES ('EC000127', 'C2024026', 'C007', 'C', 'C', 0, 'LOCAL', 'ENROLLED', '2026-05-28 00:00:00', '2026-05-28 00:00:00');
INSERT INTO EnrollmentLog (enrollment_id, student_id, course_id, source_college_id, target_college_id, score, origin, status, created_at, updated_at) VALUES ('EC000128', 'C2024026', 'C008', 'C', 'C', 0, 'LOCAL', 'ENROLLED', '2026-05-28 00:00:00', '2026-05-28 00:00:00');
INSERT INTO EnrollmentLog (enrollment_id, student_id, course_id, source_college_id, target_college_id, score, origin, status, created_at, updated_at) VALUES ('EC000129', 'C2024026', 'C009', 'C', 'C', 0, 'LOCAL', 'ENROLLED', '2026-05-28 00:00:00', '2026-05-28 00:00:00');
INSERT INTO EnrollmentLog (enrollment_id, student_id, course_id, source_college_id, target_college_id, score, origin, status, created_at, updated_at) VALUES ('EC000130', 'C2024026', 'C010', 'C', 'C', 0, 'LOCAL', 'ENROLLED', '2026-05-28 00:00:00', '2026-05-28 00:00:00');
INSERT INTO EnrollmentLog (enrollment_id, student_id, course_id, source_college_id, target_college_id, score, origin, status, created_at, updated_at) VALUES ('EC000131', 'C2024027', 'C007', 'C', 'C', 0, 'LOCAL', 'ENROLLED', '2026-05-28 00:00:00', '2026-05-28 00:00:00');
INSERT INTO EnrollmentLog (enrollment_id, student_id, course_id, source_college_id, target_college_id, score, origin, status, created_at, updated_at) VALUES ('EC000132', 'C2024027', 'C008', 'C', 'C', 0, 'LOCAL', 'ENROLLED', '2026-05-28 00:00:00', '2026-05-28 00:00:00');
INSERT INTO EnrollmentLog (enrollment_id, student_id, course_id, source_college_id, target_college_id, score, origin, status, created_at, updated_at) VALUES ('EC000133', 'C2024027', 'C009', 'C', 'C', 0, 'LOCAL', 'ENROLLED', '2026-05-28 00:00:00', '2026-05-28 00:00:00');
INSERT INTO EnrollmentLog (enrollment_id, student_id, course_id, source_college_id, target_college_id, score, origin, status, created_at, updated_at) VALUES ('EC000134', 'C2024027', 'C010', 'C', 'C', 0, 'LOCAL', 'ENROLLED', '2026-05-28 00:00:00', '2026-05-28 00:00:00');
INSERT INTO EnrollmentLog (enrollment_id, student_id, course_id, source_college_id, target_college_id, score, origin, status, created_at, updated_at) VALUES ('EC000135', 'C2024027', 'C001', 'C', 'C', 0, 'LOCAL', 'ENROLLED', '2026-05-28 00:00:00', '2026-05-28 00:00:00');
INSERT INTO EnrollmentLog (enrollment_id, student_id, course_id, source_college_id, target_college_id, score, origin, status, created_at, updated_at) VALUES ('EC000136', 'C2024028', 'C008', 'C', 'C', 0, 'LOCAL', 'ENROLLED', '2026-05-28 00:00:00', '2026-05-28 00:00:00');
INSERT INTO EnrollmentLog (enrollment_id, student_id, course_id, source_college_id, target_college_id, score, origin, status, created_at, updated_at) VALUES ('EC000137', 'C2024028', 'C009', 'C', 'C', 0, 'LOCAL', 'ENROLLED', '2026-05-28 00:00:00', '2026-05-28 00:00:00');
INSERT INTO EnrollmentLog (enrollment_id, student_id, course_id, source_college_id, target_college_id, score, origin, status, created_at, updated_at) VALUES ('EC000138', 'C2024028', 'C010', 'C', 'C', 0, 'LOCAL', 'ENROLLED', '2026-05-28 00:00:00', '2026-05-28 00:00:00');
INSERT INTO EnrollmentLog (enrollment_id, student_id, course_id, source_college_id, target_college_id, score, origin, status, created_at, updated_at) VALUES ('EC000139', 'C2024028', 'C001', 'C', 'C', 0, 'LOCAL', 'ENROLLED', '2026-05-28 00:00:00', '2026-05-28 00:00:00');
INSERT INTO EnrollmentLog (enrollment_id, student_id, course_id, source_college_id, target_college_id, score, origin, status, created_at, updated_at) VALUES ('EC000140', 'C2024028', 'C002', 'C', 'C', 0, 'LOCAL', 'ENROLLED', '2026-05-28 00:00:00', '2026-05-28 00:00:00');
INSERT INTO EnrollmentLog (enrollment_id, student_id, course_id, source_college_id, target_college_id, score, origin, status, created_at, updated_at) VALUES ('EC000141', 'C2024029', 'C009', 'C', 'C', 0, 'LOCAL', 'ENROLLED', '2026-05-28 00:00:00', '2026-05-28 00:00:00');
INSERT INTO EnrollmentLog (enrollment_id, student_id, course_id, source_college_id, target_college_id, score, origin, status, created_at, updated_at) VALUES ('EC000142', 'C2024029', 'C010', 'C', 'C', 0, 'LOCAL', 'ENROLLED', '2026-05-28 00:00:00', '2026-05-28 00:00:00');
INSERT INTO EnrollmentLog (enrollment_id, student_id, course_id, source_college_id, target_college_id, score, origin, status, created_at, updated_at) VALUES ('EC000143', 'C2024029', 'C001', 'C', 'C', 0, 'LOCAL', 'ENROLLED', '2026-05-28 00:00:00', '2026-05-28 00:00:00');
INSERT INTO EnrollmentLog (enrollment_id, student_id, course_id, source_college_id, target_college_id, score, origin, status, created_at, updated_at) VALUES ('EC000144', 'C2024029', 'C002', 'C', 'C', 0, 'LOCAL', 'ENROLLED', '2026-05-28 00:00:00', '2026-05-28 00:00:00');
INSERT INTO EnrollmentLog (enrollment_id, student_id, course_id, source_college_id, target_college_id, score, origin, status, created_at, updated_at) VALUES ('EC000145', 'C2024029', 'C003', 'C', 'C', 0, 'LOCAL', 'ENROLLED', '2026-05-28 00:00:00', '2026-05-28 00:00:00');
INSERT INTO EnrollmentLog (enrollment_id, student_id, course_id, source_college_id, target_college_id, score, origin, status, created_at, updated_at) VALUES ('EC000146', 'C2024030', 'C010', 'C', 'C', 0, 'LOCAL', 'ENROLLED', '2026-05-28 00:00:00', '2026-05-28 00:00:00');
INSERT INTO EnrollmentLog (enrollment_id, student_id, course_id, source_college_id, target_college_id, score, origin, status, created_at, updated_at) VALUES ('EC000147', 'C2024030', 'C001', 'C', 'C', 0, 'LOCAL', 'ENROLLED', '2026-05-28 00:00:00', '2026-05-28 00:00:00');
INSERT INTO EnrollmentLog (enrollment_id, student_id, course_id, source_college_id, target_college_id, score, origin, status, created_at, updated_at) VALUES ('EC000148', 'C2024030', 'C002', 'C', 'C', 0, 'LOCAL', 'ENROLLED', '2026-05-28 00:00:00', '2026-05-28 00:00:00');
INSERT INTO EnrollmentLog (enrollment_id, student_id, course_id, source_college_id, target_college_id, score, origin, status, created_at, updated_at) VALUES ('EC000149', 'C2024030', 'C003', 'C', 'C', 0, 'LOCAL', 'ENROLLED', '2026-05-28 00:00:00', '2026-05-28 00:00:00');
INSERT INTO EnrollmentLog (enrollment_id, student_id, course_id, source_college_id, target_college_id, score, origin, status, created_at, updated_at) VALUES ('EC000150', 'C2024030', 'C004', 'C', 'C', 0, 'LOCAL', 'ENROLLED', '2026-05-28 00:00:00', '2026-05-28 00:00:00');
INSERT INTO EnrollmentLog (enrollment_id, student_id, course_id, source_college_id, target_college_id, score, origin, status, created_at, updated_at) VALUES ('EC000151', 'C2024031', 'C001', 'C', 'C', 0, 'LOCAL', 'ENROLLED', '2026-05-28 00:00:00', '2026-05-28 00:00:00');
INSERT INTO EnrollmentLog (enrollment_id, student_id, course_id, source_college_id, target_college_id, score, origin, status, created_at, updated_at) VALUES ('EC000152', 'C2024031', 'C002', 'C', 'C', 0, 'LOCAL', 'ENROLLED', '2026-05-28 00:00:00', '2026-05-28 00:00:00');
INSERT INTO EnrollmentLog (enrollment_id, student_id, course_id, source_college_id, target_college_id, score, origin, status, created_at, updated_at) VALUES ('EC000153', 'C2024031', 'C003', 'C', 'C', 0, 'LOCAL', 'ENROLLED', '2026-05-28 00:00:00', '2026-05-28 00:00:00');
INSERT INTO EnrollmentLog (enrollment_id, student_id, course_id, source_college_id, target_college_id, score, origin, status, created_at, updated_at) VALUES ('EC000154', 'C2024031', 'C004', 'C', 'C', 0, 'LOCAL', 'ENROLLED', '2026-05-28 00:00:00', '2026-05-28 00:00:00');
INSERT INTO EnrollmentLog (enrollment_id, student_id, course_id, source_college_id, target_college_id, score, origin, status, created_at, updated_at) VALUES ('EC000155', 'C2024031', 'C005', 'C', 'C', 0, 'LOCAL', 'ENROLLED', '2026-05-28 00:00:00', '2026-05-28 00:00:00');
INSERT INTO EnrollmentLog (enrollment_id, student_id, course_id, source_college_id, target_college_id, score, origin, status, created_at, updated_at) VALUES ('EC000156', 'C2024032', 'C002', 'C', 'C', 0, 'LOCAL', 'ENROLLED', '2026-05-28 00:00:00', '2026-05-28 00:00:00');
INSERT INTO EnrollmentLog (enrollment_id, student_id, course_id, source_college_id, target_college_id, score, origin, status, created_at, updated_at) VALUES ('EC000157', 'C2024032', 'C003', 'C', 'C', 0, 'LOCAL', 'ENROLLED', '2026-05-28 00:00:00', '2026-05-28 00:00:00');
INSERT INTO EnrollmentLog (enrollment_id, student_id, course_id, source_college_id, target_college_id, score, origin, status, created_at, updated_at) VALUES ('EC000158', 'C2024032', 'C004', 'C', 'C', 0, 'LOCAL', 'ENROLLED', '2026-05-28 00:00:00', '2026-05-28 00:00:00');
INSERT INTO EnrollmentLog (enrollment_id, student_id, course_id, source_college_id, target_college_id, score, origin, status, created_at, updated_at) VALUES ('EC000159', 'C2024032', 'C005', 'C', 'C', 0, 'LOCAL', 'ENROLLED', '2026-05-28 00:00:00', '2026-05-28 00:00:00');
INSERT INTO EnrollmentLog (enrollment_id, student_id, course_id, source_college_id, target_college_id, score, origin, status, created_at, updated_at) VALUES ('EC000160', 'C2024032', 'C006', 'C', 'C', 0, 'LOCAL', 'ENROLLED', '2026-05-28 00:00:00', '2026-05-28 00:00:00');
INSERT INTO EnrollmentLog (enrollment_id, student_id, course_id, source_college_id, target_college_id, score, origin, status, created_at, updated_at) VALUES ('EC000161', 'C2024033', 'C003', 'C', 'C', 0, 'LOCAL', 'ENROLLED', '2026-05-28 00:00:00', '2026-05-28 00:00:00');
INSERT INTO EnrollmentLog (enrollment_id, student_id, course_id, source_college_id, target_college_id, score, origin, status, created_at, updated_at) VALUES ('EC000162', 'C2024033', 'C004', 'C', 'C', 0, 'LOCAL', 'ENROLLED', '2026-05-28 00:00:00', '2026-05-28 00:00:00');
INSERT INTO EnrollmentLog (enrollment_id, student_id, course_id, source_college_id, target_college_id, score, origin, status, created_at, updated_at) VALUES ('EC000163', 'C2024033', 'C005', 'C', 'C', 0, 'LOCAL', 'ENROLLED', '2026-05-28 00:00:00', '2026-05-28 00:00:00');
INSERT INTO EnrollmentLog (enrollment_id, student_id, course_id, source_college_id, target_college_id, score, origin, status, created_at, updated_at) VALUES ('EC000164', 'C2024033', 'C006', 'C', 'C', 0, 'LOCAL', 'ENROLLED', '2026-05-28 00:00:00', '2026-05-28 00:00:00');
INSERT INTO EnrollmentLog (enrollment_id, student_id, course_id, source_college_id, target_college_id, score, origin, status, created_at, updated_at) VALUES ('EC000165', 'C2024033', 'C007', 'C', 'C', 0, 'LOCAL', 'ENROLLED', '2026-05-28 00:00:00', '2026-05-28 00:00:00');
INSERT INTO EnrollmentLog (enrollment_id, student_id, course_id, source_college_id, target_college_id, score, origin, status, created_at, updated_at) VALUES ('EC000166', 'C2024034', 'C004', 'C', 'C', 0, 'LOCAL', 'ENROLLED', '2026-05-28 00:00:00', '2026-05-28 00:00:00');
INSERT INTO EnrollmentLog (enrollment_id, student_id, course_id, source_college_id, target_college_id, score, origin, status, created_at, updated_at) VALUES ('EC000167', 'C2024034', 'C005', 'C', 'C', 0, 'LOCAL', 'ENROLLED', '2026-05-28 00:00:00', '2026-05-28 00:00:00');
INSERT INTO EnrollmentLog (enrollment_id, student_id, course_id, source_college_id, target_college_id, score, origin, status, created_at, updated_at) VALUES ('EC000168', 'C2024034', 'C006', 'C', 'C', 0, 'LOCAL', 'ENROLLED', '2026-05-28 00:00:00', '2026-05-28 00:00:00');
INSERT INTO EnrollmentLog (enrollment_id, student_id, course_id, source_college_id, target_college_id, score, origin, status, created_at, updated_at) VALUES ('EC000169', 'C2024034', 'C007', 'C', 'C', 0, 'LOCAL', 'ENROLLED', '2026-05-28 00:00:00', '2026-05-28 00:00:00');
INSERT INTO EnrollmentLog (enrollment_id, student_id, course_id, source_college_id, target_college_id, score, origin, status, created_at, updated_at) VALUES ('EC000170', 'C2024034', 'C008', 'C', 'C', 0, 'LOCAL', 'ENROLLED', '2026-05-28 00:00:00', '2026-05-28 00:00:00');
INSERT INTO EnrollmentLog (enrollment_id, student_id, course_id, source_college_id, target_college_id, score, origin, status, created_at, updated_at) VALUES ('EC000171', 'C2024035', 'C005', 'C', 'C', 0, 'LOCAL', 'ENROLLED', '2026-05-28 00:00:00', '2026-05-28 00:00:00');
INSERT INTO EnrollmentLog (enrollment_id, student_id, course_id, source_college_id, target_college_id, score, origin, status, created_at, updated_at) VALUES ('EC000172', 'C2024035', 'C006', 'C', 'C', 0, 'LOCAL', 'ENROLLED', '2026-05-28 00:00:00', '2026-05-28 00:00:00');
INSERT INTO EnrollmentLog (enrollment_id, student_id, course_id, source_college_id, target_college_id, score, origin, status, created_at, updated_at) VALUES ('EC000173', 'C2024035', 'C007', 'C', 'C', 0, 'LOCAL', 'ENROLLED', '2026-05-28 00:00:00', '2026-05-28 00:00:00');
INSERT INTO EnrollmentLog (enrollment_id, student_id, course_id, source_college_id, target_college_id, score, origin, status, created_at, updated_at) VALUES ('EC000174', 'C2024035', 'C008', 'C', 'C', 0, 'LOCAL', 'ENROLLED', '2026-05-28 00:00:00', '2026-05-28 00:00:00');
INSERT INTO EnrollmentLog (enrollment_id, student_id, course_id, source_college_id, target_college_id, score, origin, status, created_at, updated_at) VALUES ('EC000175', 'C2024035', 'C009', 'C', 'C', 0, 'LOCAL', 'ENROLLED', '2026-05-28 00:00:00', '2026-05-28 00:00:00');
INSERT INTO EnrollmentLog (enrollment_id, student_id, course_id, source_college_id, target_college_id, score, origin, status, created_at, updated_at) VALUES ('EC000176', 'C2024036', 'C006', 'C', 'C', 0, 'LOCAL', 'ENROLLED', '2026-05-28 00:00:00', '2026-05-28 00:00:00');
INSERT INTO EnrollmentLog (enrollment_id, student_id, course_id, source_college_id, target_college_id, score, origin, status, created_at, updated_at) VALUES ('EC000177', 'C2024036', 'C007', 'C', 'C', 0, 'LOCAL', 'ENROLLED', '2026-05-28 00:00:00', '2026-05-28 00:00:00');
INSERT INTO EnrollmentLog (enrollment_id, student_id, course_id, source_college_id, target_college_id, score, origin, status, created_at, updated_at) VALUES ('EC000178', 'C2024036', 'C008', 'C', 'C', 0, 'LOCAL', 'ENROLLED', '2026-05-28 00:00:00', '2026-05-28 00:00:00');
INSERT INTO EnrollmentLog (enrollment_id, student_id, course_id, source_college_id, target_college_id, score, origin, status, created_at, updated_at) VALUES ('EC000179', 'C2024036', 'C009', 'C', 'C', 0, 'LOCAL', 'ENROLLED', '2026-05-28 00:00:00', '2026-05-28 00:00:00');
INSERT INTO EnrollmentLog (enrollment_id, student_id, course_id, source_college_id, target_college_id, score, origin, status, created_at, updated_at) VALUES ('EC000180', 'C2024036', 'C010', 'C', 'C', 0, 'LOCAL', 'ENROLLED', '2026-05-28 00:00:00', '2026-05-28 00:00:00');
INSERT INTO EnrollmentLog (enrollment_id, student_id, course_id, source_college_id, target_college_id, score, origin, status, created_at, updated_at) VALUES ('EC000181', 'C2024037', 'C007', 'C', 'C', 0, 'LOCAL', 'ENROLLED', '2026-05-28 00:00:00', '2026-05-28 00:00:00');
INSERT INTO EnrollmentLog (enrollment_id, student_id, course_id, source_college_id, target_college_id, score, origin, status, created_at, updated_at) VALUES ('EC000182', 'C2024037', 'C008', 'C', 'C', 0, 'LOCAL', 'ENROLLED', '2026-05-28 00:00:00', '2026-05-28 00:00:00');
INSERT INTO EnrollmentLog (enrollment_id, student_id, course_id, source_college_id, target_college_id, score, origin, status, created_at, updated_at) VALUES ('EC000183', 'C2024037', 'C009', 'C', 'C', 0, 'LOCAL', 'ENROLLED', '2026-05-28 00:00:00', '2026-05-28 00:00:00');
INSERT INTO EnrollmentLog (enrollment_id, student_id, course_id, source_college_id, target_college_id, score, origin, status, created_at, updated_at) VALUES ('EC000184', 'C2024037', 'C010', 'C', 'C', 0, 'LOCAL', 'ENROLLED', '2026-05-28 00:00:00', '2026-05-28 00:00:00');
INSERT INTO EnrollmentLog (enrollment_id, student_id, course_id, source_college_id, target_college_id, score, origin, status, created_at, updated_at) VALUES ('EC000185', 'C2024037', 'C001', 'C', 'C', 0, 'LOCAL', 'ENROLLED', '2026-05-28 00:00:00', '2026-05-28 00:00:00');
INSERT INTO EnrollmentLog (enrollment_id, student_id, course_id, source_college_id, target_college_id, score, origin, status, created_at, updated_at) VALUES ('EC000186', 'C2024038', 'C008', 'C', 'C', 0, 'LOCAL', 'ENROLLED', '2026-05-28 00:00:00', '2026-05-28 00:00:00');
INSERT INTO EnrollmentLog (enrollment_id, student_id, course_id, source_college_id, target_college_id, score, origin, status, created_at, updated_at) VALUES ('EC000187', 'C2024038', 'C009', 'C', 'C', 0, 'LOCAL', 'ENROLLED', '2026-05-28 00:00:00', '2026-05-28 00:00:00');
INSERT INTO EnrollmentLog (enrollment_id, student_id, course_id, source_college_id, target_college_id, score, origin, status, created_at, updated_at) VALUES ('EC000188', 'C2024038', 'C010', 'C', 'C', 0, 'LOCAL', 'ENROLLED', '2026-05-28 00:00:00', '2026-05-28 00:00:00');
INSERT INTO EnrollmentLog (enrollment_id, student_id, course_id, source_college_id, target_college_id, score, origin, status, created_at, updated_at) VALUES ('EC000189', 'C2024038', 'C001', 'C', 'C', 0, 'LOCAL', 'ENROLLED', '2026-05-28 00:00:00', '2026-05-28 00:00:00');
INSERT INTO EnrollmentLog (enrollment_id, student_id, course_id, source_college_id, target_college_id, score, origin, status, created_at, updated_at) VALUES ('EC000190', 'C2024038', 'C002', 'C', 'C', 0, 'LOCAL', 'ENROLLED', '2026-05-28 00:00:00', '2026-05-28 00:00:00');
INSERT INTO EnrollmentLog (enrollment_id, student_id, course_id, source_college_id, target_college_id, score, origin, status, created_at, updated_at) VALUES ('EC000191', 'C2024039', 'C009', 'C', 'C', 0, 'LOCAL', 'ENROLLED', '2026-05-28 00:00:00', '2026-05-28 00:00:00');
INSERT INTO EnrollmentLog (enrollment_id, student_id, course_id, source_college_id, target_college_id, score, origin, status, created_at, updated_at) VALUES ('EC000192', 'C2024039', 'C010', 'C', 'C', 0, 'LOCAL', 'ENROLLED', '2026-05-28 00:00:00', '2026-05-28 00:00:00');
INSERT INTO EnrollmentLog (enrollment_id, student_id, course_id, source_college_id, target_college_id, score, origin, status, created_at, updated_at) VALUES ('EC000193', 'C2024039', 'C001', 'C', 'C', 0, 'LOCAL', 'ENROLLED', '2026-05-28 00:00:00', '2026-05-28 00:00:00');
INSERT INTO EnrollmentLog (enrollment_id, student_id, course_id, source_college_id, target_college_id, score, origin, status, created_at, updated_at) VALUES ('EC000194', 'C2024039', 'C002', 'C', 'C', 0, 'LOCAL', 'ENROLLED', '2026-05-28 00:00:00', '2026-05-28 00:00:00');
INSERT INTO EnrollmentLog (enrollment_id, student_id, course_id, source_college_id, target_college_id, score, origin, status, created_at, updated_at) VALUES ('EC000195', 'C2024039', 'C003', 'C', 'C', 0, 'LOCAL', 'ENROLLED', '2026-05-28 00:00:00', '2026-05-28 00:00:00');
INSERT INTO EnrollmentLog (enrollment_id, student_id, course_id, source_college_id, target_college_id, score, origin, status, created_at, updated_at) VALUES ('EC000196', 'C2024040', 'C010', 'C', 'C', 0, 'LOCAL', 'ENROLLED', '2026-05-28 00:00:00', '2026-05-28 00:00:00');
INSERT INTO EnrollmentLog (enrollment_id, student_id, course_id, source_college_id, target_college_id, score, origin, status, created_at, updated_at) VALUES ('EC000197', 'C2024040', 'C001', 'C', 'C', 0, 'LOCAL', 'ENROLLED', '2026-05-28 00:00:00', '2026-05-28 00:00:00');
INSERT INTO EnrollmentLog (enrollment_id, student_id, course_id, source_college_id, target_college_id, score, origin, status, created_at, updated_at) VALUES ('EC000198', 'C2024040', 'C002', 'C', 'C', 0, 'LOCAL', 'ENROLLED', '2026-05-28 00:00:00', '2026-05-28 00:00:00');
INSERT INTO EnrollmentLog (enrollment_id, student_id, course_id, source_college_id, target_college_id, score, origin, status, created_at, updated_at) VALUES ('EC000199', 'C2024040', 'C003', 'C', 'C', 0, 'LOCAL', 'ENROLLED', '2026-05-28 00:00:00', '2026-05-28 00:00:00');
INSERT INTO EnrollmentLog (enrollment_id, student_id, course_id, source_college_id, target_college_id, score, origin, status, created_at, updated_at) VALUES ('EC000200', 'C2024040', 'C004', 'C', 'C', 0, 'LOCAL', 'ENROLLED', '2026-05-28 00:00:00', '2026-05-28 00:00:00');
INSERT INTO EnrollmentLog (enrollment_id, student_id, course_id, source_college_id, target_college_id, score, origin, status, created_at, updated_at) VALUES ('EC000201', 'C2024041', 'C001', 'C', 'C', 0, 'LOCAL', 'ENROLLED', '2026-05-28 00:00:00', '2026-05-28 00:00:00');
INSERT INTO EnrollmentLog (enrollment_id, student_id, course_id, source_college_id, target_college_id, score, origin, status, created_at, updated_at) VALUES ('EC000202', 'C2024041', 'C002', 'C', 'C', 0, 'LOCAL', 'ENROLLED', '2026-05-28 00:00:00', '2026-05-28 00:00:00');
INSERT INTO EnrollmentLog (enrollment_id, student_id, course_id, source_college_id, target_college_id, score, origin, status, created_at, updated_at) VALUES ('EC000203', 'C2024041', 'C003', 'C', 'C', 0, 'LOCAL', 'ENROLLED', '2026-05-28 00:00:00', '2026-05-28 00:00:00');
INSERT INTO EnrollmentLog (enrollment_id, student_id, course_id, source_college_id, target_college_id, score, origin, status, created_at, updated_at) VALUES ('EC000204', 'C2024041', 'C004', 'C', 'C', 0, 'LOCAL', 'ENROLLED', '2026-05-28 00:00:00', '2026-05-28 00:00:00');
INSERT INTO EnrollmentLog (enrollment_id, student_id, course_id, source_college_id, target_college_id, score, origin, status, created_at, updated_at) VALUES ('EC000205', 'C2024041', 'C005', 'C', 'C', 0, 'LOCAL', 'ENROLLED', '2026-05-28 00:00:00', '2026-05-28 00:00:00');
INSERT INTO EnrollmentLog (enrollment_id, student_id, course_id, source_college_id, target_college_id, score, origin, status, created_at, updated_at) VALUES ('EC000206', 'C2024042', 'C002', 'C', 'C', 0, 'LOCAL', 'ENROLLED', '2026-05-28 00:00:00', '2026-05-28 00:00:00');
INSERT INTO EnrollmentLog (enrollment_id, student_id, course_id, source_college_id, target_college_id, score, origin, status, created_at, updated_at) VALUES ('EC000207', 'C2024042', 'C003', 'C', 'C', 0, 'LOCAL', 'ENROLLED', '2026-05-28 00:00:00', '2026-05-28 00:00:00');
INSERT INTO EnrollmentLog (enrollment_id, student_id, course_id, source_college_id, target_college_id, score, origin, status, created_at, updated_at) VALUES ('EC000208', 'C2024042', 'C004', 'C', 'C', 0, 'LOCAL', 'ENROLLED', '2026-05-28 00:00:00', '2026-05-28 00:00:00');
INSERT INTO EnrollmentLog (enrollment_id, student_id, course_id, source_college_id, target_college_id, score, origin, status, created_at, updated_at) VALUES ('EC000209', 'C2024042', 'C005', 'C', 'C', 0, 'LOCAL', 'ENROLLED', '2026-05-28 00:00:00', '2026-05-28 00:00:00');
INSERT INTO EnrollmentLog (enrollment_id, student_id, course_id, source_college_id, target_college_id, score, origin, status, created_at, updated_at) VALUES ('EC000210', 'C2024042', 'C006', 'C', 'C', 0, 'LOCAL', 'ENROLLED', '2026-05-28 00:00:00', '2026-05-28 00:00:00');
INSERT INTO EnrollmentLog (enrollment_id, student_id, course_id, source_college_id, target_college_id, score, origin, status, created_at, updated_at) VALUES ('EC000211', 'C2024043', 'C003', 'C', 'C', 0, 'LOCAL', 'ENROLLED', '2026-05-28 00:00:00', '2026-05-28 00:00:00');
INSERT INTO EnrollmentLog (enrollment_id, student_id, course_id, source_college_id, target_college_id, score, origin, status, created_at, updated_at) VALUES ('EC000212', 'C2024043', 'C004', 'C', 'C', 0, 'LOCAL', 'ENROLLED', '2026-05-28 00:00:00', '2026-05-28 00:00:00');
INSERT INTO EnrollmentLog (enrollment_id, student_id, course_id, source_college_id, target_college_id, score, origin, status, created_at, updated_at) VALUES ('EC000213', 'C2024043', 'C005', 'C', 'C', 0, 'LOCAL', 'ENROLLED', '2026-05-28 00:00:00', '2026-05-28 00:00:00');
INSERT INTO EnrollmentLog (enrollment_id, student_id, course_id, source_college_id, target_college_id, score, origin, status, created_at, updated_at) VALUES ('EC000214', 'C2024043', 'C006', 'C', 'C', 0, 'LOCAL', 'ENROLLED', '2026-05-28 00:00:00', '2026-05-28 00:00:00');
INSERT INTO EnrollmentLog (enrollment_id, student_id, course_id, source_college_id, target_college_id, score, origin, status, created_at, updated_at) VALUES ('EC000215', 'C2024043', 'C007', 'C', 'C', 0, 'LOCAL', 'ENROLLED', '2026-05-28 00:00:00', '2026-05-28 00:00:00');
INSERT INTO EnrollmentLog (enrollment_id, student_id, course_id, source_college_id, target_college_id, score, origin, status, created_at, updated_at) VALUES ('EC000216', 'C2024044', 'C004', 'C', 'C', 0, 'LOCAL', 'ENROLLED', '2026-05-28 00:00:00', '2026-05-28 00:00:00');
INSERT INTO EnrollmentLog (enrollment_id, student_id, course_id, source_college_id, target_college_id, score, origin, status, created_at, updated_at) VALUES ('EC000217', 'C2024044', 'C005', 'C', 'C', 0, 'LOCAL', 'ENROLLED', '2026-05-28 00:00:00', '2026-05-28 00:00:00');
INSERT INTO EnrollmentLog (enrollment_id, student_id, course_id, source_college_id, target_college_id, score, origin, status, created_at, updated_at) VALUES ('EC000218', 'C2024044', 'C006', 'C', 'C', 0, 'LOCAL', 'ENROLLED', '2026-05-28 00:00:00', '2026-05-28 00:00:00');
INSERT INTO EnrollmentLog (enrollment_id, student_id, course_id, source_college_id, target_college_id, score, origin, status, created_at, updated_at) VALUES ('EC000219', 'C2024044', 'C007', 'C', 'C', 0, 'LOCAL', 'ENROLLED', '2026-05-28 00:00:00', '2026-05-28 00:00:00');
INSERT INTO EnrollmentLog (enrollment_id, student_id, course_id, source_college_id, target_college_id, score, origin, status, created_at, updated_at) VALUES ('EC000220', 'C2024044', 'C008', 'C', 'C', 0, 'LOCAL', 'ENROLLED', '2026-05-28 00:00:00', '2026-05-28 00:00:00');
INSERT INTO EnrollmentLog (enrollment_id, student_id, course_id, source_college_id, target_college_id, score, origin, status, created_at, updated_at) VALUES ('EC000221', 'C2024045', 'C005', 'C', 'C', 0, 'LOCAL', 'ENROLLED', '2026-05-28 00:00:00', '2026-05-28 00:00:00');
INSERT INTO EnrollmentLog (enrollment_id, student_id, course_id, source_college_id, target_college_id, score, origin, status, created_at, updated_at) VALUES ('EC000222', 'C2024045', 'C006', 'C', 'C', 0, 'LOCAL', 'ENROLLED', '2026-05-28 00:00:00', '2026-05-28 00:00:00');
INSERT INTO EnrollmentLog (enrollment_id, student_id, course_id, source_college_id, target_college_id, score, origin, status, created_at, updated_at) VALUES ('EC000223', 'C2024045', 'C007', 'C', 'C', 0, 'LOCAL', 'ENROLLED', '2026-05-28 00:00:00', '2026-05-28 00:00:00');
INSERT INTO EnrollmentLog (enrollment_id, student_id, course_id, source_college_id, target_college_id, score, origin, status, created_at, updated_at) VALUES ('EC000224', 'C2024045', 'C008', 'C', 'C', 0, 'LOCAL', 'ENROLLED', '2026-05-28 00:00:00', '2026-05-28 00:00:00');
INSERT INTO EnrollmentLog (enrollment_id, student_id, course_id, source_college_id, target_college_id, score, origin, status, created_at, updated_at) VALUES ('EC000225', 'C2024045', 'C009', 'C', 'C', 0, 'LOCAL', 'ENROLLED', '2026-05-28 00:00:00', '2026-05-28 00:00:00');
INSERT INTO EnrollmentLog (enrollment_id, student_id, course_id, source_college_id, target_college_id, score, origin, status, created_at, updated_at) VALUES ('EC000226', 'C2024046', 'C006', 'C', 'C', 0, 'LOCAL', 'ENROLLED', '2026-05-28 00:00:00', '2026-05-28 00:00:00');
INSERT INTO EnrollmentLog (enrollment_id, student_id, course_id, source_college_id, target_college_id, score, origin, status, created_at, updated_at) VALUES ('EC000227', 'C2024046', 'C007', 'C', 'C', 0, 'LOCAL', 'ENROLLED', '2026-05-28 00:00:00', '2026-05-28 00:00:00');
INSERT INTO EnrollmentLog (enrollment_id, student_id, course_id, source_college_id, target_college_id, score, origin, status, created_at, updated_at) VALUES ('EC000228', 'C2024046', 'C008', 'C', 'C', 0, 'LOCAL', 'ENROLLED', '2026-05-28 00:00:00', '2026-05-28 00:00:00');
INSERT INTO EnrollmentLog (enrollment_id, student_id, course_id, source_college_id, target_college_id, score, origin, status, created_at, updated_at) VALUES ('EC000229', 'C2024046', 'C009', 'C', 'C', 0, 'LOCAL', 'ENROLLED', '2026-05-28 00:00:00', '2026-05-28 00:00:00');
INSERT INTO EnrollmentLog (enrollment_id, student_id, course_id, source_college_id, target_college_id, score, origin, status, created_at, updated_at) VALUES ('EC000230', 'C2024046', 'C010', 'C', 'C', 0, 'LOCAL', 'ENROLLED', '2026-05-28 00:00:00', '2026-05-28 00:00:00');
INSERT INTO EnrollmentLog (enrollment_id, student_id, course_id, source_college_id, target_college_id, score, origin, status, created_at, updated_at) VALUES ('EC000231', 'C2024047', 'C007', 'C', 'C', 0, 'LOCAL', 'ENROLLED', '2026-05-28 00:00:00', '2026-05-28 00:00:00');
INSERT INTO EnrollmentLog (enrollment_id, student_id, course_id, source_college_id, target_college_id, score, origin, status, created_at, updated_at) VALUES ('EC000232', 'C2024047', 'C008', 'C', 'C', 0, 'LOCAL', 'ENROLLED', '2026-05-28 00:00:00', '2026-05-28 00:00:00');
INSERT INTO EnrollmentLog (enrollment_id, student_id, course_id, source_college_id, target_college_id, score, origin, status, created_at, updated_at) VALUES ('EC000233', 'C2024047', 'C009', 'C', 'C', 0, 'LOCAL', 'ENROLLED', '2026-05-28 00:00:00', '2026-05-28 00:00:00');
INSERT INTO EnrollmentLog (enrollment_id, student_id, course_id, source_college_id, target_college_id, score, origin, status, created_at, updated_at) VALUES ('EC000234', 'C2024047', 'C010', 'C', 'C', 0, 'LOCAL', 'ENROLLED', '2026-05-28 00:00:00', '2026-05-28 00:00:00');
INSERT INTO EnrollmentLog (enrollment_id, student_id, course_id, source_college_id, target_college_id, score, origin, status, created_at, updated_at) VALUES ('EC000235', 'C2024047', 'C001', 'C', 'C', 0, 'LOCAL', 'ENROLLED', '2026-05-28 00:00:00', '2026-05-28 00:00:00');
INSERT INTO EnrollmentLog (enrollment_id, student_id, course_id, source_college_id, target_college_id, score, origin, status, created_at, updated_at) VALUES ('EC000236', 'C2024048', 'C008', 'C', 'C', 0, 'LOCAL', 'ENROLLED', '2026-05-28 00:00:00', '2026-05-28 00:00:00');
INSERT INTO EnrollmentLog (enrollment_id, student_id, course_id, source_college_id, target_college_id, score, origin, status, created_at, updated_at) VALUES ('EC000237', 'C2024048', 'C009', 'C', 'C', 0, 'LOCAL', 'ENROLLED', '2026-05-28 00:00:00', '2026-05-28 00:00:00');
INSERT INTO EnrollmentLog (enrollment_id, student_id, course_id, source_college_id, target_college_id, score, origin, status, created_at, updated_at) VALUES ('EC000238', 'C2024048', 'C010', 'C', 'C', 0, 'LOCAL', 'ENROLLED', '2026-05-28 00:00:00', '2026-05-28 00:00:00');
INSERT INTO EnrollmentLog (enrollment_id, student_id, course_id, source_college_id, target_college_id, score, origin, status, created_at, updated_at) VALUES ('EC000239', 'C2024048', 'C001', 'C', 'C', 0, 'LOCAL', 'ENROLLED', '2026-05-28 00:00:00', '2026-05-28 00:00:00');
INSERT INTO EnrollmentLog (enrollment_id, student_id, course_id, source_college_id, target_college_id, score, origin, status, created_at, updated_at) VALUES ('EC000240', 'C2024048', 'C002', 'C', 'C', 0, 'LOCAL', 'ENROLLED', '2026-05-28 00:00:00', '2026-05-28 00:00:00');
INSERT INTO EnrollmentLog (enrollment_id, student_id, course_id, source_college_id, target_college_id, score, origin, status, created_at, updated_at) VALUES ('EC000241', 'C2024049', 'C009', 'C', 'C', 0, 'LOCAL', 'ENROLLED', '2026-05-28 00:00:00', '2026-05-28 00:00:00');
INSERT INTO EnrollmentLog (enrollment_id, student_id, course_id, source_college_id, target_college_id, score, origin, status, created_at, updated_at) VALUES ('EC000242', 'C2024049', 'C010', 'C', 'C', 0, 'LOCAL', 'ENROLLED', '2026-05-28 00:00:00', '2026-05-28 00:00:00');
INSERT INTO EnrollmentLog (enrollment_id, student_id, course_id, source_college_id, target_college_id, score, origin, status, created_at, updated_at) VALUES ('EC000243', 'C2024049', 'C001', 'C', 'C', 0, 'LOCAL', 'ENROLLED', '2026-05-28 00:00:00', '2026-05-28 00:00:00');
INSERT INTO EnrollmentLog (enrollment_id, student_id, course_id, source_college_id, target_college_id, score, origin, status, created_at, updated_at) VALUES ('EC000244', 'C2024049', 'C002', 'C', 'C', 0, 'LOCAL', 'ENROLLED', '2026-05-28 00:00:00', '2026-05-28 00:00:00');
INSERT INTO EnrollmentLog (enrollment_id, student_id, course_id, source_college_id, target_college_id, score, origin, status, created_at, updated_at) VALUES ('EC000245', 'C2024049', 'C003', 'C', 'C', 0, 'LOCAL', 'ENROLLED', '2026-05-28 00:00:00', '2026-05-28 00:00:00');
INSERT INTO EnrollmentLog (enrollment_id, student_id, course_id, source_college_id, target_college_id, score, origin, status, created_at, updated_at) VALUES ('EC000246', 'C2024050', 'C010', 'C', 'C', 0, 'LOCAL', 'ENROLLED', '2026-05-28 00:00:00', '2026-05-28 00:00:00');
INSERT INTO EnrollmentLog (enrollment_id, student_id, course_id, source_college_id, target_college_id, score, origin, status, created_at, updated_at) VALUES ('EC000247', 'C2024050', 'C001', 'C', 'C', 0, 'LOCAL', 'ENROLLED', '2026-05-28 00:00:00', '2026-05-28 00:00:00');
INSERT INTO EnrollmentLog (enrollment_id, student_id, course_id, source_college_id, target_college_id, score, origin, status, created_at, updated_at) VALUES ('EC000248', 'C2024050', 'C002', 'C', 'C', 0, 'LOCAL', 'ENROLLED', '2026-05-28 00:00:00', '2026-05-28 00:00:00');
INSERT INTO EnrollmentLog (enrollment_id, student_id, course_id, source_college_id, target_college_id, score, origin, status, created_at, updated_at) VALUES ('EC000249', 'C2024050', 'C003', 'C', 'C', 0, 'LOCAL', 'ENROLLED', '2026-05-28 00:00:00', '2026-05-28 00:00:00');
INSERT INTO EnrollmentLog (enrollment_id, student_id, course_id, source_college_id, target_college_id, score, origin, status, created_at, updated_at) VALUES ('EC000250', 'C2024050', 'C004', 'C', 'C', 0, 'LOCAL', 'ENROLLED', '2026-05-28 00:00:00', '2026-05-28 00:00:00');
