-- College A demo data for SQL Server
-- Assumes the schema created by college_a/app/sqlserver_repository.py already exists.
DELETE FROM [dbo].[OutboundRequestLog];
DELETE FROM [dbo].[EnrollmentLog];
DELETE FROM [dbo].[Enrollment];
DELETE FROM [dbo].[Student];
DELETE FROM [dbo].[Course];
DELETE FROM [dbo].[Account];
GO

INSERT INTO [dbo].[Account] ([账户名], [密码], [权限]) VALUES (N'a_student1', N'123456', N'STUD');
INSERT INTO [dbo].[Account] ([账户名], [密码], [权限]) VALUES (N'a_student2', N'123456', N'STUD');
INSERT INTO [dbo].[Account] ([账户名], [密码], [权限]) VALUES (N'astu003', N'123456', N'STUD');
INSERT INTO [dbo].[Account] ([账户名], [密码], [权限]) VALUES (N'astu004', N'123456', N'STUD');
INSERT INTO [dbo].[Account] ([账户名], [密码], [权限]) VALUES (N'astu005', N'123456', N'STUD');
INSERT INTO [dbo].[Account] ([账户名], [密码], [权限]) VALUES (N'astu006', N'123456', N'STUD');
INSERT INTO [dbo].[Account] ([账户名], [密码], [权限]) VALUES (N'astu007', N'123456', N'STUD');
INSERT INTO [dbo].[Account] ([账户名], [密码], [权限]) VALUES (N'astu008', N'123456', N'STUD');
INSERT INTO [dbo].[Account] ([账户名], [密码], [权限]) VALUES (N'astu009', N'123456', N'STUD');
INSERT INTO [dbo].[Account] ([账户名], [密码], [权限]) VALUES (N'astu010', N'123456', N'STUD');
INSERT INTO [dbo].[Account] ([账户名], [密码], [权限]) VALUES (N'astu011', N'123456', N'STUD');
INSERT INTO [dbo].[Account] ([账户名], [密码], [权限]) VALUES (N'astu012', N'123456', N'STUD');
INSERT INTO [dbo].[Account] ([账户名], [密码], [权限]) VALUES (N'astu013', N'123456', N'STUD');
INSERT INTO [dbo].[Account] ([账户名], [密码], [权限]) VALUES (N'astu014', N'123456', N'STUD');
INSERT INTO [dbo].[Account] ([账户名], [密码], [权限]) VALUES (N'astu015', N'123456', N'STUD');
INSERT INTO [dbo].[Account] ([账户名], [密码], [权限]) VALUES (N'astu016', N'123456', N'STUD');
INSERT INTO [dbo].[Account] ([账户名], [密码], [权限]) VALUES (N'astu017', N'123456', N'STUD');
INSERT INTO [dbo].[Account] ([账户名], [密码], [权限]) VALUES (N'astu018', N'123456', N'STUD');
INSERT INTO [dbo].[Account] ([账户名], [密码], [权限]) VALUES (N'astu019', N'123456', N'STUD');
INSERT INTO [dbo].[Account] ([账户名], [密码], [权限]) VALUES (N'astu020', N'123456', N'STUD');
INSERT INTO [dbo].[Account] ([账户名], [密码], [权限]) VALUES (N'astu021', N'123456', N'STUD');
INSERT INTO [dbo].[Account] ([账户名], [密码], [权限]) VALUES (N'astu022', N'123456', N'STUD');
INSERT INTO [dbo].[Account] ([账户名], [密码], [权限]) VALUES (N'astu023', N'123456', N'STUD');
INSERT INTO [dbo].[Account] ([账户名], [密码], [权限]) VALUES (N'astu024', N'123456', N'STUD');
INSERT INTO [dbo].[Account] ([账户名], [密码], [权限]) VALUES (N'astu025', N'123456', N'STUD');
INSERT INTO [dbo].[Account] ([账户名], [密码], [权限]) VALUES (N'astu026', N'123456', N'STUD');
INSERT INTO [dbo].[Account] ([账户名], [密码], [权限]) VALUES (N'astu027', N'123456', N'STUD');
INSERT INTO [dbo].[Account] ([账户名], [密码], [权限]) VALUES (N'astu028', N'123456', N'STUD');
INSERT INTO [dbo].[Account] ([账户名], [密码], [权限]) VALUES (N'astu029', N'123456', N'STUD');
INSERT INTO [dbo].[Account] ([账户名], [密码], [权限]) VALUES (N'astu030', N'123456', N'STUD');
INSERT INTO [dbo].[Account] ([账户名], [密码], [权限]) VALUES (N'astu031', N'123456', N'STUD');
INSERT INTO [dbo].[Account] ([账户名], [密码], [权限]) VALUES (N'astu032', N'123456', N'STUD');
INSERT INTO [dbo].[Account] ([账户名], [密码], [权限]) VALUES (N'astu033', N'123456', N'STUD');
INSERT INTO [dbo].[Account] ([账户名], [密码], [权限]) VALUES (N'astu034', N'123456', N'STUD');
INSERT INTO [dbo].[Account] ([账户名], [密码], [权限]) VALUES (N'astu035', N'123456', N'STUD');
INSERT INTO [dbo].[Account] ([账户名], [密码], [权限]) VALUES (N'astu036', N'123456', N'STUD');
INSERT INTO [dbo].[Account] ([账户名], [密码], [权限]) VALUES (N'astu037', N'123456', N'STUD');
INSERT INTO [dbo].[Account] ([账户名], [密码], [权限]) VALUES (N'astu038', N'123456', N'STUD');
INSERT INTO [dbo].[Account] ([账户名], [密码], [权限]) VALUES (N'astu039', N'123456', N'STUD');
INSERT INTO [dbo].[Account] ([账户名], [密码], [权限]) VALUES (N'astu040', N'123456', N'STUD');
INSERT INTO [dbo].[Account] ([账户名], [密码], [权限]) VALUES (N'astu041', N'123456', N'STUD');
INSERT INTO [dbo].[Account] ([账户名], [密码], [权限]) VALUES (N'astu042', N'123456', N'STUD');
INSERT INTO [dbo].[Account] ([账户名], [密码], [权限]) VALUES (N'astu043', N'123456', N'STUD');
INSERT INTO [dbo].[Account] ([账户名], [密码], [权限]) VALUES (N'astu044', N'123456', N'STUD');
INSERT INTO [dbo].[Account] ([账户名], [密码], [权限]) VALUES (N'astu045', N'123456', N'STUD');
INSERT INTO [dbo].[Account] ([账户名], [密码], [权限]) VALUES (N'astu046', N'123456', N'STUD');
INSERT INTO [dbo].[Account] ([账户名], [密码], [权限]) VALUES (N'astu047', N'123456', N'STUD');
INSERT INTO [dbo].[Account] ([账户名], [密码], [权限]) VALUES (N'astu048', N'123456', N'STUD');
INSERT INTO [dbo].[Account] ([账户名], [密码], [权限]) VALUES (N'astu049', N'123456', N'STUD');
INSERT INTO [dbo].[Account] ([账户名], [密码], [权限]) VALUES (N'astu050', N'123456', N'STUD');
INSERT INTO [dbo].[Account] ([账户名], [密码], [权限]) VALUES (N'a_admin', N'admin1', N'ADMN');

INSERT INTO [dbo].[Student] ([学号], [姓名], [性别], [院系], [关联账户]) VALUES (N'S2024001', N'A学生01', N'男', N'计科', N'a_student1');
INSERT INTO [dbo].[Student] ([学号], [姓名], [性别], [院系], [关联账户]) VALUES (N'S2024002', N'A学生02', N'女', N'软工', N'a_student2');
INSERT INTO [dbo].[Student] ([学号], [姓名], [性别], [院系], [关联账户]) VALUES (N'S2024003', N'A学生03', N'男', N'数据', N'astu003');
INSERT INTO [dbo].[Student] ([学号], [姓名], [性别], [院系], [关联账户]) VALUES (N'S2024004', N'A学生04', N'女', N'信管', N'astu004');
INSERT INTO [dbo].[Student] ([学号], [姓名], [性别], [院系], [关联账户]) VALUES (N'S2024005', N'A学生05', N'男', N'AI', N'astu005');
INSERT INTO [dbo].[Student] ([学号], [姓名], [性别], [院系], [关联账户]) VALUES (N'S2024006', N'A学生06', N'女', N'计科', N'astu006');
INSERT INTO [dbo].[Student] ([学号], [姓名], [性别], [院系], [关联账户]) VALUES (N'S2024007', N'A学生07', N'男', N'软工', N'astu007');
INSERT INTO [dbo].[Student] ([学号], [姓名], [性别], [院系], [关联账户]) VALUES (N'S2024008', N'A学生08', N'女', N'数据', N'astu008');
INSERT INTO [dbo].[Student] ([学号], [姓名], [性别], [院系], [关联账户]) VALUES (N'S2024009', N'A学生09', N'男', N'信管', N'astu009');
INSERT INTO [dbo].[Student] ([学号], [姓名], [性别], [院系], [关联账户]) VALUES (N'S2024010', N'A学生10', N'女', N'AI', N'astu010');
INSERT INTO [dbo].[Student] ([学号], [姓名], [性别], [院系], [关联账户]) VALUES (N'S2024011', N'A学生11', N'男', N'计科', N'astu011');
INSERT INTO [dbo].[Student] ([学号], [姓名], [性别], [院系], [关联账户]) VALUES (N'S2024012', N'A学生12', N'女', N'软工', N'astu012');
INSERT INTO [dbo].[Student] ([学号], [姓名], [性别], [院系], [关联账户]) VALUES (N'S2024013', N'A学生13', N'男', N'数据', N'astu013');
INSERT INTO [dbo].[Student] ([学号], [姓名], [性别], [院系], [关联账户]) VALUES (N'S2024014', N'A学生14', N'女', N'信管', N'astu014');
INSERT INTO [dbo].[Student] ([学号], [姓名], [性别], [院系], [关联账户]) VALUES (N'S2024015', N'A学生15', N'男', N'AI', N'astu015');
INSERT INTO [dbo].[Student] ([学号], [姓名], [性别], [院系], [关联账户]) VALUES (N'S2024016', N'A学生16', N'女', N'计科', N'astu016');
INSERT INTO [dbo].[Student] ([学号], [姓名], [性别], [院系], [关联账户]) VALUES (N'S2024017', N'A学生17', N'男', N'软工', N'astu017');
INSERT INTO [dbo].[Student] ([学号], [姓名], [性别], [院系], [关联账户]) VALUES (N'S2024018', N'A学生18', N'女', N'数据', N'astu018');
INSERT INTO [dbo].[Student] ([学号], [姓名], [性别], [院系], [关联账户]) VALUES (N'S2024019', N'A学生19', N'男', N'信管', N'astu019');
INSERT INTO [dbo].[Student] ([学号], [姓名], [性别], [院系], [关联账户]) VALUES (N'S2024020', N'A学生20', N'女', N'AI', N'astu020');
INSERT INTO [dbo].[Student] ([学号], [姓名], [性别], [院系], [关联账户]) VALUES (N'S2024021', N'A学生21', N'男', N'计科', N'astu021');
INSERT INTO [dbo].[Student] ([学号], [姓名], [性别], [院系], [关联账户]) VALUES (N'S2024022', N'A学生22', N'女', N'软工', N'astu022');
INSERT INTO [dbo].[Student] ([学号], [姓名], [性别], [院系], [关联账户]) VALUES (N'S2024023', N'A学生23', N'男', N'数据', N'astu023');
INSERT INTO [dbo].[Student] ([学号], [姓名], [性别], [院系], [关联账户]) VALUES (N'S2024024', N'A学生24', N'女', N'信管', N'astu024');
INSERT INTO [dbo].[Student] ([学号], [姓名], [性别], [院系], [关联账户]) VALUES (N'S2024025', N'A学生25', N'男', N'AI', N'astu025');
INSERT INTO [dbo].[Student] ([学号], [姓名], [性别], [院系], [关联账户]) VALUES (N'S2024026', N'A学生26', N'女', N'计科', N'astu026');
INSERT INTO [dbo].[Student] ([学号], [姓名], [性别], [院系], [关联账户]) VALUES (N'S2024027', N'A学生27', N'男', N'软工', N'astu027');
INSERT INTO [dbo].[Student] ([学号], [姓名], [性别], [院系], [关联账户]) VALUES (N'S2024028', N'A学生28', N'女', N'数据', N'astu028');
INSERT INTO [dbo].[Student] ([学号], [姓名], [性别], [院系], [关联账户]) VALUES (N'S2024029', N'A学生29', N'男', N'信管', N'astu029');
INSERT INTO [dbo].[Student] ([学号], [姓名], [性别], [院系], [关联账户]) VALUES (N'S2024030', N'A学生30', N'女', N'AI', N'astu030');
INSERT INTO [dbo].[Student] ([学号], [姓名], [性别], [院系], [关联账户]) VALUES (N'S2024031', N'A学生31', N'男', N'计科', N'astu031');
INSERT INTO [dbo].[Student] ([学号], [姓名], [性别], [院系], [关联账户]) VALUES (N'S2024032', N'A学生32', N'女', N'软工', N'astu032');
INSERT INTO [dbo].[Student] ([学号], [姓名], [性别], [院系], [关联账户]) VALUES (N'S2024033', N'A学生33', N'男', N'数据', N'astu033');
INSERT INTO [dbo].[Student] ([学号], [姓名], [性别], [院系], [关联账户]) VALUES (N'S2024034', N'A学生34', N'女', N'信管', N'astu034');
INSERT INTO [dbo].[Student] ([学号], [姓名], [性别], [院系], [关联账户]) VALUES (N'S2024035', N'A学生35', N'男', N'AI', N'astu035');
INSERT INTO [dbo].[Student] ([学号], [姓名], [性别], [院系], [关联账户]) VALUES (N'S2024036', N'A学生36', N'女', N'计科', N'astu036');
INSERT INTO [dbo].[Student] ([学号], [姓名], [性别], [院系], [关联账户]) VALUES (N'S2024037', N'A学生37', N'男', N'软工', N'astu037');
INSERT INTO [dbo].[Student] ([学号], [姓名], [性别], [院系], [关联账户]) VALUES (N'S2024038', N'A学生38', N'女', N'数据', N'astu038');
INSERT INTO [dbo].[Student] ([学号], [姓名], [性别], [院系], [关联账户]) VALUES (N'S2024039', N'A学生39', N'男', N'信管', N'astu039');
INSERT INTO [dbo].[Student] ([学号], [姓名], [性别], [院系], [关联账户]) VALUES (N'S2024040', N'A学生40', N'女', N'AI', N'astu040');
INSERT INTO [dbo].[Student] ([学号], [姓名], [性别], [院系], [关联账户]) VALUES (N'S2024041', N'A学生41', N'男', N'计科', N'astu041');
INSERT INTO [dbo].[Student] ([学号], [姓名], [性别], [院系], [关联账户]) VALUES (N'S2024042', N'A学生42', N'女', N'软工', N'astu042');
INSERT INTO [dbo].[Student] ([学号], [姓名], [性别], [院系], [关联账户]) VALUES (N'S2024043', N'A学生43', N'男', N'数据', N'astu043');
INSERT INTO [dbo].[Student] ([学号], [姓名], [性别], [院系], [关联账户]) VALUES (N'S2024044', N'A学生44', N'女', N'信管', N'astu044');
INSERT INTO [dbo].[Student] ([学号], [姓名], [性别], [院系], [关联账户]) VALUES (N'S2024045', N'A学生45', N'男', N'AI', N'astu045');
INSERT INTO [dbo].[Student] ([学号], [姓名], [性别], [院系], [关联账户]) VALUES (N'S2024046', N'A学生46', N'女', N'计科', N'astu046');
INSERT INTO [dbo].[Student] ([学号], [姓名], [性别], [院系], [关联账户]) VALUES (N'S2024047', N'A学生47', N'男', N'软工', N'astu047');
INSERT INTO [dbo].[Student] ([学号], [姓名], [性别], [院系], [关联账户]) VALUES (N'S2024048', N'A学生48', N'女', N'数据', N'astu048');
INSERT INTO [dbo].[Student] ([学号], [姓名], [性别], [院系], [关联账户]) VALUES (N'S2024049', N'A学生49', N'男', N'信管', N'astu049');
INSERT INTO [dbo].[Student] ([学号], [姓名], [性别], [院系], [关联账户]) VALUES (N'S2024050', N'A学生50', N'女', N'AI', N'astu050');

INSERT INTO [dbo].[Course] ([课程编号], [课程名称], [学分], [授课老师], [授课地点], [共享]) VALUES (N'A001', N'数据库系统', N'3', N'A师01', N'A-101', N'Y');
INSERT INTO [dbo].[Course] ([课程编号], [课程名称], [学分], [授课老师], [授课地点], [共享]) VALUES (N'A002', N'操作系统', N'4', N'A师02', N'A-102', N'N');
INSERT INTO [dbo].[Course] ([课程编号], [课程名称], [学分], [授课老师], [授课地点], [共享]) VALUES (N'A003', N'XML集成', N'3', N'A师03', N'A-103', N'Y');
INSERT INTO [dbo].[Course] ([课程编号], [课程名称], [学分], [授课老师], [授课地点], [共享]) VALUES (N'A004', N'软件工程', N'3', N'A师04', N'A-104', N'N');
INSERT INTO [dbo].[Course] ([课程编号], [课程名称], [学分], [授课老师], [授课地点], [共享]) VALUES (N'A005', N'数据挖掘', N'3', N'A师05', N'A-105', N'Y');
INSERT INTO [dbo].[Course] ([课程编号], [课程名称], [学分], [授课老师], [授课地点], [共享]) VALUES (N'A006', N'分布式', N'3', N'A师06', N'A-106', N'Y');
INSERT INTO [dbo].[Course] ([课程编号], [课程名称], [学分], [授课老师], [授课地点], [共享]) VALUES (N'A007', N'机器学习', N'3', N'A师07', N'A-107', N'Y');
INSERT INTO [dbo].[Course] ([课程编号], [课程名称], [学分], [授课老师], [授课地点], [共享]) VALUES (N'A008', N'Web开发', N'2', N'A师08', N'A-108', N'N');
INSERT INTO [dbo].[Course] ([课程编号], [课程名称], [学分], [授课老师], [授课地点], [共享]) VALUES (N'A009', N'网络技术', N'3', N'A师09', N'A-109', N'N');
INSERT INTO [dbo].[Course] ([课程编号], [课程名称], [学分], [授课老师], [授课地点], [共享]) VALUES (N'A010', N'人工智能', N'3', N'A师10', N'A-110', N'N');

INSERT INTO [dbo].[Enrollment] ([课程编号], [学生编号], [成绩]) VALUES (N'A001', N'S2024001', N'0');
INSERT INTO [dbo].[Enrollment] ([课程编号], [学生编号], [成绩]) VALUES (N'A002', N'S2024001', N'0');
INSERT INTO [dbo].[Enrollment] ([课程编号], [学生编号], [成绩]) VALUES (N'A003', N'S2024001', N'0');
INSERT INTO [dbo].[Enrollment] ([课程编号], [学生编号], [成绩]) VALUES (N'A004', N'S2024001', N'0');
INSERT INTO [dbo].[Enrollment] ([课程编号], [学生编号], [成绩]) VALUES (N'A005', N'S2024001', N'0');
INSERT INTO [dbo].[Enrollment] ([课程编号], [学生编号], [成绩]) VALUES (N'A002', N'S2024002', N'0');
INSERT INTO [dbo].[Enrollment] ([课程编号], [学生编号], [成绩]) VALUES (N'A003', N'S2024002', N'0');
INSERT INTO [dbo].[Enrollment] ([课程编号], [学生编号], [成绩]) VALUES (N'A004', N'S2024002', N'0');
INSERT INTO [dbo].[Enrollment] ([课程编号], [学生编号], [成绩]) VALUES (N'A005', N'S2024002', N'0');
INSERT INTO [dbo].[Enrollment] ([课程编号], [学生编号], [成绩]) VALUES (N'A006', N'S2024002', N'0');
INSERT INTO [dbo].[Enrollment] ([课程编号], [学生编号], [成绩]) VALUES (N'A003', N'S2024003', N'0');
INSERT INTO [dbo].[Enrollment] ([课程编号], [学生编号], [成绩]) VALUES (N'A004', N'S2024003', N'0');
INSERT INTO [dbo].[Enrollment] ([课程编号], [学生编号], [成绩]) VALUES (N'A005', N'S2024003', N'0');
INSERT INTO [dbo].[Enrollment] ([课程编号], [学生编号], [成绩]) VALUES (N'A006', N'S2024003', N'0');
INSERT INTO [dbo].[Enrollment] ([课程编号], [学生编号], [成绩]) VALUES (N'A007', N'S2024003', N'0');
INSERT INTO [dbo].[Enrollment] ([课程编号], [学生编号], [成绩]) VALUES (N'A004', N'S2024004', N'0');
INSERT INTO [dbo].[Enrollment] ([课程编号], [学生编号], [成绩]) VALUES (N'A005', N'S2024004', N'0');
INSERT INTO [dbo].[Enrollment] ([课程编号], [学生编号], [成绩]) VALUES (N'A006', N'S2024004', N'0');
INSERT INTO [dbo].[Enrollment] ([课程编号], [学生编号], [成绩]) VALUES (N'A007', N'S2024004', N'0');
INSERT INTO [dbo].[Enrollment] ([课程编号], [学生编号], [成绩]) VALUES (N'A008', N'S2024004', N'0');
INSERT INTO [dbo].[Enrollment] ([课程编号], [学生编号], [成绩]) VALUES (N'A005', N'S2024005', N'0');
INSERT INTO [dbo].[Enrollment] ([课程编号], [学生编号], [成绩]) VALUES (N'A006', N'S2024005', N'0');
INSERT INTO [dbo].[Enrollment] ([课程编号], [学生编号], [成绩]) VALUES (N'A007', N'S2024005', N'0');
INSERT INTO [dbo].[Enrollment] ([课程编号], [学生编号], [成绩]) VALUES (N'A008', N'S2024005', N'0');
INSERT INTO [dbo].[Enrollment] ([课程编号], [学生编号], [成绩]) VALUES (N'A009', N'S2024005', N'0');
INSERT INTO [dbo].[Enrollment] ([课程编号], [学生编号], [成绩]) VALUES (N'A006', N'S2024006', N'0');
INSERT INTO [dbo].[Enrollment] ([课程编号], [学生编号], [成绩]) VALUES (N'A007', N'S2024006', N'0');
INSERT INTO [dbo].[Enrollment] ([课程编号], [学生编号], [成绩]) VALUES (N'A008', N'S2024006', N'0');
INSERT INTO [dbo].[Enrollment] ([课程编号], [学生编号], [成绩]) VALUES (N'A009', N'S2024006', N'0');
INSERT INTO [dbo].[Enrollment] ([课程编号], [学生编号], [成绩]) VALUES (N'A010', N'S2024006', N'0');
INSERT INTO [dbo].[Enrollment] ([课程编号], [学生编号], [成绩]) VALUES (N'A007', N'S2024007', N'0');
INSERT INTO [dbo].[Enrollment] ([课程编号], [学生编号], [成绩]) VALUES (N'A008', N'S2024007', N'0');
INSERT INTO [dbo].[Enrollment] ([课程编号], [学生编号], [成绩]) VALUES (N'A009', N'S2024007', N'0');
INSERT INTO [dbo].[Enrollment] ([课程编号], [学生编号], [成绩]) VALUES (N'A010', N'S2024007', N'0');
INSERT INTO [dbo].[Enrollment] ([课程编号], [学生编号], [成绩]) VALUES (N'A001', N'S2024007', N'0');
INSERT INTO [dbo].[Enrollment] ([课程编号], [学生编号], [成绩]) VALUES (N'A008', N'S2024008', N'0');
INSERT INTO [dbo].[Enrollment] ([课程编号], [学生编号], [成绩]) VALUES (N'A009', N'S2024008', N'0');
INSERT INTO [dbo].[Enrollment] ([课程编号], [学生编号], [成绩]) VALUES (N'A010', N'S2024008', N'0');
INSERT INTO [dbo].[Enrollment] ([课程编号], [学生编号], [成绩]) VALUES (N'A001', N'S2024008', N'0');
INSERT INTO [dbo].[Enrollment] ([课程编号], [学生编号], [成绩]) VALUES (N'A002', N'S2024008', N'0');
INSERT INTO [dbo].[Enrollment] ([课程编号], [学生编号], [成绩]) VALUES (N'A009', N'S2024009', N'0');
INSERT INTO [dbo].[Enrollment] ([课程编号], [学生编号], [成绩]) VALUES (N'A010', N'S2024009', N'0');
INSERT INTO [dbo].[Enrollment] ([课程编号], [学生编号], [成绩]) VALUES (N'A001', N'S2024009', N'0');
INSERT INTO [dbo].[Enrollment] ([课程编号], [学生编号], [成绩]) VALUES (N'A002', N'S2024009', N'0');
INSERT INTO [dbo].[Enrollment] ([课程编号], [学生编号], [成绩]) VALUES (N'A003', N'S2024009', N'0');
INSERT INTO [dbo].[Enrollment] ([课程编号], [学生编号], [成绩]) VALUES (N'A010', N'S2024010', N'0');
INSERT INTO [dbo].[Enrollment] ([课程编号], [学生编号], [成绩]) VALUES (N'A001', N'S2024010', N'0');
INSERT INTO [dbo].[Enrollment] ([课程编号], [学生编号], [成绩]) VALUES (N'A002', N'S2024010', N'0');
INSERT INTO [dbo].[Enrollment] ([课程编号], [学生编号], [成绩]) VALUES (N'A003', N'S2024010', N'0');
INSERT INTO [dbo].[Enrollment] ([课程编号], [学生编号], [成绩]) VALUES (N'A004', N'S2024010', N'0');
INSERT INTO [dbo].[Enrollment] ([课程编号], [学生编号], [成绩]) VALUES (N'A001', N'S2024011', N'0');
INSERT INTO [dbo].[Enrollment] ([课程编号], [学生编号], [成绩]) VALUES (N'A002', N'S2024011', N'0');
INSERT INTO [dbo].[Enrollment] ([课程编号], [学生编号], [成绩]) VALUES (N'A003', N'S2024011', N'0');
INSERT INTO [dbo].[Enrollment] ([课程编号], [学生编号], [成绩]) VALUES (N'A004', N'S2024011', N'0');
INSERT INTO [dbo].[Enrollment] ([课程编号], [学生编号], [成绩]) VALUES (N'A005', N'S2024011', N'0');
INSERT INTO [dbo].[Enrollment] ([课程编号], [学生编号], [成绩]) VALUES (N'A002', N'S2024012', N'0');
INSERT INTO [dbo].[Enrollment] ([课程编号], [学生编号], [成绩]) VALUES (N'A003', N'S2024012', N'0');
INSERT INTO [dbo].[Enrollment] ([课程编号], [学生编号], [成绩]) VALUES (N'A004', N'S2024012', N'0');
INSERT INTO [dbo].[Enrollment] ([课程编号], [学生编号], [成绩]) VALUES (N'A005', N'S2024012', N'0');
INSERT INTO [dbo].[Enrollment] ([课程编号], [学生编号], [成绩]) VALUES (N'A006', N'S2024012', N'0');
INSERT INTO [dbo].[Enrollment] ([课程编号], [学生编号], [成绩]) VALUES (N'A003', N'S2024013', N'0');
INSERT INTO [dbo].[Enrollment] ([课程编号], [学生编号], [成绩]) VALUES (N'A004', N'S2024013', N'0');
INSERT INTO [dbo].[Enrollment] ([课程编号], [学生编号], [成绩]) VALUES (N'A005', N'S2024013', N'0');
INSERT INTO [dbo].[Enrollment] ([课程编号], [学生编号], [成绩]) VALUES (N'A006', N'S2024013', N'0');
INSERT INTO [dbo].[Enrollment] ([课程编号], [学生编号], [成绩]) VALUES (N'A007', N'S2024013', N'0');
INSERT INTO [dbo].[Enrollment] ([课程编号], [学生编号], [成绩]) VALUES (N'A004', N'S2024014', N'0');
INSERT INTO [dbo].[Enrollment] ([课程编号], [学生编号], [成绩]) VALUES (N'A005', N'S2024014', N'0');
INSERT INTO [dbo].[Enrollment] ([课程编号], [学生编号], [成绩]) VALUES (N'A006', N'S2024014', N'0');
INSERT INTO [dbo].[Enrollment] ([课程编号], [学生编号], [成绩]) VALUES (N'A007', N'S2024014', N'0');
INSERT INTO [dbo].[Enrollment] ([课程编号], [学生编号], [成绩]) VALUES (N'A008', N'S2024014', N'0');
INSERT INTO [dbo].[Enrollment] ([课程编号], [学生编号], [成绩]) VALUES (N'A005', N'S2024015', N'0');
INSERT INTO [dbo].[Enrollment] ([课程编号], [学生编号], [成绩]) VALUES (N'A006', N'S2024015', N'0');
INSERT INTO [dbo].[Enrollment] ([课程编号], [学生编号], [成绩]) VALUES (N'A007', N'S2024015', N'0');
INSERT INTO [dbo].[Enrollment] ([课程编号], [学生编号], [成绩]) VALUES (N'A008', N'S2024015', N'0');
INSERT INTO [dbo].[Enrollment] ([课程编号], [学生编号], [成绩]) VALUES (N'A009', N'S2024015', N'0');
INSERT INTO [dbo].[Enrollment] ([课程编号], [学生编号], [成绩]) VALUES (N'A006', N'S2024016', N'0');
INSERT INTO [dbo].[Enrollment] ([课程编号], [学生编号], [成绩]) VALUES (N'A007', N'S2024016', N'0');
INSERT INTO [dbo].[Enrollment] ([课程编号], [学生编号], [成绩]) VALUES (N'A008', N'S2024016', N'0');
INSERT INTO [dbo].[Enrollment] ([课程编号], [学生编号], [成绩]) VALUES (N'A009', N'S2024016', N'0');
INSERT INTO [dbo].[Enrollment] ([课程编号], [学生编号], [成绩]) VALUES (N'A010', N'S2024016', N'0');
INSERT INTO [dbo].[Enrollment] ([课程编号], [学生编号], [成绩]) VALUES (N'A007', N'S2024017', N'0');
INSERT INTO [dbo].[Enrollment] ([课程编号], [学生编号], [成绩]) VALUES (N'A008', N'S2024017', N'0');
INSERT INTO [dbo].[Enrollment] ([课程编号], [学生编号], [成绩]) VALUES (N'A009', N'S2024017', N'0');
INSERT INTO [dbo].[Enrollment] ([课程编号], [学生编号], [成绩]) VALUES (N'A010', N'S2024017', N'0');
INSERT INTO [dbo].[Enrollment] ([课程编号], [学生编号], [成绩]) VALUES (N'A001', N'S2024017', N'0');
INSERT INTO [dbo].[Enrollment] ([课程编号], [学生编号], [成绩]) VALUES (N'A008', N'S2024018', N'0');
INSERT INTO [dbo].[Enrollment] ([课程编号], [学生编号], [成绩]) VALUES (N'A009', N'S2024018', N'0');
INSERT INTO [dbo].[Enrollment] ([课程编号], [学生编号], [成绩]) VALUES (N'A010', N'S2024018', N'0');
INSERT INTO [dbo].[Enrollment] ([课程编号], [学生编号], [成绩]) VALUES (N'A001', N'S2024018', N'0');
INSERT INTO [dbo].[Enrollment] ([课程编号], [学生编号], [成绩]) VALUES (N'A002', N'S2024018', N'0');
INSERT INTO [dbo].[Enrollment] ([课程编号], [学生编号], [成绩]) VALUES (N'A009', N'S2024019', N'0');
INSERT INTO [dbo].[Enrollment] ([课程编号], [学生编号], [成绩]) VALUES (N'A010', N'S2024019', N'0');
INSERT INTO [dbo].[Enrollment] ([课程编号], [学生编号], [成绩]) VALUES (N'A001', N'S2024019', N'0');
INSERT INTO [dbo].[Enrollment] ([课程编号], [学生编号], [成绩]) VALUES (N'A002', N'S2024019', N'0');
INSERT INTO [dbo].[Enrollment] ([课程编号], [学生编号], [成绩]) VALUES (N'A003', N'S2024019', N'0');
INSERT INTO [dbo].[Enrollment] ([课程编号], [学生编号], [成绩]) VALUES (N'A010', N'S2024020', N'0');
INSERT INTO [dbo].[Enrollment] ([课程编号], [学生编号], [成绩]) VALUES (N'A001', N'S2024020', N'0');
INSERT INTO [dbo].[Enrollment] ([课程编号], [学生编号], [成绩]) VALUES (N'A002', N'S2024020', N'0');
INSERT INTO [dbo].[Enrollment] ([课程编号], [学生编号], [成绩]) VALUES (N'A003', N'S2024020', N'0');
INSERT INTO [dbo].[Enrollment] ([课程编号], [学生编号], [成绩]) VALUES (N'A004', N'S2024020', N'0');
INSERT INTO [dbo].[Enrollment] ([课程编号], [学生编号], [成绩]) VALUES (N'A001', N'S2024021', N'0');
INSERT INTO [dbo].[Enrollment] ([课程编号], [学生编号], [成绩]) VALUES (N'A002', N'S2024021', N'0');
INSERT INTO [dbo].[Enrollment] ([课程编号], [学生编号], [成绩]) VALUES (N'A003', N'S2024021', N'0');
INSERT INTO [dbo].[Enrollment] ([课程编号], [学生编号], [成绩]) VALUES (N'A004', N'S2024021', N'0');
INSERT INTO [dbo].[Enrollment] ([课程编号], [学生编号], [成绩]) VALUES (N'A005', N'S2024021', N'0');
INSERT INTO [dbo].[Enrollment] ([课程编号], [学生编号], [成绩]) VALUES (N'A002', N'S2024022', N'0');
INSERT INTO [dbo].[Enrollment] ([课程编号], [学生编号], [成绩]) VALUES (N'A003', N'S2024022', N'0');
INSERT INTO [dbo].[Enrollment] ([课程编号], [学生编号], [成绩]) VALUES (N'A004', N'S2024022', N'0');
INSERT INTO [dbo].[Enrollment] ([课程编号], [学生编号], [成绩]) VALUES (N'A005', N'S2024022', N'0');
INSERT INTO [dbo].[Enrollment] ([课程编号], [学生编号], [成绩]) VALUES (N'A006', N'S2024022', N'0');
INSERT INTO [dbo].[Enrollment] ([课程编号], [学生编号], [成绩]) VALUES (N'A003', N'S2024023', N'0');
INSERT INTO [dbo].[Enrollment] ([课程编号], [学生编号], [成绩]) VALUES (N'A004', N'S2024023', N'0');
INSERT INTO [dbo].[Enrollment] ([课程编号], [学生编号], [成绩]) VALUES (N'A005', N'S2024023', N'0');
INSERT INTO [dbo].[Enrollment] ([课程编号], [学生编号], [成绩]) VALUES (N'A006', N'S2024023', N'0');
INSERT INTO [dbo].[Enrollment] ([课程编号], [学生编号], [成绩]) VALUES (N'A007', N'S2024023', N'0');
INSERT INTO [dbo].[Enrollment] ([课程编号], [学生编号], [成绩]) VALUES (N'A004', N'S2024024', N'0');
INSERT INTO [dbo].[Enrollment] ([课程编号], [学生编号], [成绩]) VALUES (N'A005', N'S2024024', N'0');
INSERT INTO [dbo].[Enrollment] ([课程编号], [学生编号], [成绩]) VALUES (N'A006', N'S2024024', N'0');
INSERT INTO [dbo].[Enrollment] ([课程编号], [学生编号], [成绩]) VALUES (N'A007', N'S2024024', N'0');
INSERT INTO [dbo].[Enrollment] ([课程编号], [学生编号], [成绩]) VALUES (N'A008', N'S2024024', N'0');
INSERT INTO [dbo].[Enrollment] ([课程编号], [学生编号], [成绩]) VALUES (N'A005', N'S2024025', N'0');
INSERT INTO [dbo].[Enrollment] ([课程编号], [学生编号], [成绩]) VALUES (N'A006', N'S2024025', N'0');
INSERT INTO [dbo].[Enrollment] ([课程编号], [学生编号], [成绩]) VALUES (N'A007', N'S2024025', N'0');
INSERT INTO [dbo].[Enrollment] ([课程编号], [学生编号], [成绩]) VALUES (N'A008', N'S2024025', N'0');
INSERT INTO [dbo].[Enrollment] ([课程编号], [学生编号], [成绩]) VALUES (N'A009', N'S2024025', N'0');
INSERT INTO [dbo].[Enrollment] ([课程编号], [学生编号], [成绩]) VALUES (N'A006', N'S2024026', N'0');
INSERT INTO [dbo].[Enrollment] ([课程编号], [学生编号], [成绩]) VALUES (N'A007', N'S2024026', N'0');
INSERT INTO [dbo].[Enrollment] ([课程编号], [学生编号], [成绩]) VALUES (N'A008', N'S2024026', N'0');
INSERT INTO [dbo].[Enrollment] ([课程编号], [学生编号], [成绩]) VALUES (N'A009', N'S2024026', N'0');
INSERT INTO [dbo].[Enrollment] ([课程编号], [学生编号], [成绩]) VALUES (N'A010', N'S2024026', N'0');
INSERT INTO [dbo].[Enrollment] ([课程编号], [学生编号], [成绩]) VALUES (N'A007', N'S2024027', N'0');
INSERT INTO [dbo].[Enrollment] ([课程编号], [学生编号], [成绩]) VALUES (N'A008', N'S2024027', N'0');
INSERT INTO [dbo].[Enrollment] ([课程编号], [学生编号], [成绩]) VALUES (N'A009', N'S2024027', N'0');
INSERT INTO [dbo].[Enrollment] ([课程编号], [学生编号], [成绩]) VALUES (N'A010', N'S2024027', N'0');
INSERT INTO [dbo].[Enrollment] ([课程编号], [学生编号], [成绩]) VALUES (N'A001', N'S2024027', N'0');
INSERT INTO [dbo].[Enrollment] ([课程编号], [学生编号], [成绩]) VALUES (N'A008', N'S2024028', N'0');
INSERT INTO [dbo].[Enrollment] ([课程编号], [学生编号], [成绩]) VALUES (N'A009', N'S2024028', N'0');
INSERT INTO [dbo].[Enrollment] ([课程编号], [学生编号], [成绩]) VALUES (N'A010', N'S2024028', N'0');
INSERT INTO [dbo].[Enrollment] ([课程编号], [学生编号], [成绩]) VALUES (N'A001', N'S2024028', N'0');
INSERT INTO [dbo].[Enrollment] ([课程编号], [学生编号], [成绩]) VALUES (N'A002', N'S2024028', N'0');
INSERT INTO [dbo].[Enrollment] ([课程编号], [学生编号], [成绩]) VALUES (N'A009', N'S2024029', N'0');
INSERT INTO [dbo].[Enrollment] ([课程编号], [学生编号], [成绩]) VALUES (N'A010', N'S2024029', N'0');
INSERT INTO [dbo].[Enrollment] ([课程编号], [学生编号], [成绩]) VALUES (N'A001', N'S2024029', N'0');
INSERT INTO [dbo].[Enrollment] ([课程编号], [学生编号], [成绩]) VALUES (N'A002', N'S2024029', N'0');
INSERT INTO [dbo].[Enrollment] ([课程编号], [学生编号], [成绩]) VALUES (N'A003', N'S2024029', N'0');
INSERT INTO [dbo].[Enrollment] ([课程编号], [学生编号], [成绩]) VALUES (N'A010', N'S2024030', N'0');
INSERT INTO [dbo].[Enrollment] ([课程编号], [学生编号], [成绩]) VALUES (N'A001', N'S2024030', N'0');
INSERT INTO [dbo].[Enrollment] ([课程编号], [学生编号], [成绩]) VALUES (N'A002', N'S2024030', N'0');
INSERT INTO [dbo].[Enrollment] ([课程编号], [学生编号], [成绩]) VALUES (N'A003', N'S2024030', N'0');
INSERT INTO [dbo].[Enrollment] ([课程编号], [学生编号], [成绩]) VALUES (N'A004', N'S2024030', N'0');
INSERT INTO [dbo].[Enrollment] ([课程编号], [学生编号], [成绩]) VALUES (N'A001', N'S2024031', N'0');
INSERT INTO [dbo].[Enrollment] ([课程编号], [学生编号], [成绩]) VALUES (N'A002', N'S2024031', N'0');
INSERT INTO [dbo].[Enrollment] ([课程编号], [学生编号], [成绩]) VALUES (N'A003', N'S2024031', N'0');
INSERT INTO [dbo].[Enrollment] ([课程编号], [学生编号], [成绩]) VALUES (N'A004', N'S2024031', N'0');
INSERT INTO [dbo].[Enrollment] ([课程编号], [学生编号], [成绩]) VALUES (N'A005', N'S2024031', N'0');
INSERT INTO [dbo].[Enrollment] ([课程编号], [学生编号], [成绩]) VALUES (N'A002', N'S2024032', N'0');
INSERT INTO [dbo].[Enrollment] ([课程编号], [学生编号], [成绩]) VALUES (N'A003', N'S2024032', N'0');
INSERT INTO [dbo].[Enrollment] ([课程编号], [学生编号], [成绩]) VALUES (N'A004', N'S2024032', N'0');
INSERT INTO [dbo].[Enrollment] ([课程编号], [学生编号], [成绩]) VALUES (N'A005', N'S2024032', N'0');
INSERT INTO [dbo].[Enrollment] ([课程编号], [学生编号], [成绩]) VALUES (N'A006', N'S2024032', N'0');
INSERT INTO [dbo].[Enrollment] ([课程编号], [学生编号], [成绩]) VALUES (N'A003', N'S2024033', N'0');
INSERT INTO [dbo].[Enrollment] ([课程编号], [学生编号], [成绩]) VALUES (N'A004', N'S2024033', N'0');
INSERT INTO [dbo].[Enrollment] ([课程编号], [学生编号], [成绩]) VALUES (N'A005', N'S2024033', N'0');
INSERT INTO [dbo].[Enrollment] ([课程编号], [学生编号], [成绩]) VALUES (N'A006', N'S2024033', N'0');
INSERT INTO [dbo].[Enrollment] ([课程编号], [学生编号], [成绩]) VALUES (N'A007', N'S2024033', N'0');
INSERT INTO [dbo].[Enrollment] ([课程编号], [学生编号], [成绩]) VALUES (N'A004', N'S2024034', N'0');
INSERT INTO [dbo].[Enrollment] ([课程编号], [学生编号], [成绩]) VALUES (N'A005', N'S2024034', N'0');
INSERT INTO [dbo].[Enrollment] ([课程编号], [学生编号], [成绩]) VALUES (N'A006', N'S2024034', N'0');
INSERT INTO [dbo].[Enrollment] ([课程编号], [学生编号], [成绩]) VALUES (N'A007', N'S2024034', N'0');
INSERT INTO [dbo].[Enrollment] ([课程编号], [学生编号], [成绩]) VALUES (N'A008', N'S2024034', N'0');
INSERT INTO [dbo].[Enrollment] ([课程编号], [学生编号], [成绩]) VALUES (N'A005', N'S2024035', N'0');
INSERT INTO [dbo].[Enrollment] ([课程编号], [学生编号], [成绩]) VALUES (N'A006', N'S2024035', N'0');
INSERT INTO [dbo].[Enrollment] ([课程编号], [学生编号], [成绩]) VALUES (N'A007', N'S2024035', N'0');
INSERT INTO [dbo].[Enrollment] ([课程编号], [学生编号], [成绩]) VALUES (N'A008', N'S2024035', N'0');
INSERT INTO [dbo].[Enrollment] ([课程编号], [学生编号], [成绩]) VALUES (N'A009', N'S2024035', N'0');
INSERT INTO [dbo].[Enrollment] ([课程编号], [学生编号], [成绩]) VALUES (N'A006', N'S2024036', N'0');
INSERT INTO [dbo].[Enrollment] ([课程编号], [学生编号], [成绩]) VALUES (N'A007', N'S2024036', N'0');
INSERT INTO [dbo].[Enrollment] ([课程编号], [学生编号], [成绩]) VALUES (N'A008', N'S2024036', N'0');
INSERT INTO [dbo].[Enrollment] ([课程编号], [学生编号], [成绩]) VALUES (N'A009', N'S2024036', N'0');
INSERT INTO [dbo].[Enrollment] ([课程编号], [学生编号], [成绩]) VALUES (N'A010', N'S2024036', N'0');
INSERT INTO [dbo].[Enrollment] ([课程编号], [学生编号], [成绩]) VALUES (N'A007', N'S2024037', N'0');
INSERT INTO [dbo].[Enrollment] ([课程编号], [学生编号], [成绩]) VALUES (N'A008', N'S2024037', N'0');
INSERT INTO [dbo].[Enrollment] ([课程编号], [学生编号], [成绩]) VALUES (N'A009', N'S2024037', N'0');
INSERT INTO [dbo].[Enrollment] ([课程编号], [学生编号], [成绩]) VALUES (N'A010', N'S2024037', N'0');
INSERT INTO [dbo].[Enrollment] ([课程编号], [学生编号], [成绩]) VALUES (N'A001', N'S2024037', N'0');
INSERT INTO [dbo].[Enrollment] ([课程编号], [学生编号], [成绩]) VALUES (N'A008', N'S2024038', N'0');
INSERT INTO [dbo].[Enrollment] ([课程编号], [学生编号], [成绩]) VALUES (N'A009', N'S2024038', N'0');
INSERT INTO [dbo].[Enrollment] ([课程编号], [学生编号], [成绩]) VALUES (N'A010', N'S2024038', N'0');
INSERT INTO [dbo].[Enrollment] ([课程编号], [学生编号], [成绩]) VALUES (N'A001', N'S2024038', N'0');
INSERT INTO [dbo].[Enrollment] ([课程编号], [学生编号], [成绩]) VALUES (N'A002', N'S2024038', N'0');
INSERT INTO [dbo].[Enrollment] ([课程编号], [学生编号], [成绩]) VALUES (N'A009', N'S2024039', N'0');
INSERT INTO [dbo].[Enrollment] ([课程编号], [学生编号], [成绩]) VALUES (N'A010', N'S2024039', N'0');
INSERT INTO [dbo].[Enrollment] ([课程编号], [学生编号], [成绩]) VALUES (N'A001', N'S2024039', N'0');
INSERT INTO [dbo].[Enrollment] ([课程编号], [学生编号], [成绩]) VALUES (N'A002', N'S2024039', N'0');
INSERT INTO [dbo].[Enrollment] ([课程编号], [学生编号], [成绩]) VALUES (N'A003', N'S2024039', N'0');
INSERT INTO [dbo].[Enrollment] ([课程编号], [学生编号], [成绩]) VALUES (N'A010', N'S2024040', N'0');
INSERT INTO [dbo].[Enrollment] ([课程编号], [学生编号], [成绩]) VALUES (N'A001', N'S2024040', N'0');
INSERT INTO [dbo].[Enrollment] ([课程编号], [学生编号], [成绩]) VALUES (N'A002', N'S2024040', N'0');
INSERT INTO [dbo].[Enrollment] ([课程编号], [学生编号], [成绩]) VALUES (N'A003', N'S2024040', N'0');
INSERT INTO [dbo].[Enrollment] ([课程编号], [学生编号], [成绩]) VALUES (N'A004', N'S2024040', N'0');
INSERT INTO [dbo].[Enrollment] ([课程编号], [学生编号], [成绩]) VALUES (N'A001', N'S2024041', N'0');
INSERT INTO [dbo].[Enrollment] ([课程编号], [学生编号], [成绩]) VALUES (N'A002', N'S2024041', N'0');
INSERT INTO [dbo].[Enrollment] ([课程编号], [学生编号], [成绩]) VALUES (N'A003', N'S2024041', N'0');
INSERT INTO [dbo].[Enrollment] ([课程编号], [学生编号], [成绩]) VALUES (N'A004', N'S2024041', N'0');
INSERT INTO [dbo].[Enrollment] ([课程编号], [学生编号], [成绩]) VALUES (N'A005', N'S2024041', N'0');
INSERT INTO [dbo].[Enrollment] ([课程编号], [学生编号], [成绩]) VALUES (N'A002', N'S2024042', N'0');
INSERT INTO [dbo].[Enrollment] ([课程编号], [学生编号], [成绩]) VALUES (N'A003', N'S2024042', N'0');
INSERT INTO [dbo].[Enrollment] ([课程编号], [学生编号], [成绩]) VALUES (N'A004', N'S2024042', N'0');
INSERT INTO [dbo].[Enrollment] ([课程编号], [学生编号], [成绩]) VALUES (N'A005', N'S2024042', N'0');
INSERT INTO [dbo].[Enrollment] ([课程编号], [学生编号], [成绩]) VALUES (N'A006', N'S2024042', N'0');
INSERT INTO [dbo].[Enrollment] ([课程编号], [学生编号], [成绩]) VALUES (N'A003', N'S2024043', N'0');
INSERT INTO [dbo].[Enrollment] ([课程编号], [学生编号], [成绩]) VALUES (N'A004', N'S2024043', N'0');
INSERT INTO [dbo].[Enrollment] ([课程编号], [学生编号], [成绩]) VALUES (N'A005', N'S2024043', N'0');
INSERT INTO [dbo].[Enrollment] ([课程编号], [学生编号], [成绩]) VALUES (N'A006', N'S2024043', N'0');
INSERT INTO [dbo].[Enrollment] ([课程编号], [学生编号], [成绩]) VALUES (N'A007', N'S2024043', N'0');
INSERT INTO [dbo].[Enrollment] ([课程编号], [学生编号], [成绩]) VALUES (N'A004', N'S2024044', N'0');
INSERT INTO [dbo].[Enrollment] ([课程编号], [学生编号], [成绩]) VALUES (N'A005', N'S2024044', N'0');
INSERT INTO [dbo].[Enrollment] ([课程编号], [学生编号], [成绩]) VALUES (N'A006', N'S2024044', N'0');
INSERT INTO [dbo].[Enrollment] ([课程编号], [学生编号], [成绩]) VALUES (N'A007', N'S2024044', N'0');
INSERT INTO [dbo].[Enrollment] ([课程编号], [学生编号], [成绩]) VALUES (N'A008', N'S2024044', N'0');
INSERT INTO [dbo].[Enrollment] ([课程编号], [学生编号], [成绩]) VALUES (N'A005', N'S2024045', N'0');
INSERT INTO [dbo].[Enrollment] ([课程编号], [学生编号], [成绩]) VALUES (N'A006', N'S2024045', N'0');
INSERT INTO [dbo].[Enrollment] ([课程编号], [学生编号], [成绩]) VALUES (N'A007', N'S2024045', N'0');
INSERT INTO [dbo].[Enrollment] ([课程编号], [学生编号], [成绩]) VALUES (N'A008', N'S2024045', N'0');
INSERT INTO [dbo].[Enrollment] ([课程编号], [学生编号], [成绩]) VALUES (N'A009', N'S2024045', N'0');
INSERT INTO [dbo].[Enrollment] ([课程编号], [学生编号], [成绩]) VALUES (N'A006', N'S2024046', N'0');
INSERT INTO [dbo].[Enrollment] ([课程编号], [学生编号], [成绩]) VALUES (N'A007', N'S2024046', N'0');
INSERT INTO [dbo].[Enrollment] ([课程编号], [学生编号], [成绩]) VALUES (N'A008', N'S2024046', N'0');
INSERT INTO [dbo].[Enrollment] ([课程编号], [学生编号], [成绩]) VALUES (N'A009', N'S2024046', N'0');
INSERT INTO [dbo].[Enrollment] ([课程编号], [学生编号], [成绩]) VALUES (N'A010', N'S2024046', N'0');
INSERT INTO [dbo].[Enrollment] ([课程编号], [学生编号], [成绩]) VALUES (N'A007', N'S2024047', N'0');
INSERT INTO [dbo].[Enrollment] ([课程编号], [学生编号], [成绩]) VALUES (N'A008', N'S2024047', N'0');
INSERT INTO [dbo].[Enrollment] ([课程编号], [学生编号], [成绩]) VALUES (N'A009', N'S2024047', N'0');
INSERT INTO [dbo].[Enrollment] ([课程编号], [学生编号], [成绩]) VALUES (N'A010', N'S2024047', N'0');
INSERT INTO [dbo].[Enrollment] ([课程编号], [学生编号], [成绩]) VALUES (N'A001', N'S2024047', N'0');
INSERT INTO [dbo].[Enrollment] ([课程编号], [学生编号], [成绩]) VALUES (N'A008', N'S2024048', N'0');
INSERT INTO [dbo].[Enrollment] ([课程编号], [学生编号], [成绩]) VALUES (N'A009', N'S2024048', N'0');
INSERT INTO [dbo].[Enrollment] ([课程编号], [学生编号], [成绩]) VALUES (N'A010', N'S2024048', N'0');
INSERT INTO [dbo].[Enrollment] ([课程编号], [学生编号], [成绩]) VALUES (N'A001', N'S2024048', N'0');
INSERT INTO [dbo].[Enrollment] ([课程编号], [学生编号], [成绩]) VALUES (N'A002', N'S2024048', N'0');
INSERT INTO [dbo].[Enrollment] ([课程编号], [学生编号], [成绩]) VALUES (N'A009', N'S2024049', N'0');
INSERT INTO [dbo].[Enrollment] ([课程编号], [学生编号], [成绩]) VALUES (N'A010', N'S2024049', N'0');
INSERT INTO [dbo].[Enrollment] ([课程编号], [学生编号], [成绩]) VALUES (N'A001', N'S2024049', N'0');
INSERT INTO [dbo].[Enrollment] ([课程编号], [学生编号], [成绩]) VALUES (N'A002', N'S2024049', N'0');
INSERT INTO [dbo].[Enrollment] ([课程编号], [学生编号], [成绩]) VALUES (N'A003', N'S2024049', N'0');
INSERT INTO [dbo].[Enrollment] ([课程编号], [学生编号], [成绩]) VALUES (N'A010', N'S2024050', N'0');
INSERT INTO [dbo].[Enrollment] ([课程编号], [学生编号], [成绩]) VALUES (N'A001', N'S2024050', N'0');
INSERT INTO [dbo].[Enrollment] ([课程编号], [学生编号], [成绩]) VALUES (N'A002', N'S2024050', N'0');
INSERT INTO [dbo].[Enrollment] ([课程编号], [学生编号], [成绩]) VALUES (N'A003', N'S2024050', N'0');
INSERT INTO [dbo].[Enrollment] ([课程编号], [学生编号], [成绩]) VALUES (N'A004', N'S2024050', N'0');

INSERT INTO [dbo].[EnrollmentLog] ([enrollment_id], [student_id], [course_id], [source_college_id], [target_college_id], [score], [origin], [status], [created_at], [updated_at]) VALUES (N'EA000001', N'S2024001', N'A001', N'A', N'A', 0, N'LOCAL', N'ENROLLED', CONVERT(datetime2, '2026-05-28 00:00:00', 120), CONVERT(datetime2, '2026-05-28 00:00:00', 120));
INSERT INTO [dbo].[EnrollmentLog] ([enrollment_id], [student_id], [course_id], [source_college_id], [target_college_id], [score], [origin], [status], [created_at], [updated_at]) VALUES (N'EA000002', N'S2024001', N'A002', N'A', N'A', 0, N'LOCAL', N'ENROLLED', CONVERT(datetime2, '2026-05-28 00:00:00', 120), CONVERT(datetime2, '2026-05-28 00:00:00', 120));
INSERT INTO [dbo].[EnrollmentLog] ([enrollment_id], [student_id], [course_id], [source_college_id], [target_college_id], [score], [origin], [status], [created_at], [updated_at]) VALUES (N'EA000003', N'S2024001', N'A003', N'A', N'A', 0, N'LOCAL', N'ENROLLED', CONVERT(datetime2, '2026-05-28 00:00:00', 120), CONVERT(datetime2, '2026-05-28 00:00:00', 120));
INSERT INTO [dbo].[EnrollmentLog] ([enrollment_id], [student_id], [course_id], [source_college_id], [target_college_id], [score], [origin], [status], [created_at], [updated_at]) VALUES (N'EA000004', N'S2024001', N'A004', N'A', N'A', 0, N'LOCAL', N'ENROLLED', CONVERT(datetime2, '2026-05-28 00:00:00', 120), CONVERT(datetime2, '2026-05-28 00:00:00', 120));
INSERT INTO [dbo].[EnrollmentLog] ([enrollment_id], [student_id], [course_id], [source_college_id], [target_college_id], [score], [origin], [status], [created_at], [updated_at]) VALUES (N'EA000005', N'S2024001', N'A005', N'A', N'A', 0, N'LOCAL', N'ENROLLED', CONVERT(datetime2, '2026-05-28 00:00:00', 120), CONVERT(datetime2, '2026-05-28 00:00:00', 120));
INSERT INTO [dbo].[EnrollmentLog] ([enrollment_id], [student_id], [course_id], [source_college_id], [target_college_id], [score], [origin], [status], [created_at], [updated_at]) VALUES (N'EA000006', N'S2024002', N'A002', N'A', N'A', 0, N'LOCAL', N'ENROLLED', CONVERT(datetime2, '2026-05-28 00:00:00', 120), CONVERT(datetime2, '2026-05-28 00:00:00', 120));
INSERT INTO [dbo].[EnrollmentLog] ([enrollment_id], [student_id], [course_id], [source_college_id], [target_college_id], [score], [origin], [status], [created_at], [updated_at]) VALUES (N'EA000007', N'S2024002', N'A003', N'A', N'A', 0, N'LOCAL', N'ENROLLED', CONVERT(datetime2, '2026-05-28 00:00:00', 120), CONVERT(datetime2, '2026-05-28 00:00:00', 120));
INSERT INTO [dbo].[EnrollmentLog] ([enrollment_id], [student_id], [course_id], [source_college_id], [target_college_id], [score], [origin], [status], [created_at], [updated_at]) VALUES (N'EA000008', N'S2024002', N'A004', N'A', N'A', 0, N'LOCAL', N'ENROLLED', CONVERT(datetime2, '2026-05-28 00:00:00', 120), CONVERT(datetime2, '2026-05-28 00:00:00', 120));
INSERT INTO [dbo].[EnrollmentLog] ([enrollment_id], [student_id], [course_id], [source_college_id], [target_college_id], [score], [origin], [status], [created_at], [updated_at]) VALUES (N'EA000009', N'S2024002', N'A005', N'A', N'A', 0, N'LOCAL', N'ENROLLED', CONVERT(datetime2, '2026-05-28 00:00:00', 120), CONVERT(datetime2, '2026-05-28 00:00:00', 120));
INSERT INTO [dbo].[EnrollmentLog] ([enrollment_id], [student_id], [course_id], [source_college_id], [target_college_id], [score], [origin], [status], [created_at], [updated_at]) VALUES (N'EA000010', N'S2024002', N'A006', N'A', N'A', 0, N'LOCAL', N'ENROLLED', CONVERT(datetime2, '2026-05-28 00:00:00', 120), CONVERT(datetime2, '2026-05-28 00:00:00', 120));
INSERT INTO [dbo].[EnrollmentLog] ([enrollment_id], [student_id], [course_id], [source_college_id], [target_college_id], [score], [origin], [status], [created_at], [updated_at]) VALUES (N'EA000011', N'S2024003', N'A003', N'A', N'A', 0, N'LOCAL', N'ENROLLED', CONVERT(datetime2, '2026-05-28 00:00:00', 120), CONVERT(datetime2, '2026-05-28 00:00:00', 120));
INSERT INTO [dbo].[EnrollmentLog] ([enrollment_id], [student_id], [course_id], [source_college_id], [target_college_id], [score], [origin], [status], [created_at], [updated_at]) VALUES (N'EA000012', N'S2024003', N'A004', N'A', N'A', 0, N'LOCAL', N'ENROLLED', CONVERT(datetime2, '2026-05-28 00:00:00', 120), CONVERT(datetime2, '2026-05-28 00:00:00', 120));
INSERT INTO [dbo].[EnrollmentLog] ([enrollment_id], [student_id], [course_id], [source_college_id], [target_college_id], [score], [origin], [status], [created_at], [updated_at]) VALUES (N'EA000013', N'S2024003', N'A005', N'A', N'A', 0, N'LOCAL', N'ENROLLED', CONVERT(datetime2, '2026-05-28 00:00:00', 120), CONVERT(datetime2, '2026-05-28 00:00:00', 120));
INSERT INTO [dbo].[EnrollmentLog] ([enrollment_id], [student_id], [course_id], [source_college_id], [target_college_id], [score], [origin], [status], [created_at], [updated_at]) VALUES (N'EA000014', N'S2024003', N'A006', N'A', N'A', 0, N'LOCAL', N'ENROLLED', CONVERT(datetime2, '2026-05-28 00:00:00', 120), CONVERT(datetime2, '2026-05-28 00:00:00', 120));
INSERT INTO [dbo].[EnrollmentLog] ([enrollment_id], [student_id], [course_id], [source_college_id], [target_college_id], [score], [origin], [status], [created_at], [updated_at]) VALUES (N'EA000015', N'S2024003', N'A007', N'A', N'A', 0, N'LOCAL', N'ENROLLED', CONVERT(datetime2, '2026-05-28 00:00:00', 120), CONVERT(datetime2, '2026-05-28 00:00:00', 120));
INSERT INTO [dbo].[EnrollmentLog] ([enrollment_id], [student_id], [course_id], [source_college_id], [target_college_id], [score], [origin], [status], [created_at], [updated_at]) VALUES (N'EA000016', N'S2024004', N'A004', N'A', N'A', 0, N'LOCAL', N'ENROLLED', CONVERT(datetime2, '2026-05-28 00:00:00', 120), CONVERT(datetime2, '2026-05-28 00:00:00', 120));
INSERT INTO [dbo].[EnrollmentLog] ([enrollment_id], [student_id], [course_id], [source_college_id], [target_college_id], [score], [origin], [status], [created_at], [updated_at]) VALUES (N'EA000017', N'S2024004', N'A005', N'A', N'A', 0, N'LOCAL', N'ENROLLED', CONVERT(datetime2, '2026-05-28 00:00:00', 120), CONVERT(datetime2, '2026-05-28 00:00:00', 120));
INSERT INTO [dbo].[EnrollmentLog] ([enrollment_id], [student_id], [course_id], [source_college_id], [target_college_id], [score], [origin], [status], [created_at], [updated_at]) VALUES (N'EA000018', N'S2024004', N'A006', N'A', N'A', 0, N'LOCAL', N'ENROLLED', CONVERT(datetime2, '2026-05-28 00:00:00', 120), CONVERT(datetime2, '2026-05-28 00:00:00', 120));
INSERT INTO [dbo].[EnrollmentLog] ([enrollment_id], [student_id], [course_id], [source_college_id], [target_college_id], [score], [origin], [status], [created_at], [updated_at]) VALUES (N'EA000019', N'S2024004', N'A007', N'A', N'A', 0, N'LOCAL', N'ENROLLED', CONVERT(datetime2, '2026-05-28 00:00:00', 120), CONVERT(datetime2, '2026-05-28 00:00:00', 120));
INSERT INTO [dbo].[EnrollmentLog] ([enrollment_id], [student_id], [course_id], [source_college_id], [target_college_id], [score], [origin], [status], [created_at], [updated_at]) VALUES (N'EA000020', N'S2024004', N'A008', N'A', N'A', 0, N'LOCAL', N'ENROLLED', CONVERT(datetime2, '2026-05-28 00:00:00', 120), CONVERT(datetime2, '2026-05-28 00:00:00', 120));
INSERT INTO [dbo].[EnrollmentLog] ([enrollment_id], [student_id], [course_id], [source_college_id], [target_college_id], [score], [origin], [status], [created_at], [updated_at]) VALUES (N'EA000021', N'S2024005', N'A005', N'A', N'A', 0, N'LOCAL', N'ENROLLED', CONVERT(datetime2, '2026-05-28 00:00:00', 120), CONVERT(datetime2, '2026-05-28 00:00:00', 120));
INSERT INTO [dbo].[EnrollmentLog] ([enrollment_id], [student_id], [course_id], [source_college_id], [target_college_id], [score], [origin], [status], [created_at], [updated_at]) VALUES (N'EA000022', N'S2024005', N'A006', N'A', N'A', 0, N'LOCAL', N'ENROLLED', CONVERT(datetime2, '2026-05-28 00:00:00', 120), CONVERT(datetime2, '2026-05-28 00:00:00', 120));
INSERT INTO [dbo].[EnrollmentLog] ([enrollment_id], [student_id], [course_id], [source_college_id], [target_college_id], [score], [origin], [status], [created_at], [updated_at]) VALUES (N'EA000023', N'S2024005', N'A007', N'A', N'A', 0, N'LOCAL', N'ENROLLED', CONVERT(datetime2, '2026-05-28 00:00:00', 120), CONVERT(datetime2, '2026-05-28 00:00:00', 120));
INSERT INTO [dbo].[EnrollmentLog] ([enrollment_id], [student_id], [course_id], [source_college_id], [target_college_id], [score], [origin], [status], [created_at], [updated_at]) VALUES (N'EA000024', N'S2024005', N'A008', N'A', N'A', 0, N'LOCAL', N'ENROLLED', CONVERT(datetime2, '2026-05-28 00:00:00', 120), CONVERT(datetime2, '2026-05-28 00:00:00', 120));
INSERT INTO [dbo].[EnrollmentLog] ([enrollment_id], [student_id], [course_id], [source_college_id], [target_college_id], [score], [origin], [status], [created_at], [updated_at]) VALUES (N'EA000025', N'S2024005', N'A009', N'A', N'A', 0, N'LOCAL', N'ENROLLED', CONVERT(datetime2, '2026-05-28 00:00:00', 120), CONVERT(datetime2, '2026-05-28 00:00:00', 120));
INSERT INTO [dbo].[EnrollmentLog] ([enrollment_id], [student_id], [course_id], [source_college_id], [target_college_id], [score], [origin], [status], [created_at], [updated_at]) VALUES (N'EA000026', N'S2024006', N'A006', N'A', N'A', 0, N'LOCAL', N'ENROLLED', CONVERT(datetime2, '2026-05-28 00:00:00', 120), CONVERT(datetime2, '2026-05-28 00:00:00', 120));
INSERT INTO [dbo].[EnrollmentLog] ([enrollment_id], [student_id], [course_id], [source_college_id], [target_college_id], [score], [origin], [status], [created_at], [updated_at]) VALUES (N'EA000027', N'S2024006', N'A007', N'A', N'A', 0, N'LOCAL', N'ENROLLED', CONVERT(datetime2, '2026-05-28 00:00:00', 120), CONVERT(datetime2, '2026-05-28 00:00:00', 120));
INSERT INTO [dbo].[EnrollmentLog] ([enrollment_id], [student_id], [course_id], [source_college_id], [target_college_id], [score], [origin], [status], [created_at], [updated_at]) VALUES (N'EA000028', N'S2024006', N'A008', N'A', N'A', 0, N'LOCAL', N'ENROLLED', CONVERT(datetime2, '2026-05-28 00:00:00', 120), CONVERT(datetime2, '2026-05-28 00:00:00', 120));
INSERT INTO [dbo].[EnrollmentLog] ([enrollment_id], [student_id], [course_id], [source_college_id], [target_college_id], [score], [origin], [status], [created_at], [updated_at]) VALUES (N'EA000029', N'S2024006', N'A009', N'A', N'A', 0, N'LOCAL', N'ENROLLED', CONVERT(datetime2, '2026-05-28 00:00:00', 120), CONVERT(datetime2, '2026-05-28 00:00:00', 120));
INSERT INTO [dbo].[EnrollmentLog] ([enrollment_id], [student_id], [course_id], [source_college_id], [target_college_id], [score], [origin], [status], [created_at], [updated_at]) VALUES (N'EA000030', N'S2024006', N'A010', N'A', N'A', 0, N'LOCAL', N'ENROLLED', CONVERT(datetime2, '2026-05-28 00:00:00', 120), CONVERT(datetime2, '2026-05-28 00:00:00', 120));
INSERT INTO [dbo].[EnrollmentLog] ([enrollment_id], [student_id], [course_id], [source_college_id], [target_college_id], [score], [origin], [status], [created_at], [updated_at]) VALUES (N'EA000031', N'S2024007', N'A007', N'A', N'A', 0, N'LOCAL', N'ENROLLED', CONVERT(datetime2, '2026-05-28 00:00:00', 120), CONVERT(datetime2, '2026-05-28 00:00:00', 120));
INSERT INTO [dbo].[EnrollmentLog] ([enrollment_id], [student_id], [course_id], [source_college_id], [target_college_id], [score], [origin], [status], [created_at], [updated_at]) VALUES (N'EA000032', N'S2024007', N'A008', N'A', N'A', 0, N'LOCAL', N'ENROLLED', CONVERT(datetime2, '2026-05-28 00:00:00', 120), CONVERT(datetime2, '2026-05-28 00:00:00', 120));
INSERT INTO [dbo].[EnrollmentLog] ([enrollment_id], [student_id], [course_id], [source_college_id], [target_college_id], [score], [origin], [status], [created_at], [updated_at]) VALUES (N'EA000033', N'S2024007', N'A009', N'A', N'A', 0, N'LOCAL', N'ENROLLED', CONVERT(datetime2, '2026-05-28 00:00:00', 120), CONVERT(datetime2, '2026-05-28 00:00:00', 120));
INSERT INTO [dbo].[EnrollmentLog] ([enrollment_id], [student_id], [course_id], [source_college_id], [target_college_id], [score], [origin], [status], [created_at], [updated_at]) VALUES (N'EA000034', N'S2024007', N'A010', N'A', N'A', 0, N'LOCAL', N'ENROLLED', CONVERT(datetime2, '2026-05-28 00:00:00', 120), CONVERT(datetime2, '2026-05-28 00:00:00', 120));
INSERT INTO [dbo].[EnrollmentLog] ([enrollment_id], [student_id], [course_id], [source_college_id], [target_college_id], [score], [origin], [status], [created_at], [updated_at]) VALUES (N'EA000035', N'S2024007', N'A001', N'A', N'A', 0, N'LOCAL', N'ENROLLED', CONVERT(datetime2, '2026-05-28 00:00:00', 120), CONVERT(datetime2, '2026-05-28 00:00:00', 120));
INSERT INTO [dbo].[EnrollmentLog] ([enrollment_id], [student_id], [course_id], [source_college_id], [target_college_id], [score], [origin], [status], [created_at], [updated_at]) VALUES (N'EA000036', N'S2024008', N'A008', N'A', N'A', 0, N'LOCAL', N'ENROLLED', CONVERT(datetime2, '2026-05-28 00:00:00', 120), CONVERT(datetime2, '2026-05-28 00:00:00', 120));
INSERT INTO [dbo].[EnrollmentLog] ([enrollment_id], [student_id], [course_id], [source_college_id], [target_college_id], [score], [origin], [status], [created_at], [updated_at]) VALUES (N'EA000037', N'S2024008', N'A009', N'A', N'A', 0, N'LOCAL', N'ENROLLED', CONVERT(datetime2, '2026-05-28 00:00:00', 120), CONVERT(datetime2, '2026-05-28 00:00:00', 120));
INSERT INTO [dbo].[EnrollmentLog] ([enrollment_id], [student_id], [course_id], [source_college_id], [target_college_id], [score], [origin], [status], [created_at], [updated_at]) VALUES (N'EA000038', N'S2024008', N'A010', N'A', N'A', 0, N'LOCAL', N'ENROLLED', CONVERT(datetime2, '2026-05-28 00:00:00', 120), CONVERT(datetime2, '2026-05-28 00:00:00', 120));
INSERT INTO [dbo].[EnrollmentLog] ([enrollment_id], [student_id], [course_id], [source_college_id], [target_college_id], [score], [origin], [status], [created_at], [updated_at]) VALUES (N'EA000039', N'S2024008', N'A001', N'A', N'A', 0, N'LOCAL', N'ENROLLED', CONVERT(datetime2, '2026-05-28 00:00:00', 120), CONVERT(datetime2, '2026-05-28 00:00:00', 120));
INSERT INTO [dbo].[EnrollmentLog] ([enrollment_id], [student_id], [course_id], [source_college_id], [target_college_id], [score], [origin], [status], [created_at], [updated_at]) VALUES (N'EA000040', N'S2024008', N'A002', N'A', N'A', 0, N'LOCAL', N'ENROLLED', CONVERT(datetime2, '2026-05-28 00:00:00', 120), CONVERT(datetime2, '2026-05-28 00:00:00', 120));
INSERT INTO [dbo].[EnrollmentLog] ([enrollment_id], [student_id], [course_id], [source_college_id], [target_college_id], [score], [origin], [status], [created_at], [updated_at]) VALUES (N'EA000041', N'S2024009', N'A009', N'A', N'A', 0, N'LOCAL', N'ENROLLED', CONVERT(datetime2, '2026-05-28 00:00:00', 120), CONVERT(datetime2, '2026-05-28 00:00:00', 120));
INSERT INTO [dbo].[EnrollmentLog] ([enrollment_id], [student_id], [course_id], [source_college_id], [target_college_id], [score], [origin], [status], [created_at], [updated_at]) VALUES (N'EA000042', N'S2024009', N'A010', N'A', N'A', 0, N'LOCAL', N'ENROLLED', CONVERT(datetime2, '2026-05-28 00:00:00', 120), CONVERT(datetime2, '2026-05-28 00:00:00', 120));
INSERT INTO [dbo].[EnrollmentLog] ([enrollment_id], [student_id], [course_id], [source_college_id], [target_college_id], [score], [origin], [status], [created_at], [updated_at]) VALUES (N'EA000043', N'S2024009', N'A001', N'A', N'A', 0, N'LOCAL', N'ENROLLED', CONVERT(datetime2, '2026-05-28 00:00:00', 120), CONVERT(datetime2, '2026-05-28 00:00:00', 120));
INSERT INTO [dbo].[EnrollmentLog] ([enrollment_id], [student_id], [course_id], [source_college_id], [target_college_id], [score], [origin], [status], [created_at], [updated_at]) VALUES (N'EA000044', N'S2024009', N'A002', N'A', N'A', 0, N'LOCAL', N'ENROLLED', CONVERT(datetime2, '2026-05-28 00:00:00', 120), CONVERT(datetime2, '2026-05-28 00:00:00', 120));
INSERT INTO [dbo].[EnrollmentLog] ([enrollment_id], [student_id], [course_id], [source_college_id], [target_college_id], [score], [origin], [status], [created_at], [updated_at]) VALUES (N'EA000045', N'S2024009', N'A003', N'A', N'A', 0, N'LOCAL', N'ENROLLED', CONVERT(datetime2, '2026-05-28 00:00:00', 120), CONVERT(datetime2, '2026-05-28 00:00:00', 120));
INSERT INTO [dbo].[EnrollmentLog] ([enrollment_id], [student_id], [course_id], [source_college_id], [target_college_id], [score], [origin], [status], [created_at], [updated_at]) VALUES (N'EA000046', N'S2024010', N'A010', N'A', N'A', 0, N'LOCAL', N'ENROLLED', CONVERT(datetime2, '2026-05-28 00:00:00', 120), CONVERT(datetime2, '2026-05-28 00:00:00', 120));
INSERT INTO [dbo].[EnrollmentLog] ([enrollment_id], [student_id], [course_id], [source_college_id], [target_college_id], [score], [origin], [status], [created_at], [updated_at]) VALUES (N'EA000047', N'S2024010', N'A001', N'A', N'A', 0, N'LOCAL', N'ENROLLED', CONVERT(datetime2, '2026-05-28 00:00:00', 120), CONVERT(datetime2, '2026-05-28 00:00:00', 120));
INSERT INTO [dbo].[EnrollmentLog] ([enrollment_id], [student_id], [course_id], [source_college_id], [target_college_id], [score], [origin], [status], [created_at], [updated_at]) VALUES (N'EA000048', N'S2024010', N'A002', N'A', N'A', 0, N'LOCAL', N'ENROLLED', CONVERT(datetime2, '2026-05-28 00:00:00', 120), CONVERT(datetime2, '2026-05-28 00:00:00', 120));
INSERT INTO [dbo].[EnrollmentLog] ([enrollment_id], [student_id], [course_id], [source_college_id], [target_college_id], [score], [origin], [status], [created_at], [updated_at]) VALUES (N'EA000049', N'S2024010', N'A003', N'A', N'A', 0, N'LOCAL', N'ENROLLED', CONVERT(datetime2, '2026-05-28 00:00:00', 120), CONVERT(datetime2, '2026-05-28 00:00:00', 120));
INSERT INTO [dbo].[EnrollmentLog] ([enrollment_id], [student_id], [course_id], [source_college_id], [target_college_id], [score], [origin], [status], [created_at], [updated_at]) VALUES (N'EA000050', N'S2024010', N'A004', N'A', N'A', 0, N'LOCAL', N'ENROLLED', CONVERT(datetime2, '2026-05-28 00:00:00', 120), CONVERT(datetime2, '2026-05-28 00:00:00', 120));
INSERT INTO [dbo].[EnrollmentLog] ([enrollment_id], [student_id], [course_id], [source_college_id], [target_college_id], [score], [origin], [status], [created_at], [updated_at]) VALUES (N'EA000051', N'S2024011', N'A001', N'A', N'A', 0, N'LOCAL', N'ENROLLED', CONVERT(datetime2, '2026-05-28 00:00:00', 120), CONVERT(datetime2, '2026-05-28 00:00:00', 120));
INSERT INTO [dbo].[EnrollmentLog] ([enrollment_id], [student_id], [course_id], [source_college_id], [target_college_id], [score], [origin], [status], [created_at], [updated_at]) VALUES (N'EA000052', N'S2024011', N'A002', N'A', N'A', 0, N'LOCAL', N'ENROLLED', CONVERT(datetime2, '2026-05-28 00:00:00', 120), CONVERT(datetime2, '2026-05-28 00:00:00', 120));
INSERT INTO [dbo].[EnrollmentLog] ([enrollment_id], [student_id], [course_id], [source_college_id], [target_college_id], [score], [origin], [status], [created_at], [updated_at]) VALUES (N'EA000053', N'S2024011', N'A003', N'A', N'A', 0, N'LOCAL', N'ENROLLED', CONVERT(datetime2, '2026-05-28 00:00:00', 120), CONVERT(datetime2, '2026-05-28 00:00:00', 120));
INSERT INTO [dbo].[EnrollmentLog] ([enrollment_id], [student_id], [course_id], [source_college_id], [target_college_id], [score], [origin], [status], [created_at], [updated_at]) VALUES (N'EA000054', N'S2024011', N'A004', N'A', N'A', 0, N'LOCAL', N'ENROLLED', CONVERT(datetime2, '2026-05-28 00:00:00', 120), CONVERT(datetime2, '2026-05-28 00:00:00', 120));
INSERT INTO [dbo].[EnrollmentLog] ([enrollment_id], [student_id], [course_id], [source_college_id], [target_college_id], [score], [origin], [status], [created_at], [updated_at]) VALUES (N'EA000055', N'S2024011', N'A005', N'A', N'A', 0, N'LOCAL', N'ENROLLED', CONVERT(datetime2, '2026-05-28 00:00:00', 120), CONVERT(datetime2, '2026-05-28 00:00:00', 120));
INSERT INTO [dbo].[EnrollmentLog] ([enrollment_id], [student_id], [course_id], [source_college_id], [target_college_id], [score], [origin], [status], [created_at], [updated_at]) VALUES (N'EA000056', N'S2024012', N'A002', N'A', N'A', 0, N'LOCAL', N'ENROLLED', CONVERT(datetime2, '2026-05-28 00:00:00', 120), CONVERT(datetime2, '2026-05-28 00:00:00', 120));
INSERT INTO [dbo].[EnrollmentLog] ([enrollment_id], [student_id], [course_id], [source_college_id], [target_college_id], [score], [origin], [status], [created_at], [updated_at]) VALUES (N'EA000057', N'S2024012', N'A003', N'A', N'A', 0, N'LOCAL', N'ENROLLED', CONVERT(datetime2, '2026-05-28 00:00:00', 120), CONVERT(datetime2, '2026-05-28 00:00:00', 120));
INSERT INTO [dbo].[EnrollmentLog] ([enrollment_id], [student_id], [course_id], [source_college_id], [target_college_id], [score], [origin], [status], [created_at], [updated_at]) VALUES (N'EA000058', N'S2024012', N'A004', N'A', N'A', 0, N'LOCAL', N'ENROLLED', CONVERT(datetime2, '2026-05-28 00:00:00', 120), CONVERT(datetime2, '2026-05-28 00:00:00', 120));
INSERT INTO [dbo].[EnrollmentLog] ([enrollment_id], [student_id], [course_id], [source_college_id], [target_college_id], [score], [origin], [status], [created_at], [updated_at]) VALUES (N'EA000059', N'S2024012', N'A005', N'A', N'A', 0, N'LOCAL', N'ENROLLED', CONVERT(datetime2, '2026-05-28 00:00:00', 120), CONVERT(datetime2, '2026-05-28 00:00:00', 120));
INSERT INTO [dbo].[EnrollmentLog] ([enrollment_id], [student_id], [course_id], [source_college_id], [target_college_id], [score], [origin], [status], [created_at], [updated_at]) VALUES (N'EA000060', N'S2024012', N'A006', N'A', N'A', 0, N'LOCAL', N'ENROLLED', CONVERT(datetime2, '2026-05-28 00:00:00', 120), CONVERT(datetime2, '2026-05-28 00:00:00', 120));
INSERT INTO [dbo].[EnrollmentLog] ([enrollment_id], [student_id], [course_id], [source_college_id], [target_college_id], [score], [origin], [status], [created_at], [updated_at]) VALUES (N'EA000061', N'S2024013', N'A003', N'A', N'A', 0, N'LOCAL', N'ENROLLED', CONVERT(datetime2, '2026-05-28 00:00:00', 120), CONVERT(datetime2, '2026-05-28 00:00:00', 120));
INSERT INTO [dbo].[EnrollmentLog] ([enrollment_id], [student_id], [course_id], [source_college_id], [target_college_id], [score], [origin], [status], [created_at], [updated_at]) VALUES (N'EA000062', N'S2024013', N'A004', N'A', N'A', 0, N'LOCAL', N'ENROLLED', CONVERT(datetime2, '2026-05-28 00:00:00', 120), CONVERT(datetime2, '2026-05-28 00:00:00', 120));
INSERT INTO [dbo].[EnrollmentLog] ([enrollment_id], [student_id], [course_id], [source_college_id], [target_college_id], [score], [origin], [status], [created_at], [updated_at]) VALUES (N'EA000063', N'S2024013', N'A005', N'A', N'A', 0, N'LOCAL', N'ENROLLED', CONVERT(datetime2, '2026-05-28 00:00:00', 120), CONVERT(datetime2, '2026-05-28 00:00:00', 120));
INSERT INTO [dbo].[EnrollmentLog] ([enrollment_id], [student_id], [course_id], [source_college_id], [target_college_id], [score], [origin], [status], [created_at], [updated_at]) VALUES (N'EA000064', N'S2024013', N'A006', N'A', N'A', 0, N'LOCAL', N'ENROLLED', CONVERT(datetime2, '2026-05-28 00:00:00', 120), CONVERT(datetime2, '2026-05-28 00:00:00', 120));
INSERT INTO [dbo].[EnrollmentLog] ([enrollment_id], [student_id], [course_id], [source_college_id], [target_college_id], [score], [origin], [status], [created_at], [updated_at]) VALUES (N'EA000065', N'S2024013', N'A007', N'A', N'A', 0, N'LOCAL', N'ENROLLED', CONVERT(datetime2, '2026-05-28 00:00:00', 120), CONVERT(datetime2, '2026-05-28 00:00:00', 120));
INSERT INTO [dbo].[EnrollmentLog] ([enrollment_id], [student_id], [course_id], [source_college_id], [target_college_id], [score], [origin], [status], [created_at], [updated_at]) VALUES (N'EA000066', N'S2024014', N'A004', N'A', N'A', 0, N'LOCAL', N'ENROLLED', CONVERT(datetime2, '2026-05-28 00:00:00', 120), CONVERT(datetime2, '2026-05-28 00:00:00', 120));
INSERT INTO [dbo].[EnrollmentLog] ([enrollment_id], [student_id], [course_id], [source_college_id], [target_college_id], [score], [origin], [status], [created_at], [updated_at]) VALUES (N'EA000067', N'S2024014', N'A005', N'A', N'A', 0, N'LOCAL', N'ENROLLED', CONVERT(datetime2, '2026-05-28 00:00:00', 120), CONVERT(datetime2, '2026-05-28 00:00:00', 120));
INSERT INTO [dbo].[EnrollmentLog] ([enrollment_id], [student_id], [course_id], [source_college_id], [target_college_id], [score], [origin], [status], [created_at], [updated_at]) VALUES (N'EA000068', N'S2024014', N'A006', N'A', N'A', 0, N'LOCAL', N'ENROLLED', CONVERT(datetime2, '2026-05-28 00:00:00', 120), CONVERT(datetime2, '2026-05-28 00:00:00', 120));
INSERT INTO [dbo].[EnrollmentLog] ([enrollment_id], [student_id], [course_id], [source_college_id], [target_college_id], [score], [origin], [status], [created_at], [updated_at]) VALUES (N'EA000069', N'S2024014', N'A007', N'A', N'A', 0, N'LOCAL', N'ENROLLED', CONVERT(datetime2, '2026-05-28 00:00:00', 120), CONVERT(datetime2, '2026-05-28 00:00:00', 120));
INSERT INTO [dbo].[EnrollmentLog] ([enrollment_id], [student_id], [course_id], [source_college_id], [target_college_id], [score], [origin], [status], [created_at], [updated_at]) VALUES (N'EA000070', N'S2024014', N'A008', N'A', N'A', 0, N'LOCAL', N'ENROLLED', CONVERT(datetime2, '2026-05-28 00:00:00', 120), CONVERT(datetime2, '2026-05-28 00:00:00', 120));
INSERT INTO [dbo].[EnrollmentLog] ([enrollment_id], [student_id], [course_id], [source_college_id], [target_college_id], [score], [origin], [status], [created_at], [updated_at]) VALUES (N'EA000071', N'S2024015', N'A005', N'A', N'A', 0, N'LOCAL', N'ENROLLED', CONVERT(datetime2, '2026-05-28 00:00:00', 120), CONVERT(datetime2, '2026-05-28 00:00:00', 120));
INSERT INTO [dbo].[EnrollmentLog] ([enrollment_id], [student_id], [course_id], [source_college_id], [target_college_id], [score], [origin], [status], [created_at], [updated_at]) VALUES (N'EA000072', N'S2024015', N'A006', N'A', N'A', 0, N'LOCAL', N'ENROLLED', CONVERT(datetime2, '2026-05-28 00:00:00', 120), CONVERT(datetime2, '2026-05-28 00:00:00', 120));
INSERT INTO [dbo].[EnrollmentLog] ([enrollment_id], [student_id], [course_id], [source_college_id], [target_college_id], [score], [origin], [status], [created_at], [updated_at]) VALUES (N'EA000073', N'S2024015', N'A007', N'A', N'A', 0, N'LOCAL', N'ENROLLED', CONVERT(datetime2, '2026-05-28 00:00:00', 120), CONVERT(datetime2, '2026-05-28 00:00:00', 120));
INSERT INTO [dbo].[EnrollmentLog] ([enrollment_id], [student_id], [course_id], [source_college_id], [target_college_id], [score], [origin], [status], [created_at], [updated_at]) VALUES (N'EA000074', N'S2024015', N'A008', N'A', N'A', 0, N'LOCAL', N'ENROLLED', CONVERT(datetime2, '2026-05-28 00:00:00', 120), CONVERT(datetime2, '2026-05-28 00:00:00', 120));
INSERT INTO [dbo].[EnrollmentLog] ([enrollment_id], [student_id], [course_id], [source_college_id], [target_college_id], [score], [origin], [status], [created_at], [updated_at]) VALUES (N'EA000075', N'S2024015', N'A009', N'A', N'A', 0, N'LOCAL', N'ENROLLED', CONVERT(datetime2, '2026-05-28 00:00:00', 120), CONVERT(datetime2, '2026-05-28 00:00:00', 120));
INSERT INTO [dbo].[EnrollmentLog] ([enrollment_id], [student_id], [course_id], [source_college_id], [target_college_id], [score], [origin], [status], [created_at], [updated_at]) VALUES (N'EA000076', N'S2024016', N'A006', N'A', N'A', 0, N'LOCAL', N'ENROLLED', CONVERT(datetime2, '2026-05-28 00:00:00', 120), CONVERT(datetime2, '2026-05-28 00:00:00', 120));
INSERT INTO [dbo].[EnrollmentLog] ([enrollment_id], [student_id], [course_id], [source_college_id], [target_college_id], [score], [origin], [status], [created_at], [updated_at]) VALUES (N'EA000077', N'S2024016', N'A007', N'A', N'A', 0, N'LOCAL', N'ENROLLED', CONVERT(datetime2, '2026-05-28 00:00:00', 120), CONVERT(datetime2, '2026-05-28 00:00:00', 120));
INSERT INTO [dbo].[EnrollmentLog] ([enrollment_id], [student_id], [course_id], [source_college_id], [target_college_id], [score], [origin], [status], [created_at], [updated_at]) VALUES (N'EA000078', N'S2024016', N'A008', N'A', N'A', 0, N'LOCAL', N'ENROLLED', CONVERT(datetime2, '2026-05-28 00:00:00', 120), CONVERT(datetime2, '2026-05-28 00:00:00', 120));
INSERT INTO [dbo].[EnrollmentLog] ([enrollment_id], [student_id], [course_id], [source_college_id], [target_college_id], [score], [origin], [status], [created_at], [updated_at]) VALUES (N'EA000079', N'S2024016', N'A009', N'A', N'A', 0, N'LOCAL', N'ENROLLED', CONVERT(datetime2, '2026-05-28 00:00:00', 120), CONVERT(datetime2, '2026-05-28 00:00:00', 120));
INSERT INTO [dbo].[EnrollmentLog] ([enrollment_id], [student_id], [course_id], [source_college_id], [target_college_id], [score], [origin], [status], [created_at], [updated_at]) VALUES (N'EA000080', N'S2024016', N'A010', N'A', N'A', 0, N'LOCAL', N'ENROLLED', CONVERT(datetime2, '2026-05-28 00:00:00', 120), CONVERT(datetime2, '2026-05-28 00:00:00', 120));
INSERT INTO [dbo].[EnrollmentLog] ([enrollment_id], [student_id], [course_id], [source_college_id], [target_college_id], [score], [origin], [status], [created_at], [updated_at]) VALUES (N'EA000081', N'S2024017', N'A007', N'A', N'A', 0, N'LOCAL', N'ENROLLED', CONVERT(datetime2, '2026-05-28 00:00:00', 120), CONVERT(datetime2, '2026-05-28 00:00:00', 120));
INSERT INTO [dbo].[EnrollmentLog] ([enrollment_id], [student_id], [course_id], [source_college_id], [target_college_id], [score], [origin], [status], [created_at], [updated_at]) VALUES (N'EA000082', N'S2024017', N'A008', N'A', N'A', 0, N'LOCAL', N'ENROLLED', CONVERT(datetime2, '2026-05-28 00:00:00', 120), CONVERT(datetime2, '2026-05-28 00:00:00', 120));
INSERT INTO [dbo].[EnrollmentLog] ([enrollment_id], [student_id], [course_id], [source_college_id], [target_college_id], [score], [origin], [status], [created_at], [updated_at]) VALUES (N'EA000083', N'S2024017', N'A009', N'A', N'A', 0, N'LOCAL', N'ENROLLED', CONVERT(datetime2, '2026-05-28 00:00:00', 120), CONVERT(datetime2, '2026-05-28 00:00:00', 120));
INSERT INTO [dbo].[EnrollmentLog] ([enrollment_id], [student_id], [course_id], [source_college_id], [target_college_id], [score], [origin], [status], [created_at], [updated_at]) VALUES (N'EA000084', N'S2024017', N'A010', N'A', N'A', 0, N'LOCAL', N'ENROLLED', CONVERT(datetime2, '2026-05-28 00:00:00', 120), CONVERT(datetime2, '2026-05-28 00:00:00', 120));
INSERT INTO [dbo].[EnrollmentLog] ([enrollment_id], [student_id], [course_id], [source_college_id], [target_college_id], [score], [origin], [status], [created_at], [updated_at]) VALUES (N'EA000085', N'S2024017', N'A001', N'A', N'A', 0, N'LOCAL', N'ENROLLED', CONVERT(datetime2, '2026-05-28 00:00:00', 120), CONVERT(datetime2, '2026-05-28 00:00:00', 120));
INSERT INTO [dbo].[EnrollmentLog] ([enrollment_id], [student_id], [course_id], [source_college_id], [target_college_id], [score], [origin], [status], [created_at], [updated_at]) VALUES (N'EA000086', N'S2024018', N'A008', N'A', N'A', 0, N'LOCAL', N'ENROLLED', CONVERT(datetime2, '2026-05-28 00:00:00', 120), CONVERT(datetime2, '2026-05-28 00:00:00', 120));
INSERT INTO [dbo].[EnrollmentLog] ([enrollment_id], [student_id], [course_id], [source_college_id], [target_college_id], [score], [origin], [status], [created_at], [updated_at]) VALUES (N'EA000087', N'S2024018', N'A009', N'A', N'A', 0, N'LOCAL', N'ENROLLED', CONVERT(datetime2, '2026-05-28 00:00:00', 120), CONVERT(datetime2, '2026-05-28 00:00:00', 120));
INSERT INTO [dbo].[EnrollmentLog] ([enrollment_id], [student_id], [course_id], [source_college_id], [target_college_id], [score], [origin], [status], [created_at], [updated_at]) VALUES (N'EA000088', N'S2024018', N'A010', N'A', N'A', 0, N'LOCAL', N'ENROLLED', CONVERT(datetime2, '2026-05-28 00:00:00', 120), CONVERT(datetime2, '2026-05-28 00:00:00', 120));
INSERT INTO [dbo].[EnrollmentLog] ([enrollment_id], [student_id], [course_id], [source_college_id], [target_college_id], [score], [origin], [status], [created_at], [updated_at]) VALUES (N'EA000089', N'S2024018', N'A001', N'A', N'A', 0, N'LOCAL', N'ENROLLED', CONVERT(datetime2, '2026-05-28 00:00:00', 120), CONVERT(datetime2, '2026-05-28 00:00:00', 120));
INSERT INTO [dbo].[EnrollmentLog] ([enrollment_id], [student_id], [course_id], [source_college_id], [target_college_id], [score], [origin], [status], [created_at], [updated_at]) VALUES (N'EA000090', N'S2024018', N'A002', N'A', N'A', 0, N'LOCAL', N'ENROLLED', CONVERT(datetime2, '2026-05-28 00:00:00', 120), CONVERT(datetime2, '2026-05-28 00:00:00', 120));
INSERT INTO [dbo].[EnrollmentLog] ([enrollment_id], [student_id], [course_id], [source_college_id], [target_college_id], [score], [origin], [status], [created_at], [updated_at]) VALUES (N'EA000091', N'S2024019', N'A009', N'A', N'A', 0, N'LOCAL', N'ENROLLED', CONVERT(datetime2, '2026-05-28 00:00:00', 120), CONVERT(datetime2, '2026-05-28 00:00:00', 120));
INSERT INTO [dbo].[EnrollmentLog] ([enrollment_id], [student_id], [course_id], [source_college_id], [target_college_id], [score], [origin], [status], [created_at], [updated_at]) VALUES (N'EA000092', N'S2024019', N'A010', N'A', N'A', 0, N'LOCAL', N'ENROLLED', CONVERT(datetime2, '2026-05-28 00:00:00', 120), CONVERT(datetime2, '2026-05-28 00:00:00', 120));
INSERT INTO [dbo].[EnrollmentLog] ([enrollment_id], [student_id], [course_id], [source_college_id], [target_college_id], [score], [origin], [status], [created_at], [updated_at]) VALUES (N'EA000093', N'S2024019', N'A001', N'A', N'A', 0, N'LOCAL', N'ENROLLED', CONVERT(datetime2, '2026-05-28 00:00:00', 120), CONVERT(datetime2, '2026-05-28 00:00:00', 120));
INSERT INTO [dbo].[EnrollmentLog] ([enrollment_id], [student_id], [course_id], [source_college_id], [target_college_id], [score], [origin], [status], [created_at], [updated_at]) VALUES (N'EA000094', N'S2024019', N'A002', N'A', N'A', 0, N'LOCAL', N'ENROLLED', CONVERT(datetime2, '2026-05-28 00:00:00', 120), CONVERT(datetime2, '2026-05-28 00:00:00', 120));
INSERT INTO [dbo].[EnrollmentLog] ([enrollment_id], [student_id], [course_id], [source_college_id], [target_college_id], [score], [origin], [status], [created_at], [updated_at]) VALUES (N'EA000095', N'S2024019', N'A003', N'A', N'A', 0, N'LOCAL', N'ENROLLED', CONVERT(datetime2, '2026-05-28 00:00:00', 120), CONVERT(datetime2, '2026-05-28 00:00:00', 120));
INSERT INTO [dbo].[EnrollmentLog] ([enrollment_id], [student_id], [course_id], [source_college_id], [target_college_id], [score], [origin], [status], [created_at], [updated_at]) VALUES (N'EA000096', N'S2024020', N'A010', N'A', N'A', 0, N'LOCAL', N'ENROLLED', CONVERT(datetime2, '2026-05-28 00:00:00', 120), CONVERT(datetime2, '2026-05-28 00:00:00', 120));
INSERT INTO [dbo].[EnrollmentLog] ([enrollment_id], [student_id], [course_id], [source_college_id], [target_college_id], [score], [origin], [status], [created_at], [updated_at]) VALUES (N'EA000097', N'S2024020', N'A001', N'A', N'A', 0, N'LOCAL', N'ENROLLED', CONVERT(datetime2, '2026-05-28 00:00:00', 120), CONVERT(datetime2, '2026-05-28 00:00:00', 120));
INSERT INTO [dbo].[EnrollmentLog] ([enrollment_id], [student_id], [course_id], [source_college_id], [target_college_id], [score], [origin], [status], [created_at], [updated_at]) VALUES (N'EA000098', N'S2024020', N'A002', N'A', N'A', 0, N'LOCAL', N'ENROLLED', CONVERT(datetime2, '2026-05-28 00:00:00', 120), CONVERT(datetime2, '2026-05-28 00:00:00', 120));
INSERT INTO [dbo].[EnrollmentLog] ([enrollment_id], [student_id], [course_id], [source_college_id], [target_college_id], [score], [origin], [status], [created_at], [updated_at]) VALUES (N'EA000099', N'S2024020', N'A003', N'A', N'A', 0, N'LOCAL', N'ENROLLED', CONVERT(datetime2, '2026-05-28 00:00:00', 120), CONVERT(datetime2, '2026-05-28 00:00:00', 120));
INSERT INTO [dbo].[EnrollmentLog] ([enrollment_id], [student_id], [course_id], [source_college_id], [target_college_id], [score], [origin], [status], [created_at], [updated_at]) VALUES (N'EA000100', N'S2024020', N'A004', N'A', N'A', 0, N'LOCAL', N'ENROLLED', CONVERT(datetime2, '2026-05-28 00:00:00', 120), CONVERT(datetime2, '2026-05-28 00:00:00', 120));
INSERT INTO [dbo].[EnrollmentLog] ([enrollment_id], [student_id], [course_id], [source_college_id], [target_college_id], [score], [origin], [status], [created_at], [updated_at]) VALUES (N'EA000101', N'S2024021', N'A001', N'A', N'A', 0, N'LOCAL', N'ENROLLED', CONVERT(datetime2, '2026-05-28 00:00:00', 120), CONVERT(datetime2, '2026-05-28 00:00:00', 120));
INSERT INTO [dbo].[EnrollmentLog] ([enrollment_id], [student_id], [course_id], [source_college_id], [target_college_id], [score], [origin], [status], [created_at], [updated_at]) VALUES (N'EA000102', N'S2024021', N'A002', N'A', N'A', 0, N'LOCAL', N'ENROLLED', CONVERT(datetime2, '2026-05-28 00:00:00', 120), CONVERT(datetime2, '2026-05-28 00:00:00', 120));
INSERT INTO [dbo].[EnrollmentLog] ([enrollment_id], [student_id], [course_id], [source_college_id], [target_college_id], [score], [origin], [status], [created_at], [updated_at]) VALUES (N'EA000103', N'S2024021', N'A003', N'A', N'A', 0, N'LOCAL', N'ENROLLED', CONVERT(datetime2, '2026-05-28 00:00:00', 120), CONVERT(datetime2, '2026-05-28 00:00:00', 120));
INSERT INTO [dbo].[EnrollmentLog] ([enrollment_id], [student_id], [course_id], [source_college_id], [target_college_id], [score], [origin], [status], [created_at], [updated_at]) VALUES (N'EA000104', N'S2024021', N'A004', N'A', N'A', 0, N'LOCAL', N'ENROLLED', CONVERT(datetime2, '2026-05-28 00:00:00', 120), CONVERT(datetime2, '2026-05-28 00:00:00', 120));
INSERT INTO [dbo].[EnrollmentLog] ([enrollment_id], [student_id], [course_id], [source_college_id], [target_college_id], [score], [origin], [status], [created_at], [updated_at]) VALUES (N'EA000105', N'S2024021', N'A005', N'A', N'A', 0, N'LOCAL', N'ENROLLED', CONVERT(datetime2, '2026-05-28 00:00:00', 120), CONVERT(datetime2, '2026-05-28 00:00:00', 120));
INSERT INTO [dbo].[EnrollmentLog] ([enrollment_id], [student_id], [course_id], [source_college_id], [target_college_id], [score], [origin], [status], [created_at], [updated_at]) VALUES (N'EA000106', N'S2024022', N'A002', N'A', N'A', 0, N'LOCAL', N'ENROLLED', CONVERT(datetime2, '2026-05-28 00:00:00', 120), CONVERT(datetime2, '2026-05-28 00:00:00', 120));
INSERT INTO [dbo].[EnrollmentLog] ([enrollment_id], [student_id], [course_id], [source_college_id], [target_college_id], [score], [origin], [status], [created_at], [updated_at]) VALUES (N'EA000107', N'S2024022', N'A003', N'A', N'A', 0, N'LOCAL', N'ENROLLED', CONVERT(datetime2, '2026-05-28 00:00:00', 120), CONVERT(datetime2, '2026-05-28 00:00:00', 120));
INSERT INTO [dbo].[EnrollmentLog] ([enrollment_id], [student_id], [course_id], [source_college_id], [target_college_id], [score], [origin], [status], [created_at], [updated_at]) VALUES (N'EA000108', N'S2024022', N'A004', N'A', N'A', 0, N'LOCAL', N'ENROLLED', CONVERT(datetime2, '2026-05-28 00:00:00', 120), CONVERT(datetime2, '2026-05-28 00:00:00', 120));
INSERT INTO [dbo].[EnrollmentLog] ([enrollment_id], [student_id], [course_id], [source_college_id], [target_college_id], [score], [origin], [status], [created_at], [updated_at]) VALUES (N'EA000109', N'S2024022', N'A005', N'A', N'A', 0, N'LOCAL', N'ENROLLED', CONVERT(datetime2, '2026-05-28 00:00:00', 120), CONVERT(datetime2, '2026-05-28 00:00:00', 120));
INSERT INTO [dbo].[EnrollmentLog] ([enrollment_id], [student_id], [course_id], [source_college_id], [target_college_id], [score], [origin], [status], [created_at], [updated_at]) VALUES (N'EA000110', N'S2024022', N'A006', N'A', N'A', 0, N'LOCAL', N'ENROLLED', CONVERT(datetime2, '2026-05-28 00:00:00', 120), CONVERT(datetime2, '2026-05-28 00:00:00', 120));
INSERT INTO [dbo].[EnrollmentLog] ([enrollment_id], [student_id], [course_id], [source_college_id], [target_college_id], [score], [origin], [status], [created_at], [updated_at]) VALUES (N'EA000111', N'S2024023', N'A003', N'A', N'A', 0, N'LOCAL', N'ENROLLED', CONVERT(datetime2, '2026-05-28 00:00:00', 120), CONVERT(datetime2, '2026-05-28 00:00:00', 120));
INSERT INTO [dbo].[EnrollmentLog] ([enrollment_id], [student_id], [course_id], [source_college_id], [target_college_id], [score], [origin], [status], [created_at], [updated_at]) VALUES (N'EA000112', N'S2024023', N'A004', N'A', N'A', 0, N'LOCAL', N'ENROLLED', CONVERT(datetime2, '2026-05-28 00:00:00', 120), CONVERT(datetime2, '2026-05-28 00:00:00', 120));
INSERT INTO [dbo].[EnrollmentLog] ([enrollment_id], [student_id], [course_id], [source_college_id], [target_college_id], [score], [origin], [status], [created_at], [updated_at]) VALUES (N'EA000113', N'S2024023', N'A005', N'A', N'A', 0, N'LOCAL', N'ENROLLED', CONVERT(datetime2, '2026-05-28 00:00:00', 120), CONVERT(datetime2, '2026-05-28 00:00:00', 120));
INSERT INTO [dbo].[EnrollmentLog] ([enrollment_id], [student_id], [course_id], [source_college_id], [target_college_id], [score], [origin], [status], [created_at], [updated_at]) VALUES (N'EA000114', N'S2024023', N'A006', N'A', N'A', 0, N'LOCAL', N'ENROLLED', CONVERT(datetime2, '2026-05-28 00:00:00', 120), CONVERT(datetime2, '2026-05-28 00:00:00', 120));
INSERT INTO [dbo].[EnrollmentLog] ([enrollment_id], [student_id], [course_id], [source_college_id], [target_college_id], [score], [origin], [status], [created_at], [updated_at]) VALUES (N'EA000115', N'S2024023', N'A007', N'A', N'A', 0, N'LOCAL', N'ENROLLED', CONVERT(datetime2, '2026-05-28 00:00:00', 120), CONVERT(datetime2, '2026-05-28 00:00:00', 120));
INSERT INTO [dbo].[EnrollmentLog] ([enrollment_id], [student_id], [course_id], [source_college_id], [target_college_id], [score], [origin], [status], [created_at], [updated_at]) VALUES (N'EA000116', N'S2024024', N'A004', N'A', N'A', 0, N'LOCAL', N'ENROLLED', CONVERT(datetime2, '2026-05-28 00:00:00', 120), CONVERT(datetime2, '2026-05-28 00:00:00', 120));
INSERT INTO [dbo].[EnrollmentLog] ([enrollment_id], [student_id], [course_id], [source_college_id], [target_college_id], [score], [origin], [status], [created_at], [updated_at]) VALUES (N'EA000117', N'S2024024', N'A005', N'A', N'A', 0, N'LOCAL', N'ENROLLED', CONVERT(datetime2, '2026-05-28 00:00:00', 120), CONVERT(datetime2, '2026-05-28 00:00:00', 120));
INSERT INTO [dbo].[EnrollmentLog] ([enrollment_id], [student_id], [course_id], [source_college_id], [target_college_id], [score], [origin], [status], [created_at], [updated_at]) VALUES (N'EA000118', N'S2024024', N'A006', N'A', N'A', 0, N'LOCAL', N'ENROLLED', CONVERT(datetime2, '2026-05-28 00:00:00', 120), CONVERT(datetime2, '2026-05-28 00:00:00', 120));
INSERT INTO [dbo].[EnrollmentLog] ([enrollment_id], [student_id], [course_id], [source_college_id], [target_college_id], [score], [origin], [status], [created_at], [updated_at]) VALUES (N'EA000119', N'S2024024', N'A007', N'A', N'A', 0, N'LOCAL', N'ENROLLED', CONVERT(datetime2, '2026-05-28 00:00:00', 120), CONVERT(datetime2, '2026-05-28 00:00:00', 120));
INSERT INTO [dbo].[EnrollmentLog] ([enrollment_id], [student_id], [course_id], [source_college_id], [target_college_id], [score], [origin], [status], [created_at], [updated_at]) VALUES (N'EA000120', N'S2024024', N'A008', N'A', N'A', 0, N'LOCAL', N'ENROLLED', CONVERT(datetime2, '2026-05-28 00:00:00', 120), CONVERT(datetime2, '2026-05-28 00:00:00', 120));
INSERT INTO [dbo].[EnrollmentLog] ([enrollment_id], [student_id], [course_id], [source_college_id], [target_college_id], [score], [origin], [status], [created_at], [updated_at]) VALUES (N'EA000121', N'S2024025', N'A005', N'A', N'A', 0, N'LOCAL', N'ENROLLED', CONVERT(datetime2, '2026-05-28 00:00:00', 120), CONVERT(datetime2, '2026-05-28 00:00:00', 120));
INSERT INTO [dbo].[EnrollmentLog] ([enrollment_id], [student_id], [course_id], [source_college_id], [target_college_id], [score], [origin], [status], [created_at], [updated_at]) VALUES (N'EA000122', N'S2024025', N'A006', N'A', N'A', 0, N'LOCAL', N'ENROLLED', CONVERT(datetime2, '2026-05-28 00:00:00', 120), CONVERT(datetime2, '2026-05-28 00:00:00', 120));
INSERT INTO [dbo].[EnrollmentLog] ([enrollment_id], [student_id], [course_id], [source_college_id], [target_college_id], [score], [origin], [status], [created_at], [updated_at]) VALUES (N'EA000123', N'S2024025', N'A007', N'A', N'A', 0, N'LOCAL', N'ENROLLED', CONVERT(datetime2, '2026-05-28 00:00:00', 120), CONVERT(datetime2, '2026-05-28 00:00:00', 120));
INSERT INTO [dbo].[EnrollmentLog] ([enrollment_id], [student_id], [course_id], [source_college_id], [target_college_id], [score], [origin], [status], [created_at], [updated_at]) VALUES (N'EA000124', N'S2024025', N'A008', N'A', N'A', 0, N'LOCAL', N'ENROLLED', CONVERT(datetime2, '2026-05-28 00:00:00', 120), CONVERT(datetime2, '2026-05-28 00:00:00', 120));
INSERT INTO [dbo].[EnrollmentLog] ([enrollment_id], [student_id], [course_id], [source_college_id], [target_college_id], [score], [origin], [status], [created_at], [updated_at]) VALUES (N'EA000125', N'S2024025', N'A009', N'A', N'A', 0, N'LOCAL', N'ENROLLED', CONVERT(datetime2, '2026-05-28 00:00:00', 120), CONVERT(datetime2, '2026-05-28 00:00:00', 120));
INSERT INTO [dbo].[EnrollmentLog] ([enrollment_id], [student_id], [course_id], [source_college_id], [target_college_id], [score], [origin], [status], [created_at], [updated_at]) VALUES (N'EA000126', N'S2024026', N'A006', N'A', N'A', 0, N'LOCAL', N'ENROLLED', CONVERT(datetime2, '2026-05-28 00:00:00', 120), CONVERT(datetime2, '2026-05-28 00:00:00', 120));
INSERT INTO [dbo].[EnrollmentLog] ([enrollment_id], [student_id], [course_id], [source_college_id], [target_college_id], [score], [origin], [status], [created_at], [updated_at]) VALUES (N'EA000127', N'S2024026', N'A007', N'A', N'A', 0, N'LOCAL', N'ENROLLED', CONVERT(datetime2, '2026-05-28 00:00:00', 120), CONVERT(datetime2, '2026-05-28 00:00:00', 120));
INSERT INTO [dbo].[EnrollmentLog] ([enrollment_id], [student_id], [course_id], [source_college_id], [target_college_id], [score], [origin], [status], [created_at], [updated_at]) VALUES (N'EA000128', N'S2024026', N'A008', N'A', N'A', 0, N'LOCAL', N'ENROLLED', CONVERT(datetime2, '2026-05-28 00:00:00', 120), CONVERT(datetime2, '2026-05-28 00:00:00', 120));
INSERT INTO [dbo].[EnrollmentLog] ([enrollment_id], [student_id], [course_id], [source_college_id], [target_college_id], [score], [origin], [status], [created_at], [updated_at]) VALUES (N'EA000129', N'S2024026', N'A009', N'A', N'A', 0, N'LOCAL', N'ENROLLED', CONVERT(datetime2, '2026-05-28 00:00:00', 120), CONVERT(datetime2, '2026-05-28 00:00:00', 120));
INSERT INTO [dbo].[EnrollmentLog] ([enrollment_id], [student_id], [course_id], [source_college_id], [target_college_id], [score], [origin], [status], [created_at], [updated_at]) VALUES (N'EA000130', N'S2024026', N'A010', N'A', N'A', 0, N'LOCAL', N'ENROLLED', CONVERT(datetime2, '2026-05-28 00:00:00', 120), CONVERT(datetime2, '2026-05-28 00:00:00', 120));
INSERT INTO [dbo].[EnrollmentLog] ([enrollment_id], [student_id], [course_id], [source_college_id], [target_college_id], [score], [origin], [status], [created_at], [updated_at]) VALUES (N'EA000131', N'S2024027', N'A007', N'A', N'A', 0, N'LOCAL', N'ENROLLED', CONVERT(datetime2, '2026-05-28 00:00:00', 120), CONVERT(datetime2, '2026-05-28 00:00:00', 120));
INSERT INTO [dbo].[EnrollmentLog] ([enrollment_id], [student_id], [course_id], [source_college_id], [target_college_id], [score], [origin], [status], [created_at], [updated_at]) VALUES (N'EA000132', N'S2024027', N'A008', N'A', N'A', 0, N'LOCAL', N'ENROLLED', CONVERT(datetime2, '2026-05-28 00:00:00', 120), CONVERT(datetime2, '2026-05-28 00:00:00', 120));
INSERT INTO [dbo].[EnrollmentLog] ([enrollment_id], [student_id], [course_id], [source_college_id], [target_college_id], [score], [origin], [status], [created_at], [updated_at]) VALUES (N'EA000133', N'S2024027', N'A009', N'A', N'A', 0, N'LOCAL', N'ENROLLED', CONVERT(datetime2, '2026-05-28 00:00:00', 120), CONVERT(datetime2, '2026-05-28 00:00:00', 120));
INSERT INTO [dbo].[EnrollmentLog] ([enrollment_id], [student_id], [course_id], [source_college_id], [target_college_id], [score], [origin], [status], [created_at], [updated_at]) VALUES (N'EA000134', N'S2024027', N'A010', N'A', N'A', 0, N'LOCAL', N'ENROLLED', CONVERT(datetime2, '2026-05-28 00:00:00', 120), CONVERT(datetime2, '2026-05-28 00:00:00', 120));
INSERT INTO [dbo].[EnrollmentLog] ([enrollment_id], [student_id], [course_id], [source_college_id], [target_college_id], [score], [origin], [status], [created_at], [updated_at]) VALUES (N'EA000135', N'S2024027', N'A001', N'A', N'A', 0, N'LOCAL', N'ENROLLED', CONVERT(datetime2, '2026-05-28 00:00:00', 120), CONVERT(datetime2, '2026-05-28 00:00:00', 120));
INSERT INTO [dbo].[EnrollmentLog] ([enrollment_id], [student_id], [course_id], [source_college_id], [target_college_id], [score], [origin], [status], [created_at], [updated_at]) VALUES (N'EA000136', N'S2024028', N'A008', N'A', N'A', 0, N'LOCAL', N'ENROLLED', CONVERT(datetime2, '2026-05-28 00:00:00', 120), CONVERT(datetime2, '2026-05-28 00:00:00', 120));
INSERT INTO [dbo].[EnrollmentLog] ([enrollment_id], [student_id], [course_id], [source_college_id], [target_college_id], [score], [origin], [status], [created_at], [updated_at]) VALUES (N'EA000137', N'S2024028', N'A009', N'A', N'A', 0, N'LOCAL', N'ENROLLED', CONVERT(datetime2, '2026-05-28 00:00:00', 120), CONVERT(datetime2, '2026-05-28 00:00:00', 120));
INSERT INTO [dbo].[EnrollmentLog] ([enrollment_id], [student_id], [course_id], [source_college_id], [target_college_id], [score], [origin], [status], [created_at], [updated_at]) VALUES (N'EA000138', N'S2024028', N'A010', N'A', N'A', 0, N'LOCAL', N'ENROLLED', CONVERT(datetime2, '2026-05-28 00:00:00', 120), CONVERT(datetime2, '2026-05-28 00:00:00', 120));
INSERT INTO [dbo].[EnrollmentLog] ([enrollment_id], [student_id], [course_id], [source_college_id], [target_college_id], [score], [origin], [status], [created_at], [updated_at]) VALUES (N'EA000139', N'S2024028', N'A001', N'A', N'A', 0, N'LOCAL', N'ENROLLED', CONVERT(datetime2, '2026-05-28 00:00:00', 120), CONVERT(datetime2, '2026-05-28 00:00:00', 120));
INSERT INTO [dbo].[EnrollmentLog] ([enrollment_id], [student_id], [course_id], [source_college_id], [target_college_id], [score], [origin], [status], [created_at], [updated_at]) VALUES (N'EA000140', N'S2024028', N'A002', N'A', N'A', 0, N'LOCAL', N'ENROLLED', CONVERT(datetime2, '2026-05-28 00:00:00', 120), CONVERT(datetime2, '2026-05-28 00:00:00', 120));
INSERT INTO [dbo].[EnrollmentLog] ([enrollment_id], [student_id], [course_id], [source_college_id], [target_college_id], [score], [origin], [status], [created_at], [updated_at]) VALUES (N'EA000141', N'S2024029', N'A009', N'A', N'A', 0, N'LOCAL', N'ENROLLED', CONVERT(datetime2, '2026-05-28 00:00:00', 120), CONVERT(datetime2, '2026-05-28 00:00:00', 120));
INSERT INTO [dbo].[EnrollmentLog] ([enrollment_id], [student_id], [course_id], [source_college_id], [target_college_id], [score], [origin], [status], [created_at], [updated_at]) VALUES (N'EA000142', N'S2024029', N'A010', N'A', N'A', 0, N'LOCAL', N'ENROLLED', CONVERT(datetime2, '2026-05-28 00:00:00', 120), CONVERT(datetime2, '2026-05-28 00:00:00', 120));
INSERT INTO [dbo].[EnrollmentLog] ([enrollment_id], [student_id], [course_id], [source_college_id], [target_college_id], [score], [origin], [status], [created_at], [updated_at]) VALUES (N'EA000143', N'S2024029', N'A001', N'A', N'A', 0, N'LOCAL', N'ENROLLED', CONVERT(datetime2, '2026-05-28 00:00:00', 120), CONVERT(datetime2, '2026-05-28 00:00:00', 120));
INSERT INTO [dbo].[EnrollmentLog] ([enrollment_id], [student_id], [course_id], [source_college_id], [target_college_id], [score], [origin], [status], [created_at], [updated_at]) VALUES (N'EA000144', N'S2024029', N'A002', N'A', N'A', 0, N'LOCAL', N'ENROLLED', CONVERT(datetime2, '2026-05-28 00:00:00', 120), CONVERT(datetime2, '2026-05-28 00:00:00', 120));
INSERT INTO [dbo].[EnrollmentLog] ([enrollment_id], [student_id], [course_id], [source_college_id], [target_college_id], [score], [origin], [status], [created_at], [updated_at]) VALUES (N'EA000145', N'S2024029', N'A003', N'A', N'A', 0, N'LOCAL', N'ENROLLED', CONVERT(datetime2, '2026-05-28 00:00:00', 120), CONVERT(datetime2, '2026-05-28 00:00:00', 120));
INSERT INTO [dbo].[EnrollmentLog] ([enrollment_id], [student_id], [course_id], [source_college_id], [target_college_id], [score], [origin], [status], [created_at], [updated_at]) VALUES (N'EA000146', N'S2024030', N'A010', N'A', N'A', 0, N'LOCAL', N'ENROLLED', CONVERT(datetime2, '2026-05-28 00:00:00', 120), CONVERT(datetime2, '2026-05-28 00:00:00', 120));
INSERT INTO [dbo].[EnrollmentLog] ([enrollment_id], [student_id], [course_id], [source_college_id], [target_college_id], [score], [origin], [status], [created_at], [updated_at]) VALUES (N'EA000147', N'S2024030', N'A001', N'A', N'A', 0, N'LOCAL', N'ENROLLED', CONVERT(datetime2, '2026-05-28 00:00:00', 120), CONVERT(datetime2, '2026-05-28 00:00:00', 120));
INSERT INTO [dbo].[EnrollmentLog] ([enrollment_id], [student_id], [course_id], [source_college_id], [target_college_id], [score], [origin], [status], [created_at], [updated_at]) VALUES (N'EA000148', N'S2024030', N'A002', N'A', N'A', 0, N'LOCAL', N'ENROLLED', CONVERT(datetime2, '2026-05-28 00:00:00', 120), CONVERT(datetime2, '2026-05-28 00:00:00', 120));
INSERT INTO [dbo].[EnrollmentLog] ([enrollment_id], [student_id], [course_id], [source_college_id], [target_college_id], [score], [origin], [status], [created_at], [updated_at]) VALUES (N'EA000149', N'S2024030', N'A003', N'A', N'A', 0, N'LOCAL', N'ENROLLED', CONVERT(datetime2, '2026-05-28 00:00:00', 120), CONVERT(datetime2, '2026-05-28 00:00:00', 120));
INSERT INTO [dbo].[EnrollmentLog] ([enrollment_id], [student_id], [course_id], [source_college_id], [target_college_id], [score], [origin], [status], [created_at], [updated_at]) VALUES (N'EA000150', N'S2024030', N'A004', N'A', N'A', 0, N'LOCAL', N'ENROLLED', CONVERT(datetime2, '2026-05-28 00:00:00', 120), CONVERT(datetime2, '2026-05-28 00:00:00', 120));
INSERT INTO [dbo].[EnrollmentLog] ([enrollment_id], [student_id], [course_id], [source_college_id], [target_college_id], [score], [origin], [status], [created_at], [updated_at]) VALUES (N'EA000151', N'S2024031', N'A001', N'A', N'A', 0, N'LOCAL', N'ENROLLED', CONVERT(datetime2, '2026-05-28 00:00:00', 120), CONVERT(datetime2, '2026-05-28 00:00:00', 120));
INSERT INTO [dbo].[EnrollmentLog] ([enrollment_id], [student_id], [course_id], [source_college_id], [target_college_id], [score], [origin], [status], [created_at], [updated_at]) VALUES (N'EA000152', N'S2024031', N'A002', N'A', N'A', 0, N'LOCAL', N'ENROLLED', CONVERT(datetime2, '2026-05-28 00:00:00', 120), CONVERT(datetime2, '2026-05-28 00:00:00', 120));
INSERT INTO [dbo].[EnrollmentLog] ([enrollment_id], [student_id], [course_id], [source_college_id], [target_college_id], [score], [origin], [status], [created_at], [updated_at]) VALUES (N'EA000153', N'S2024031', N'A003', N'A', N'A', 0, N'LOCAL', N'ENROLLED', CONVERT(datetime2, '2026-05-28 00:00:00', 120), CONVERT(datetime2, '2026-05-28 00:00:00', 120));
INSERT INTO [dbo].[EnrollmentLog] ([enrollment_id], [student_id], [course_id], [source_college_id], [target_college_id], [score], [origin], [status], [created_at], [updated_at]) VALUES (N'EA000154', N'S2024031', N'A004', N'A', N'A', 0, N'LOCAL', N'ENROLLED', CONVERT(datetime2, '2026-05-28 00:00:00', 120), CONVERT(datetime2, '2026-05-28 00:00:00', 120));
INSERT INTO [dbo].[EnrollmentLog] ([enrollment_id], [student_id], [course_id], [source_college_id], [target_college_id], [score], [origin], [status], [created_at], [updated_at]) VALUES (N'EA000155', N'S2024031', N'A005', N'A', N'A', 0, N'LOCAL', N'ENROLLED', CONVERT(datetime2, '2026-05-28 00:00:00', 120), CONVERT(datetime2, '2026-05-28 00:00:00', 120));
INSERT INTO [dbo].[EnrollmentLog] ([enrollment_id], [student_id], [course_id], [source_college_id], [target_college_id], [score], [origin], [status], [created_at], [updated_at]) VALUES (N'EA000156', N'S2024032', N'A002', N'A', N'A', 0, N'LOCAL', N'ENROLLED', CONVERT(datetime2, '2026-05-28 00:00:00', 120), CONVERT(datetime2, '2026-05-28 00:00:00', 120));
INSERT INTO [dbo].[EnrollmentLog] ([enrollment_id], [student_id], [course_id], [source_college_id], [target_college_id], [score], [origin], [status], [created_at], [updated_at]) VALUES (N'EA000157', N'S2024032', N'A003', N'A', N'A', 0, N'LOCAL', N'ENROLLED', CONVERT(datetime2, '2026-05-28 00:00:00', 120), CONVERT(datetime2, '2026-05-28 00:00:00', 120));
INSERT INTO [dbo].[EnrollmentLog] ([enrollment_id], [student_id], [course_id], [source_college_id], [target_college_id], [score], [origin], [status], [created_at], [updated_at]) VALUES (N'EA000158', N'S2024032', N'A004', N'A', N'A', 0, N'LOCAL', N'ENROLLED', CONVERT(datetime2, '2026-05-28 00:00:00', 120), CONVERT(datetime2, '2026-05-28 00:00:00', 120));
INSERT INTO [dbo].[EnrollmentLog] ([enrollment_id], [student_id], [course_id], [source_college_id], [target_college_id], [score], [origin], [status], [created_at], [updated_at]) VALUES (N'EA000159', N'S2024032', N'A005', N'A', N'A', 0, N'LOCAL', N'ENROLLED', CONVERT(datetime2, '2026-05-28 00:00:00', 120), CONVERT(datetime2, '2026-05-28 00:00:00', 120));
INSERT INTO [dbo].[EnrollmentLog] ([enrollment_id], [student_id], [course_id], [source_college_id], [target_college_id], [score], [origin], [status], [created_at], [updated_at]) VALUES (N'EA000160', N'S2024032', N'A006', N'A', N'A', 0, N'LOCAL', N'ENROLLED', CONVERT(datetime2, '2026-05-28 00:00:00', 120), CONVERT(datetime2, '2026-05-28 00:00:00', 120));
INSERT INTO [dbo].[EnrollmentLog] ([enrollment_id], [student_id], [course_id], [source_college_id], [target_college_id], [score], [origin], [status], [created_at], [updated_at]) VALUES (N'EA000161', N'S2024033', N'A003', N'A', N'A', 0, N'LOCAL', N'ENROLLED', CONVERT(datetime2, '2026-05-28 00:00:00', 120), CONVERT(datetime2, '2026-05-28 00:00:00', 120));
INSERT INTO [dbo].[EnrollmentLog] ([enrollment_id], [student_id], [course_id], [source_college_id], [target_college_id], [score], [origin], [status], [created_at], [updated_at]) VALUES (N'EA000162', N'S2024033', N'A004', N'A', N'A', 0, N'LOCAL', N'ENROLLED', CONVERT(datetime2, '2026-05-28 00:00:00', 120), CONVERT(datetime2, '2026-05-28 00:00:00', 120));
INSERT INTO [dbo].[EnrollmentLog] ([enrollment_id], [student_id], [course_id], [source_college_id], [target_college_id], [score], [origin], [status], [created_at], [updated_at]) VALUES (N'EA000163', N'S2024033', N'A005', N'A', N'A', 0, N'LOCAL', N'ENROLLED', CONVERT(datetime2, '2026-05-28 00:00:00', 120), CONVERT(datetime2, '2026-05-28 00:00:00', 120));
INSERT INTO [dbo].[EnrollmentLog] ([enrollment_id], [student_id], [course_id], [source_college_id], [target_college_id], [score], [origin], [status], [created_at], [updated_at]) VALUES (N'EA000164', N'S2024033', N'A006', N'A', N'A', 0, N'LOCAL', N'ENROLLED', CONVERT(datetime2, '2026-05-28 00:00:00', 120), CONVERT(datetime2, '2026-05-28 00:00:00', 120));
INSERT INTO [dbo].[EnrollmentLog] ([enrollment_id], [student_id], [course_id], [source_college_id], [target_college_id], [score], [origin], [status], [created_at], [updated_at]) VALUES (N'EA000165', N'S2024033', N'A007', N'A', N'A', 0, N'LOCAL', N'ENROLLED', CONVERT(datetime2, '2026-05-28 00:00:00', 120), CONVERT(datetime2, '2026-05-28 00:00:00', 120));
INSERT INTO [dbo].[EnrollmentLog] ([enrollment_id], [student_id], [course_id], [source_college_id], [target_college_id], [score], [origin], [status], [created_at], [updated_at]) VALUES (N'EA000166', N'S2024034', N'A004', N'A', N'A', 0, N'LOCAL', N'ENROLLED', CONVERT(datetime2, '2026-05-28 00:00:00', 120), CONVERT(datetime2, '2026-05-28 00:00:00', 120));
INSERT INTO [dbo].[EnrollmentLog] ([enrollment_id], [student_id], [course_id], [source_college_id], [target_college_id], [score], [origin], [status], [created_at], [updated_at]) VALUES (N'EA000167', N'S2024034', N'A005', N'A', N'A', 0, N'LOCAL', N'ENROLLED', CONVERT(datetime2, '2026-05-28 00:00:00', 120), CONVERT(datetime2, '2026-05-28 00:00:00', 120));
INSERT INTO [dbo].[EnrollmentLog] ([enrollment_id], [student_id], [course_id], [source_college_id], [target_college_id], [score], [origin], [status], [created_at], [updated_at]) VALUES (N'EA000168', N'S2024034', N'A006', N'A', N'A', 0, N'LOCAL', N'ENROLLED', CONVERT(datetime2, '2026-05-28 00:00:00', 120), CONVERT(datetime2, '2026-05-28 00:00:00', 120));
INSERT INTO [dbo].[EnrollmentLog] ([enrollment_id], [student_id], [course_id], [source_college_id], [target_college_id], [score], [origin], [status], [created_at], [updated_at]) VALUES (N'EA000169', N'S2024034', N'A007', N'A', N'A', 0, N'LOCAL', N'ENROLLED', CONVERT(datetime2, '2026-05-28 00:00:00', 120), CONVERT(datetime2, '2026-05-28 00:00:00', 120));
INSERT INTO [dbo].[EnrollmentLog] ([enrollment_id], [student_id], [course_id], [source_college_id], [target_college_id], [score], [origin], [status], [created_at], [updated_at]) VALUES (N'EA000170', N'S2024034', N'A008', N'A', N'A', 0, N'LOCAL', N'ENROLLED', CONVERT(datetime2, '2026-05-28 00:00:00', 120), CONVERT(datetime2, '2026-05-28 00:00:00', 120));
INSERT INTO [dbo].[EnrollmentLog] ([enrollment_id], [student_id], [course_id], [source_college_id], [target_college_id], [score], [origin], [status], [created_at], [updated_at]) VALUES (N'EA000171', N'S2024035', N'A005', N'A', N'A', 0, N'LOCAL', N'ENROLLED', CONVERT(datetime2, '2026-05-28 00:00:00', 120), CONVERT(datetime2, '2026-05-28 00:00:00', 120));
INSERT INTO [dbo].[EnrollmentLog] ([enrollment_id], [student_id], [course_id], [source_college_id], [target_college_id], [score], [origin], [status], [created_at], [updated_at]) VALUES (N'EA000172', N'S2024035', N'A006', N'A', N'A', 0, N'LOCAL', N'ENROLLED', CONVERT(datetime2, '2026-05-28 00:00:00', 120), CONVERT(datetime2, '2026-05-28 00:00:00', 120));
INSERT INTO [dbo].[EnrollmentLog] ([enrollment_id], [student_id], [course_id], [source_college_id], [target_college_id], [score], [origin], [status], [created_at], [updated_at]) VALUES (N'EA000173', N'S2024035', N'A007', N'A', N'A', 0, N'LOCAL', N'ENROLLED', CONVERT(datetime2, '2026-05-28 00:00:00', 120), CONVERT(datetime2, '2026-05-28 00:00:00', 120));
INSERT INTO [dbo].[EnrollmentLog] ([enrollment_id], [student_id], [course_id], [source_college_id], [target_college_id], [score], [origin], [status], [created_at], [updated_at]) VALUES (N'EA000174', N'S2024035', N'A008', N'A', N'A', 0, N'LOCAL', N'ENROLLED', CONVERT(datetime2, '2026-05-28 00:00:00', 120), CONVERT(datetime2, '2026-05-28 00:00:00', 120));
INSERT INTO [dbo].[EnrollmentLog] ([enrollment_id], [student_id], [course_id], [source_college_id], [target_college_id], [score], [origin], [status], [created_at], [updated_at]) VALUES (N'EA000175', N'S2024035', N'A009', N'A', N'A', 0, N'LOCAL', N'ENROLLED', CONVERT(datetime2, '2026-05-28 00:00:00', 120), CONVERT(datetime2, '2026-05-28 00:00:00', 120));
INSERT INTO [dbo].[EnrollmentLog] ([enrollment_id], [student_id], [course_id], [source_college_id], [target_college_id], [score], [origin], [status], [created_at], [updated_at]) VALUES (N'EA000176', N'S2024036', N'A006', N'A', N'A', 0, N'LOCAL', N'ENROLLED', CONVERT(datetime2, '2026-05-28 00:00:00', 120), CONVERT(datetime2, '2026-05-28 00:00:00', 120));
INSERT INTO [dbo].[EnrollmentLog] ([enrollment_id], [student_id], [course_id], [source_college_id], [target_college_id], [score], [origin], [status], [created_at], [updated_at]) VALUES (N'EA000177', N'S2024036', N'A007', N'A', N'A', 0, N'LOCAL', N'ENROLLED', CONVERT(datetime2, '2026-05-28 00:00:00', 120), CONVERT(datetime2, '2026-05-28 00:00:00', 120));
INSERT INTO [dbo].[EnrollmentLog] ([enrollment_id], [student_id], [course_id], [source_college_id], [target_college_id], [score], [origin], [status], [created_at], [updated_at]) VALUES (N'EA000178', N'S2024036', N'A008', N'A', N'A', 0, N'LOCAL', N'ENROLLED', CONVERT(datetime2, '2026-05-28 00:00:00', 120), CONVERT(datetime2, '2026-05-28 00:00:00', 120));
INSERT INTO [dbo].[EnrollmentLog] ([enrollment_id], [student_id], [course_id], [source_college_id], [target_college_id], [score], [origin], [status], [created_at], [updated_at]) VALUES (N'EA000179', N'S2024036', N'A009', N'A', N'A', 0, N'LOCAL', N'ENROLLED', CONVERT(datetime2, '2026-05-28 00:00:00', 120), CONVERT(datetime2, '2026-05-28 00:00:00', 120));
INSERT INTO [dbo].[EnrollmentLog] ([enrollment_id], [student_id], [course_id], [source_college_id], [target_college_id], [score], [origin], [status], [created_at], [updated_at]) VALUES (N'EA000180', N'S2024036', N'A010', N'A', N'A', 0, N'LOCAL', N'ENROLLED', CONVERT(datetime2, '2026-05-28 00:00:00', 120), CONVERT(datetime2, '2026-05-28 00:00:00', 120));
INSERT INTO [dbo].[EnrollmentLog] ([enrollment_id], [student_id], [course_id], [source_college_id], [target_college_id], [score], [origin], [status], [created_at], [updated_at]) VALUES (N'EA000181', N'S2024037', N'A007', N'A', N'A', 0, N'LOCAL', N'ENROLLED', CONVERT(datetime2, '2026-05-28 00:00:00', 120), CONVERT(datetime2, '2026-05-28 00:00:00', 120));
INSERT INTO [dbo].[EnrollmentLog] ([enrollment_id], [student_id], [course_id], [source_college_id], [target_college_id], [score], [origin], [status], [created_at], [updated_at]) VALUES (N'EA000182', N'S2024037', N'A008', N'A', N'A', 0, N'LOCAL', N'ENROLLED', CONVERT(datetime2, '2026-05-28 00:00:00', 120), CONVERT(datetime2, '2026-05-28 00:00:00', 120));
INSERT INTO [dbo].[EnrollmentLog] ([enrollment_id], [student_id], [course_id], [source_college_id], [target_college_id], [score], [origin], [status], [created_at], [updated_at]) VALUES (N'EA000183', N'S2024037', N'A009', N'A', N'A', 0, N'LOCAL', N'ENROLLED', CONVERT(datetime2, '2026-05-28 00:00:00', 120), CONVERT(datetime2, '2026-05-28 00:00:00', 120));
INSERT INTO [dbo].[EnrollmentLog] ([enrollment_id], [student_id], [course_id], [source_college_id], [target_college_id], [score], [origin], [status], [created_at], [updated_at]) VALUES (N'EA000184', N'S2024037', N'A010', N'A', N'A', 0, N'LOCAL', N'ENROLLED', CONVERT(datetime2, '2026-05-28 00:00:00', 120), CONVERT(datetime2, '2026-05-28 00:00:00', 120));
INSERT INTO [dbo].[EnrollmentLog] ([enrollment_id], [student_id], [course_id], [source_college_id], [target_college_id], [score], [origin], [status], [created_at], [updated_at]) VALUES (N'EA000185', N'S2024037', N'A001', N'A', N'A', 0, N'LOCAL', N'ENROLLED', CONVERT(datetime2, '2026-05-28 00:00:00', 120), CONVERT(datetime2, '2026-05-28 00:00:00', 120));
INSERT INTO [dbo].[EnrollmentLog] ([enrollment_id], [student_id], [course_id], [source_college_id], [target_college_id], [score], [origin], [status], [created_at], [updated_at]) VALUES (N'EA000186', N'S2024038', N'A008', N'A', N'A', 0, N'LOCAL', N'ENROLLED', CONVERT(datetime2, '2026-05-28 00:00:00', 120), CONVERT(datetime2, '2026-05-28 00:00:00', 120));
INSERT INTO [dbo].[EnrollmentLog] ([enrollment_id], [student_id], [course_id], [source_college_id], [target_college_id], [score], [origin], [status], [created_at], [updated_at]) VALUES (N'EA000187', N'S2024038', N'A009', N'A', N'A', 0, N'LOCAL', N'ENROLLED', CONVERT(datetime2, '2026-05-28 00:00:00', 120), CONVERT(datetime2, '2026-05-28 00:00:00', 120));
INSERT INTO [dbo].[EnrollmentLog] ([enrollment_id], [student_id], [course_id], [source_college_id], [target_college_id], [score], [origin], [status], [created_at], [updated_at]) VALUES (N'EA000188', N'S2024038', N'A010', N'A', N'A', 0, N'LOCAL', N'ENROLLED', CONVERT(datetime2, '2026-05-28 00:00:00', 120), CONVERT(datetime2, '2026-05-28 00:00:00', 120));
INSERT INTO [dbo].[EnrollmentLog] ([enrollment_id], [student_id], [course_id], [source_college_id], [target_college_id], [score], [origin], [status], [created_at], [updated_at]) VALUES (N'EA000189', N'S2024038', N'A001', N'A', N'A', 0, N'LOCAL', N'ENROLLED', CONVERT(datetime2, '2026-05-28 00:00:00', 120), CONVERT(datetime2, '2026-05-28 00:00:00', 120));
INSERT INTO [dbo].[EnrollmentLog] ([enrollment_id], [student_id], [course_id], [source_college_id], [target_college_id], [score], [origin], [status], [created_at], [updated_at]) VALUES (N'EA000190', N'S2024038', N'A002', N'A', N'A', 0, N'LOCAL', N'ENROLLED', CONVERT(datetime2, '2026-05-28 00:00:00', 120), CONVERT(datetime2, '2026-05-28 00:00:00', 120));
INSERT INTO [dbo].[EnrollmentLog] ([enrollment_id], [student_id], [course_id], [source_college_id], [target_college_id], [score], [origin], [status], [created_at], [updated_at]) VALUES (N'EA000191', N'S2024039', N'A009', N'A', N'A', 0, N'LOCAL', N'ENROLLED', CONVERT(datetime2, '2026-05-28 00:00:00', 120), CONVERT(datetime2, '2026-05-28 00:00:00', 120));
INSERT INTO [dbo].[EnrollmentLog] ([enrollment_id], [student_id], [course_id], [source_college_id], [target_college_id], [score], [origin], [status], [created_at], [updated_at]) VALUES (N'EA000192', N'S2024039', N'A010', N'A', N'A', 0, N'LOCAL', N'ENROLLED', CONVERT(datetime2, '2026-05-28 00:00:00', 120), CONVERT(datetime2, '2026-05-28 00:00:00', 120));
INSERT INTO [dbo].[EnrollmentLog] ([enrollment_id], [student_id], [course_id], [source_college_id], [target_college_id], [score], [origin], [status], [created_at], [updated_at]) VALUES (N'EA000193', N'S2024039', N'A001', N'A', N'A', 0, N'LOCAL', N'ENROLLED', CONVERT(datetime2, '2026-05-28 00:00:00', 120), CONVERT(datetime2, '2026-05-28 00:00:00', 120));
INSERT INTO [dbo].[EnrollmentLog] ([enrollment_id], [student_id], [course_id], [source_college_id], [target_college_id], [score], [origin], [status], [created_at], [updated_at]) VALUES (N'EA000194', N'S2024039', N'A002', N'A', N'A', 0, N'LOCAL', N'ENROLLED', CONVERT(datetime2, '2026-05-28 00:00:00', 120), CONVERT(datetime2, '2026-05-28 00:00:00', 120));
INSERT INTO [dbo].[EnrollmentLog] ([enrollment_id], [student_id], [course_id], [source_college_id], [target_college_id], [score], [origin], [status], [created_at], [updated_at]) VALUES (N'EA000195', N'S2024039', N'A003', N'A', N'A', 0, N'LOCAL', N'ENROLLED', CONVERT(datetime2, '2026-05-28 00:00:00', 120), CONVERT(datetime2, '2026-05-28 00:00:00', 120));
INSERT INTO [dbo].[EnrollmentLog] ([enrollment_id], [student_id], [course_id], [source_college_id], [target_college_id], [score], [origin], [status], [created_at], [updated_at]) VALUES (N'EA000196', N'S2024040', N'A010', N'A', N'A', 0, N'LOCAL', N'ENROLLED', CONVERT(datetime2, '2026-05-28 00:00:00', 120), CONVERT(datetime2, '2026-05-28 00:00:00', 120));
INSERT INTO [dbo].[EnrollmentLog] ([enrollment_id], [student_id], [course_id], [source_college_id], [target_college_id], [score], [origin], [status], [created_at], [updated_at]) VALUES (N'EA000197', N'S2024040', N'A001', N'A', N'A', 0, N'LOCAL', N'ENROLLED', CONVERT(datetime2, '2026-05-28 00:00:00', 120), CONVERT(datetime2, '2026-05-28 00:00:00', 120));
INSERT INTO [dbo].[EnrollmentLog] ([enrollment_id], [student_id], [course_id], [source_college_id], [target_college_id], [score], [origin], [status], [created_at], [updated_at]) VALUES (N'EA000198', N'S2024040', N'A002', N'A', N'A', 0, N'LOCAL', N'ENROLLED', CONVERT(datetime2, '2026-05-28 00:00:00', 120), CONVERT(datetime2, '2026-05-28 00:00:00', 120));
INSERT INTO [dbo].[EnrollmentLog] ([enrollment_id], [student_id], [course_id], [source_college_id], [target_college_id], [score], [origin], [status], [created_at], [updated_at]) VALUES (N'EA000199', N'S2024040', N'A003', N'A', N'A', 0, N'LOCAL', N'ENROLLED', CONVERT(datetime2, '2026-05-28 00:00:00', 120), CONVERT(datetime2, '2026-05-28 00:00:00', 120));
INSERT INTO [dbo].[EnrollmentLog] ([enrollment_id], [student_id], [course_id], [source_college_id], [target_college_id], [score], [origin], [status], [created_at], [updated_at]) VALUES (N'EA000200', N'S2024040', N'A004', N'A', N'A', 0, N'LOCAL', N'ENROLLED', CONVERT(datetime2, '2026-05-28 00:00:00', 120), CONVERT(datetime2, '2026-05-28 00:00:00', 120));
INSERT INTO [dbo].[EnrollmentLog] ([enrollment_id], [student_id], [course_id], [source_college_id], [target_college_id], [score], [origin], [status], [created_at], [updated_at]) VALUES (N'EA000201', N'S2024041', N'A001', N'A', N'A', 0, N'LOCAL', N'ENROLLED', CONVERT(datetime2, '2026-05-28 00:00:00', 120), CONVERT(datetime2, '2026-05-28 00:00:00', 120));
INSERT INTO [dbo].[EnrollmentLog] ([enrollment_id], [student_id], [course_id], [source_college_id], [target_college_id], [score], [origin], [status], [created_at], [updated_at]) VALUES (N'EA000202', N'S2024041', N'A002', N'A', N'A', 0, N'LOCAL', N'ENROLLED', CONVERT(datetime2, '2026-05-28 00:00:00', 120), CONVERT(datetime2, '2026-05-28 00:00:00', 120));
INSERT INTO [dbo].[EnrollmentLog] ([enrollment_id], [student_id], [course_id], [source_college_id], [target_college_id], [score], [origin], [status], [created_at], [updated_at]) VALUES (N'EA000203', N'S2024041', N'A003', N'A', N'A', 0, N'LOCAL', N'ENROLLED', CONVERT(datetime2, '2026-05-28 00:00:00', 120), CONVERT(datetime2, '2026-05-28 00:00:00', 120));
INSERT INTO [dbo].[EnrollmentLog] ([enrollment_id], [student_id], [course_id], [source_college_id], [target_college_id], [score], [origin], [status], [created_at], [updated_at]) VALUES (N'EA000204', N'S2024041', N'A004', N'A', N'A', 0, N'LOCAL', N'ENROLLED', CONVERT(datetime2, '2026-05-28 00:00:00', 120), CONVERT(datetime2, '2026-05-28 00:00:00', 120));
INSERT INTO [dbo].[EnrollmentLog] ([enrollment_id], [student_id], [course_id], [source_college_id], [target_college_id], [score], [origin], [status], [created_at], [updated_at]) VALUES (N'EA000205', N'S2024041', N'A005', N'A', N'A', 0, N'LOCAL', N'ENROLLED', CONVERT(datetime2, '2026-05-28 00:00:00', 120), CONVERT(datetime2, '2026-05-28 00:00:00', 120));
INSERT INTO [dbo].[EnrollmentLog] ([enrollment_id], [student_id], [course_id], [source_college_id], [target_college_id], [score], [origin], [status], [created_at], [updated_at]) VALUES (N'EA000206', N'S2024042', N'A002', N'A', N'A', 0, N'LOCAL', N'ENROLLED', CONVERT(datetime2, '2026-05-28 00:00:00', 120), CONVERT(datetime2, '2026-05-28 00:00:00', 120));
INSERT INTO [dbo].[EnrollmentLog] ([enrollment_id], [student_id], [course_id], [source_college_id], [target_college_id], [score], [origin], [status], [created_at], [updated_at]) VALUES (N'EA000207', N'S2024042', N'A003', N'A', N'A', 0, N'LOCAL', N'ENROLLED', CONVERT(datetime2, '2026-05-28 00:00:00', 120), CONVERT(datetime2, '2026-05-28 00:00:00', 120));
INSERT INTO [dbo].[EnrollmentLog] ([enrollment_id], [student_id], [course_id], [source_college_id], [target_college_id], [score], [origin], [status], [created_at], [updated_at]) VALUES (N'EA000208', N'S2024042', N'A004', N'A', N'A', 0, N'LOCAL', N'ENROLLED', CONVERT(datetime2, '2026-05-28 00:00:00', 120), CONVERT(datetime2, '2026-05-28 00:00:00', 120));
INSERT INTO [dbo].[EnrollmentLog] ([enrollment_id], [student_id], [course_id], [source_college_id], [target_college_id], [score], [origin], [status], [created_at], [updated_at]) VALUES (N'EA000209', N'S2024042', N'A005', N'A', N'A', 0, N'LOCAL', N'ENROLLED', CONVERT(datetime2, '2026-05-28 00:00:00', 120), CONVERT(datetime2, '2026-05-28 00:00:00', 120));
INSERT INTO [dbo].[EnrollmentLog] ([enrollment_id], [student_id], [course_id], [source_college_id], [target_college_id], [score], [origin], [status], [created_at], [updated_at]) VALUES (N'EA000210', N'S2024042', N'A006', N'A', N'A', 0, N'LOCAL', N'ENROLLED', CONVERT(datetime2, '2026-05-28 00:00:00', 120), CONVERT(datetime2, '2026-05-28 00:00:00', 120));
INSERT INTO [dbo].[EnrollmentLog] ([enrollment_id], [student_id], [course_id], [source_college_id], [target_college_id], [score], [origin], [status], [created_at], [updated_at]) VALUES (N'EA000211', N'S2024043', N'A003', N'A', N'A', 0, N'LOCAL', N'ENROLLED', CONVERT(datetime2, '2026-05-28 00:00:00', 120), CONVERT(datetime2, '2026-05-28 00:00:00', 120));
INSERT INTO [dbo].[EnrollmentLog] ([enrollment_id], [student_id], [course_id], [source_college_id], [target_college_id], [score], [origin], [status], [created_at], [updated_at]) VALUES (N'EA000212', N'S2024043', N'A004', N'A', N'A', 0, N'LOCAL', N'ENROLLED', CONVERT(datetime2, '2026-05-28 00:00:00', 120), CONVERT(datetime2, '2026-05-28 00:00:00', 120));
INSERT INTO [dbo].[EnrollmentLog] ([enrollment_id], [student_id], [course_id], [source_college_id], [target_college_id], [score], [origin], [status], [created_at], [updated_at]) VALUES (N'EA000213', N'S2024043', N'A005', N'A', N'A', 0, N'LOCAL', N'ENROLLED', CONVERT(datetime2, '2026-05-28 00:00:00', 120), CONVERT(datetime2, '2026-05-28 00:00:00', 120));
INSERT INTO [dbo].[EnrollmentLog] ([enrollment_id], [student_id], [course_id], [source_college_id], [target_college_id], [score], [origin], [status], [created_at], [updated_at]) VALUES (N'EA000214', N'S2024043', N'A006', N'A', N'A', 0, N'LOCAL', N'ENROLLED', CONVERT(datetime2, '2026-05-28 00:00:00', 120), CONVERT(datetime2, '2026-05-28 00:00:00', 120));
INSERT INTO [dbo].[EnrollmentLog] ([enrollment_id], [student_id], [course_id], [source_college_id], [target_college_id], [score], [origin], [status], [created_at], [updated_at]) VALUES (N'EA000215', N'S2024043', N'A007', N'A', N'A', 0, N'LOCAL', N'ENROLLED', CONVERT(datetime2, '2026-05-28 00:00:00', 120), CONVERT(datetime2, '2026-05-28 00:00:00', 120));
INSERT INTO [dbo].[EnrollmentLog] ([enrollment_id], [student_id], [course_id], [source_college_id], [target_college_id], [score], [origin], [status], [created_at], [updated_at]) VALUES (N'EA000216', N'S2024044', N'A004', N'A', N'A', 0, N'LOCAL', N'ENROLLED', CONVERT(datetime2, '2026-05-28 00:00:00', 120), CONVERT(datetime2, '2026-05-28 00:00:00', 120));
INSERT INTO [dbo].[EnrollmentLog] ([enrollment_id], [student_id], [course_id], [source_college_id], [target_college_id], [score], [origin], [status], [created_at], [updated_at]) VALUES (N'EA000217', N'S2024044', N'A005', N'A', N'A', 0, N'LOCAL', N'ENROLLED', CONVERT(datetime2, '2026-05-28 00:00:00', 120), CONVERT(datetime2, '2026-05-28 00:00:00', 120));
INSERT INTO [dbo].[EnrollmentLog] ([enrollment_id], [student_id], [course_id], [source_college_id], [target_college_id], [score], [origin], [status], [created_at], [updated_at]) VALUES (N'EA000218', N'S2024044', N'A006', N'A', N'A', 0, N'LOCAL', N'ENROLLED', CONVERT(datetime2, '2026-05-28 00:00:00', 120), CONVERT(datetime2, '2026-05-28 00:00:00', 120));
INSERT INTO [dbo].[EnrollmentLog] ([enrollment_id], [student_id], [course_id], [source_college_id], [target_college_id], [score], [origin], [status], [created_at], [updated_at]) VALUES (N'EA000219', N'S2024044', N'A007', N'A', N'A', 0, N'LOCAL', N'ENROLLED', CONVERT(datetime2, '2026-05-28 00:00:00', 120), CONVERT(datetime2, '2026-05-28 00:00:00', 120));
INSERT INTO [dbo].[EnrollmentLog] ([enrollment_id], [student_id], [course_id], [source_college_id], [target_college_id], [score], [origin], [status], [created_at], [updated_at]) VALUES (N'EA000220', N'S2024044', N'A008', N'A', N'A', 0, N'LOCAL', N'ENROLLED', CONVERT(datetime2, '2026-05-28 00:00:00', 120), CONVERT(datetime2, '2026-05-28 00:00:00', 120));
INSERT INTO [dbo].[EnrollmentLog] ([enrollment_id], [student_id], [course_id], [source_college_id], [target_college_id], [score], [origin], [status], [created_at], [updated_at]) VALUES (N'EA000221', N'S2024045', N'A005', N'A', N'A', 0, N'LOCAL', N'ENROLLED', CONVERT(datetime2, '2026-05-28 00:00:00', 120), CONVERT(datetime2, '2026-05-28 00:00:00', 120));
INSERT INTO [dbo].[EnrollmentLog] ([enrollment_id], [student_id], [course_id], [source_college_id], [target_college_id], [score], [origin], [status], [created_at], [updated_at]) VALUES (N'EA000222', N'S2024045', N'A006', N'A', N'A', 0, N'LOCAL', N'ENROLLED', CONVERT(datetime2, '2026-05-28 00:00:00', 120), CONVERT(datetime2, '2026-05-28 00:00:00', 120));
INSERT INTO [dbo].[EnrollmentLog] ([enrollment_id], [student_id], [course_id], [source_college_id], [target_college_id], [score], [origin], [status], [created_at], [updated_at]) VALUES (N'EA000223', N'S2024045', N'A007', N'A', N'A', 0, N'LOCAL', N'ENROLLED', CONVERT(datetime2, '2026-05-28 00:00:00', 120), CONVERT(datetime2, '2026-05-28 00:00:00', 120));
INSERT INTO [dbo].[EnrollmentLog] ([enrollment_id], [student_id], [course_id], [source_college_id], [target_college_id], [score], [origin], [status], [created_at], [updated_at]) VALUES (N'EA000224', N'S2024045', N'A008', N'A', N'A', 0, N'LOCAL', N'ENROLLED', CONVERT(datetime2, '2026-05-28 00:00:00', 120), CONVERT(datetime2, '2026-05-28 00:00:00', 120));
INSERT INTO [dbo].[EnrollmentLog] ([enrollment_id], [student_id], [course_id], [source_college_id], [target_college_id], [score], [origin], [status], [created_at], [updated_at]) VALUES (N'EA000225', N'S2024045', N'A009', N'A', N'A', 0, N'LOCAL', N'ENROLLED', CONVERT(datetime2, '2026-05-28 00:00:00', 120), CONVERT(datetime2, '2026-05-28 00:00:00', 120));
INSERT INTO [dbo].[EnrollmentLog] ([enrollment_id], [student_id], [course_id], [source_college_id], [target_college_id], [score], [origin], [status], [created_at], [updated_at]) VALUES (N'EA000226', N'S2024046', N'A006', N'A', N'A', 0, N'LOCAL', N'ENROLLED', CONVERT(datetime2, '2026-05-28 00:00:00', 120), CONVERT(datetime2, '2026-05-28 00:00:00', 120));
INSERT INTO [dbo].[EnrollmentLog] ([enrollment_id], [student_id], [course_id], [source_college_id], [target_college_id], [score], [origin], [status], [created_at], [updated_at]) VALUES (N'EA000227', N'S2024046', N'A007', N'A', N'A', 0, N'LOCAL', N'ENROLLED', CONVERT(datetime2, '2026-05-28 00:00:00', 120), CONVERT(datetime2, '2026-05-28 00:00:00', 120));
INSERT INTO [dbo].[EnrollmentLog] ([enrollment_id], [student_id], [course_id], [source_college_id], [target_college_id], [score], [origin], [status], [created_at], [updated_at]) VALUES (N'EA000228', N'S2024046', N'A008', N'A', N'A', 0, N'LOCAL', N'ENROLLED', CONVERT(datetime2, '2026-05-28 00:00:00', 120), CONVERT(datetime2, '2026-05-28 00:00:00', 120));
INSERT INTO [dbo].[EnrollmentLog] ([enrollment_id], [student_id], [course_id], [source_college_id], [target_college_id], [score], [origin], [status], [created_at], [updated_at]) VALUES (N'EA000229', N'S2024046', N'A009', N'A', N'A', 0, N'LOCAL', N'ENROLLED', CONVERT(datetime2, '2026-05-28 00:00:00', 120), CONVERT(datetime2, '2026-05-28 00:00:00', 120));
INSERT INTO [dbo].[EnrollmentLog] ([enrollment_id], [student_id], [course_id], [source_college_id], [target_college_id], [score], [origin], [status], [created_at], [updated_at]) VALUES (N'EA000230', N'S2024046', N'A010', N'A', N'A', 0, N'LOCAL', N'ENROLLED', CONVERT(datetime2, '2026-05-28 00:00:00', 120), CONVERT(datetime2, '2026-05-28 00:00:00', 120));
INSERT INTO [dbo].[EnrollmentLog] ([enrollment_id], [student_id], [course_id], [source_college_id], [target_college_id], [score], [origin], [status], [created_at], [updated_at]) VALUES (N'EA000231', N'S2024047', N'A007', N'A', N'A', 0, N'LOCAL', N'ENROLLED', CONVERT(datetime2, '2026-05-28 00:00:00', 120), CONVERT(datetime2, '2026-05-28 00:00:00', 120));
INSERT INTO [dbo].[EnrollmentLog] ([enrollment_id], [student_id], [course_id], [source_college_id], [target_college_id], [score], [origin], [status], [created_at], [updated_at]) VALUES (N'EA000232', N'S2024047', N'A008', N'A', N'A', 0, N'LOCAL', N'ENROLLED', CONVERT(datetime2, '2026-05-28 00:00:00', 120), CONVERT(datetime2, '2026-05-28 00:00:00', 120));
INSERT INTO [dbo].[EnrollmentLog] ([enrollment_id], [student_id], [course_id], [source_college_id], [target_college_id], [score], [origin], [status], [created_at], [updated_at]) VALUES (N'EA000233', N'S2024047', N'A009', N'A', N'A', 0, N'LOCAL', N'ENROLLED', CONVERT(datetime2, '2026-05-28 00:00:00', 120), CONVERT(datetime2, '2026-05-28 00:00:00', 120));
INSERT INTO [dbo].[EnrollmentLog] ([enrollment_id], [student_id], [course_id], [source_college_id], [target_college_id], [score], [origin], [status], [created_at], [updated_at]) VALUES (N'EA000234', N'S2024047', N'A010', N'A', N'A', 0, N'LOCAL', N'ENROLLED', CONVERT(datetime2, '2026-05-28 00:00:00', 120), CONVERT(datetime2, '2026-05-28 00:00:00', 120));
INSERT INTO [dbo].[EnrollmentLog] ([enrollment_id], [student_id], [course_id], [source_college_id], [target_college_id], [score], [origin], [status], [created_at], [updated_at]) VALUES (N'EA000235', N'S2024047', N'A001', N'A', N'A', 0, N'LOCAL', N'ENROLLED', CONVERT(datetime2, '2026-05-28 00:00:00', 120), CONVERT(datetime2, '2026-05-28 00:00:00', 120));
INSERT INTO [dbo].[EnrollmentLog] ([enrollment_id], [student_id], [course_id], [source_college_id], [target_college_id], [score], [origin], [status], [created_at], [updated_at]) VALUES (N'EA000236', N'S2024048', N'A008', N'A', N'A', 0, N'LOCAL', N'ENROLLED', CONVERT(datetime2, '2026-05-28 00:00:00', 120), CONVERT(datetime2, '2026-05-28 00:00:00', 120));
INSERT INTO [dbo].[EnrollmentLog] ([enrollment_id], [student_id], [course_id], [source_college_id], [target_college_id], [score], [origin], [status], [created_at], [updated_at]) VALUES (N'EA000237', N'S2024048', N'A009', N'A', N'A', 0, N'LOCAL', N'ENROLLED', CONVERT(datetime2, '2026-05-28 00:00:00', 120), CONVERT(datetime2, '2026-05-28 00:00:00', 120));
INSERT INTO [dbo].[EnrollmentLog] ([enrollment_id], [student_id], [course_id], [source_college_id], [target_college_id], [score], [origin], [status], [created_at], [updated_at]) VALUES (N'EA000238', N'S2024048', N'A010', N'A', N'A', 0, N'LOCAL', N'ENROLLED', CONVERT(datetime2, '2026-05-28 00:00:00', 120), CONVERT(datetime2, '2026-05-28 00:00:00', 120));
INSERT INTO [dbo].[EnrollmentLog] ([enrollment_id], [student_id], [course_id], [source_college_id], [target_college_id], [score], [origin], [status], [created_at], [updated_at]) VALUES (N'EA000239', N'S2024048', N'A001', N'A', N'A', 0, N'LOCAL', N'ENROLLED', CONVERT(datetime2, '2026-05-28 00:00:00', 120), CONVERT(datetime2, '2026-05-28 00:00:00', 120));
INSERT INTO [dbo].[EnrollmentLog] ([enrollment_id], [student_id], [course_id], [source_college_id], [target_college_id], [score], [origin], [status], [created_at], [updated_at]) VALUES (N'EA000240', N'S2024048', N'A002', N'A', N'A', 0, N'LOCAL', N'ENROLLED', CONVERT(datetime2, '2026-05-28 00:00:00', 120), CONVERT(datetime2, '2026-05-28 00:00:00', 120));
INSERT INTO [dbo].[EnrollmentLog] ([enrollment_id], [student_id], [course_id], [source_college_id], [target_college_id], [score], [origin], [status], [created_at], [updated_at]) VALUES (N'EA000241', N'S2024049', N'A009', N'A', N'A', 0, N'LOCAL', N'ENROLLED', CONVERT(datetime2, '2026-05-28 00:00:00', 120), CONVERT(datetime2, '2026-05-28 00:00:00', 120));
INSERT INTO [dbo].[EnrollmentLog] ([enrollment_id], [student_id], [course_id], [source_college_id], [target_college_id], [score], [origin], [status], [created_at], [updated_at]) VALUES (N'EA000242', N'S2024049', N'A010', N'A', N'A', 0, N'LOCAL', N'ENROLLED', CONVERT(datetime2, '2026-05-28 00:00:00', 120), CONVERT(datetime2, '2026-05-28 00:00:00', 120));
INSERT INTO [dbo].[EnrollmentLog] ([enrollment_id], [student_id], [course_id], [source_college_id], [target_college_id], [score], [origin], [status], [created_at], [updated_at]) VALUES (N'EA000243', N'S2024049', N'A001', N'A', N'A', 0, N'LOCAL', N'ENROLLED', CONVERT(datetime2, '2026-05-28 00:00:00', 120), CONVERT(datetime2, '2026-05-28 00:00:00', 120));
INSERT INTO [dbo].[EnrollmentLog] ([enrollment_id], [student_id], [course_id], [source_college_id], [target_college_id], [score], [origin], [status], [created_at], [updated_at]) VALUES (N'EA000244', N'S2024049', N'A002', N'A', N'A', 0, N'LOCAL', N'ENROLLED', CONVERT(datetime2, '2026-05-28 00:00:00', 120), CONVERT(datetime2, '2026-05-28 00:00:00', 120));
INSERT INTO [dbo].[EnrollmentLog] ([enrollment_id], [student_id], [course_id], [source_college_id], [target_college_id], [score], [origin], [status], [created_at], [updated_at]) VALUES (N'EA000245', N'S2024049', N'A003', N'A', N'A', 0, N'LOCAL', N'ENROLLED', CONVERT(datetime2, '2026-05-28 00:00:00', 120), CONVERT(datetime2, '2026-05-28 00:00:00', 120));
INSERT INTO [dbo].[EnrollmentLog] ([enrollment_id], [student_id], [course_id], [source_college_id], [target_college_id], [score], [origin], [status], [created_at], [updated_at]) VALUES (N'EA000246', N'S2024050', N'A010', N'A', N'A', 0, N'LOCAL', N'ENROLLED', CONVERT(datetime2, '2026-05-28 00:00:00', 120), CONVERT(datetime2, '2026-05-28 00:00:00', 120));
INSERT INTO [dbo].[EnrollmentLog] ([enrollment_id], [student_id], [course_id], [source_college_id], [target_college_id], [score], [origin], [status], [created_at], [updated_at]) VALUES (N'EA000247', N'S2024050', N'A001', N'A', N'A', 0, N'LOCAL', N'ENROLLED', CONVERT(datetime2, '2026-05-28 00:00:00', 120), CONVERT(datetime2, '2026-05-28 00:00:00', 120));
INSERT INTO [dbo].[EnrollmentLog] ([enrollment_id], [student_id], [course_id], [source_college_id], [target_college_id], [score], [origin], [status], [created_at], [updated_at]) VALUES (N'EA000248', N'S2024050', N'A002', N'A', N'A', 0, N'LOCAL', N'ENROLLED', CONVERT(datetime2, '2026-05-28 00:00:00', 120), CONVERT(datetime2, '2026-05-28 00:00:00', 120));
INSERT INTO [dbo].[EnrollmentLog] ([enrollment_id], [student_id], [course_id], [source_college_id], [target_college_id], [score], [origin], [status], [created_at], [updated_at]) VALUES (N'EA000249', N'S2024050', N'A003', N'A', N'A', 0, N'LOCAL', N'ENROLLED', CONVERT(datetime2, '2026-05-28 00:00:00', 120), CONVERT(datetime2, '2026-05-28 00:00:00', 120));
INSERT INTO [dbo].[EnrollmentLog] ([enrollment_id], [student_id], [course_id], [source_college_id], [target_college_id], [score], [origin], [status], [created_at], [updated_at]) VALUES (N'EA000250', N'S2024050', N'A004', N'A', N'A', 0, N'LOCAL', N'ENROLLED', CONVERT(datetime2, '2026-05-28 00:00:00', 120), CONVERT(datetime2, '2026-05-28 00:00:00', 120));
GO
